target,loss,explainer,metric,threshold,archived_value,recomputed_value,absolute_difference,within_0_02,cause_status,baseline_gate_use,construct_gate_use
1D3G-BRE,MSE,diff,acc_test,50,0.5989159032182289,0.6394140742977951,0.040498171079566214,False,difference_recorded,yes_collectively_via_any_cell_with_abs_diff_le_0.02,no
1D3G-BRE,MSE,diff,acc_test,55,0.5989159032182289,0.6394140742977951,0.040498171079566214,False,difference_recorded,yes_collectively_via_any_cell_with_abs_diff_le_0.02,no
1D3G-BRE,MSE,diff,acc_test,60,0.5989159032182289,0.6394140742977951,0.040498171079566214,False,difference_recorded,yes_collectively_via_any_cell_with_abs_diff_le_0.02,no
1D3G-BRE,MSE,diff,acc_test,65,0.5852650874224479,0.6447304810248973,0.0594653936024494,False,difference_recorded,yes_collectively_via_any_cell_with_abs_diff_le_0.02,no
1D3G-BRE,MSE,diff,acc_test,70,0.585,0.6433061224489794,0.05830612244897948,False,difference_recorded,yes_collectively_via_any_cell_with_abs_diff_le_0.02,no
1D3G-BRE,MSE,diff,acc_test,75,0.4823232323232323,0.5730639730639732,0.09074074074074084,False,difference_recorded,yes_collectively_via_any_cell_with_abs_diff_le_0.02,no
1D3G-BRE,MSE,diff,acc_test,80,0.4346153846153847,0.5512820512820513,0.11666666666666664,False,difference_recorded,yes_collectively_via_any_cell_with_abs_diff_le_0.02,no
1D3G-BRE,MSE,diff,acc_test,85,0.4054054054054054,0.6306306306306307,0.22522522522522537,False,difference_recorded,yes_collectively_via_any_cell_with_abs_diff_le_0.02,no
1D3G-BRE,MSE,diff,acc_test,90,0.5277777777777778,0.75,0.2222222222222222,False,difference_recorded,yes_collectively_via_any_cell_with_abs_diff_le_0.02,no
1D3G-BRE,MSE,diff,acc_test,95,0.5,0.8333333333333334,0.33333333333333337,False,difference_recorded,yes_collectively_via_any_cell_with_abs_diff_le_0.02,no
1D3G-BRE,MSE,diff,f1_test,50,0.5847183929421673,0.5281493011192775,0.05656909182288983,False,difference_recorded,yes_collectively_via_any_cell_with_abs_diff_le_0.02,no
1D3G-BRE,MSE,diff,f1_test,55,0.5847183929421673,0.5281493011192775,0.05656909182288983,False,difference_recorded,yes_collectively_via_any_cell_with_abs_diff_le_0.02,no
1D3G-BRE,MSE,diff,f1_test,60,0.5847183929421673,0.5281493011192775,0.05656909182288983,False,difference_recorded,yes_collectively_via_any_cell_with_abs_diff_le_0.02,no
1D3G-BRE,MSE,diff,f1_test,65,0.5691473219392003,0.534198958534581,0.034948363404619265,False,difference_recorded,yes_collectively_via_any_cell_with_abs_diff_le_0.02,no
1D3G-BRE,MSE,diff,f1_test,70,0.5699166230594804,0.5320636823493965,0.03785294071008394,False,difference_recorded,yes_collectively_via_any_cell_with_abs_diff_le_0.02,no
1D3G-BRE,MSE,diff,f1_test,75,0.4134199134199133,0.46969113938810897,0.05627122596819567,False,difference_recorded,yes_collectively_via_any_cell_with_abs_diff_le_0.02,no
1D3G-BRE,MSE,diff,f1_test,80,0.3593406593406593,0.47711843711843716,0.11777777777777787,False,difference_recorded,yes_collectively_via_any_cell_with_abs_diff_le_0.02,no
1D3G-BRE,MSE,diff,f1_test,85,0.3288288288288288,0.5747747747747748,0.245945945945946,False,difference_recorded,yes_collectively_via_any_cell_with_abs_diff_le_0.02,no
1D3G-BRE,MSE,diff,f1_test,90,0.5,0.6666666666666666,0.16666666666666663,False,difference_recorded,yes_collectively_via_any_cell_with_abs_diff_le_0.02,no
1D3G-BRE,MSE,diff,f1_test,95,0.5,0.8333333333333334,0.33333333333333337,False,difference_recorded,yes_collectively_via_any_cell_with_abs_diff_le_0.02,no
1D3G-BRE,MSE,diff,global_dir_test,50,0.8256880733944955,0.8348623853211009,0.00917431192660545,True,difference_recorded,yes_collectively_via_any_cell_with_abs_diff_le_0.02,no
1D3G-BRE,MSE,diff,global_dir_test,55,0.8256880733944955,0.8348623853211009,0.00917431192660545,True,difference_recorded,yes_collectively_via_any_cell_with_abs_diff_le_0.02,no
1D3G-BRE,MSE,diff,global_dir_test,60,0.8256880733944955,0.8348623853211009,0.00917431192660545,True,difference_recorded,yes_collectively_via_any_cell_with_abs_diff_le_0.02,no
1D3G-BRE,MSE,diff,global_dir_test,65,0.82,0.83,0.010000000000000009,True,difference_recorded,yes_collectively_via_any_cell_with_abs_diff_le_0.02,no
1D3G-BRE,MSE,diff,global_dir_test,70,0.8089887640449438,0.8089887640449438,0.0,True,established,yes_collectively_via_any_cell_with_abs_diff_le_0.02,no
1D3G-BRE,MSE,diff,global_dir_test,75,0.6666666666666666,0.6862745098039216,0.019607843137254943,True,difference_recorded,yes_collectively_via_any_cell_with_abs_diff_le_0.02,no
1D3G-BRE,MSE,diff,global_dir_test,80,0.6470588235294118,0.6470588235294118,0.0,True,established,yes_collectively_via_any_cell_with_abs_diff_le_0.02,no
1D3G-BRE,MSE,diff,global_dir_test,85,0.55,0.75,0.19999999999999996,False,difference_recorded,yes_collectively_via_any_cell_with_abs_diff_le_0.02,no
1D3G-BRE,MSE,diff,global_dir_test,90,0.7,0.8,0.10000000000000009,False,difference_recorded,yes_collectively_via_any_cell_with_abs_diff_le_0.02,no
1D3G-BRE,MSE,diff,global_dir_test,95,0.75,0.75,0.0,True,established,yes_collectively_via_any_cell_with_abs_diff_le_0.02,no
1D3G-BRE,MSE,diff,local_dir_test,50,0.7909604519774012,0.7796610169491526,0.011299435028248594,True,difference_recorded,yes_collectively_via_any_cell_with_abs_diff_le_0.02,no
1D3G-BRE,MSE,diff,local_dir_test,55,0.7909604519774012,0.7796610169491526,0.011299435028248594,True,difference_recorded,yes_collectively_via_any_cell_with_abs_diff_le_0.02,no
1D3G-BRE,MSE,diff,local_dir_test,60,0.7909604519774012,0.7796610169491526,0.011299435028248594,True,difference_recorded,yes_collectively_via_any_cell_with_abs_diff_le_0.02,no
1D3G-BRE,MSE,diff,local_dir_test,65,0.779874213836478,0.779874213836478,0.0,True,established,yes_collectively_via_any_cell_with_abs_diff_le_0.02,no
1D3G-BRE,MSE,diff,local_dir_test,70,0.7689393939393939,0.7613636363636364,0.007575757575757569,True,difference_recorded,yes_collectively_via_any_cell_with_abs_diff_le_0.02,no
1D3G-BRE,MSE,diff,local_dir_test,75,0.6884057971014492,0.6594202898550725,0.02898550724637672,False,difference_recorded,yes_collectively_via_any_cell_with_abs_diff_le_0.02,no
1D3G-BRE,MSE,diff,local_dir_test,80,0.6666666666666666,0.6296296296296297,0.03703703703703698,False,difference_recorded,yes_collectively_via_any_cell_with_abs_diff_le_0.02,no
1D3G-BRE,MSE,diff,local_dir_test,85,0.6458333333333334,0.6875,0.04166666666666663,False,difference_recorded,yes_collectively_via_any_cell_with_abs_diff_le_0.02,no
1D3G-BRE,MSE,diff,local_dir_test,90,0.8,0.8,0.0,True,established,yes_collectively_via_any_cell_with_abs_diff_le_0.02,no
1D3G-BRE,MSE,diff,local_dir_test,95,1.0,1.0,0.0,True,established,yes_collectively_via_any_cell_with_abs_diff_le_0.02,no
