role,path_relative_to_project_root,bytes,sha256
sentinel_data_rawtest,molecular_xai_construct/source_data/molucn_rawtest/data/1D3G-BRE/1D3G-BRE_seed_1337_test.pt,2084659,9F6C4ED106CD500EA56FA5040B335471DB39B219D6E1AEE3C7FFD592A77D975C
sentinel_data_full_archive,molecular_xai_construct/source_data/molucn/data/1D3G-BRE/1D3G-BRE_seed_1337_test.pt,2084659,9F6C4ED106CD500EA56FA5040B335471DB39B219D6E1AEE3C7FFD592A77D975C
sentinel_color_rawtest,molecular_xai_construct/source_data/molucn_rawtest/colors/diff/1D3G-BRE/1D3G-BRE_seed_1337_nn_MSE_mean_1.0_diff_test.pt,28386,E3A17C395053F9F5926219771158F68ADEEBC75F2755D290360E6CE1F4919FD2
sentinel_color_full_archive,molecular_xai_construct/source_data/molucn/colors/diff/1D3G-BRE/1D3G-BRE_seed_1337_nn_MSE_mean_1.0_diff_test.pt,28386,E3A17C395053F9F5926219771158F68ADEEBC75F2755D290360E6CE1F4919FD2
archived_statistics,molecular_xai_construct/source_data/molucn/results/mcs_attr_scores_350_stats_lin2.csv,15225260,83A482B0BD40DCA823011C7C96E73EC4FC3B2DD56C5B1E655CB5ACC894119A18
current_explain_color_code,molecular_xai_construct/reference/molucn/molucn/evaluation/explain_color.py,3153,F850B3C3655B11D17A5DE469D3DD485FBA7D2A82087A2AC0184AA17503A35C7D
current_global_direction_code,molecular_xai_construct/reference/molucn/molucn/evaluation/explain_direction_global.py,2983,6B029657B14C2ABD2ED7688E6E53F06854E38258E4C10C87D6300ABAAB3271FC
current_local_direction_code,molecular_xai_construct/reference/molucn/molucn/evaluation/explain_direction_local.py,3825,2D8C1CA472BAB4B618490341C606E9D34D5C7DB48F95126BABA9A798316DE136
frozen_pilot_code,molecular_xai_construct/src/run_pilot.py,17139,18DE87C8974491B4E6B0D2CF7E689C147252AE68E09F3C52AEB437856BA1668E
