target,loss,explainer,n_pairs,n_flipped,flip_rate
1CKP-PVB,MSE,cam,214,33,0.1542056074766355
1CKP-PVB,MSE,diff,214,7,0.03271028037383177
1CKP-PVB,MSE,gradcam,214,55,0.2570093457943925
1CKP-PVB,MSE,gradinput,214,26,0.12149532710280374
1CKP-PVB,MSE,ig,214,15,0.07009345794392523
1CKP-PVB,MSE,shap,214,36,0.16822429906542055
1D3G-BRE,MSE,cam,109,13,0.11926605504587157
1D3G-BRE,MSE,diff,109,9,0.08256880733944955
1D3G-BRE,MSE,gradcam,109,33,0.30275229357798167
1D3G-BRE,MSE,gradinput,109,30,0.27522935779816515
1D3G-BRE,MSE,ig,109,6,0.05504587155963303
1D3G-BRE,MSE,shap,109,30,0.27522935779816515
1D7X-SPC,MSE,cam,634,129,0.20347003154574134
1D7X-SPC,MSE,diff,634,32,0.050473186119873815
1D7X-SPC,MSE,gradcam,634,47,0.07413249211356467
1D7X-SPC,MSE,gradinput,634,70,0.11041009463722397
1D7X-SPC,MSE,ig,634,37,0.0583596214511041
1D7X-SPC,MSE,shap,634,156,0.24605678233438485
1D8M-BBH,MSE,cam,31,5,0.16129032258064516
1D8M-BBH,MSE,diff,31,1,0.03225806451612903
1D8M-BBH,MSE,gradcam,31,3,0.0967741935483871
1D8M-BBH,MSE,gradinput,31,3,0.0967741935483871
1D8M-BBH,MSE,ig,31,4,0.12903225806451613
1D8M-BBH,MSE,shap,31,5,0.16129032258064516
1DB4-8IN,MSE,cam,2200,446,0.20272727272727273
1DB4-8IN,MSE,diff,2200,175,0.07954545454545454
1DB4-8IN,MSE,gradcam,2200,338,0.15363636363636363
1DB4-8IN,MSE,gradinput,2200,211,0.0959090909090909
1DB4-8IN,MSE,ig,2200,342,0.15545454545454546
1DB4-8IN,MSE,shap,2200,594,0.27
1DYR-TOP,MSE,cam,85,13,0.15294117647058825
1DYR-TOP,MSE,diff,85,2,0.023529411764705882
1DYR-TOP,MSE,gradcam,85,16,0.18823529411764706
1DYR-TOP,MSE,gradinput,85,24,0.2823529411764706
1DYR-TOP,MSE,ig,85,12,0.1411764705882353
1DYR-TOP,MSE,shap,85,23,0.27058823529411763
1EZQ-RPR,MSE,cam,13,0,0.0
1EZQ-RPR,MSE,diff,13,4,0.3076923076923077
1EZQ-RPR,MSE,gradcam,13,2,0.15384615384615385
1EZQ-RPR,MSE,gradinput,13,0,0.0
1EZQ-RPR,MSE,ig,13,1,0.07692307692307693
1EZQ-RPR,MSE,shap,13,3,0.23076923076923078
1F0R-815,MSE,cam,229,28,0.1222707423580786
1F0R-815,MSE,diff,229,7,0.03056768558951965
1F0R-815,MSE,gradcam,229,12,0.05240174672489083
1F0R-815,MSE,gradinput,229,26,0.11353711790393013
1F0R-815,MSE,ig,229,9,0.039301310043668124
1F0R-815,MSE,shap,229,71,0.31004366812227074
1F40-GPI,MSE,cam,67,2,0.029850746268656716
1F40-GPI,MSE,diff,67,7,0.1044776119402985
1F40-GPI,MSE,gradcam,67,8,0.11940298507462686
1F40-GPI,MSE,gradinput,67,9,0.13432835820895522
1F40-GPI,MSE,ig,67,2,0.029850746268656716
1F40-GPI,MSE,shap,67,10,0.14925373134328357
1FLS-WAY,MSE,cam,439,37,0.08428246013667426
1FLS-WAY,MSE,diff,439,18,0.04100227790432802
1FLS-WAY,MSE,gradcam,439,65,0.1480637813211845
1FLS-WAY,MSE,gradinput,439,68,0.1548974943052392
1FLS-WAY,MSE,ig,439,28,0.06378132118451026
1FLS-WAY,MSE,shap,439,116,0.2642369020501139
1FM9-570,MSE,cam,136,21,0.15441176470588236
1FM9-570,MSE,diff,136,9,0.0661764705882353
1FM9-570,MSE,gradcam,136,10,0.07352941176470588
1FM9-570,MSE,gradinput,136,23,0.16911764705882354
1FM9-570,MSE,ig,136,12,0.08823529411764706
1FM9-570,MSE,shap,136,44,0.3235294117647059
1G5S-I17,MSE,cam,1298,301,0.23189522342064714
1G5S-I17,MSE,diff,1298,147,0.11325115562403698
1G5S-I17,MSE,gradcam,1298,282,0.2172573189522342
1G5S-I17,MSE,gradinput,1298,214,0.16486902927580893
1G5S-I17,MSE,ig,1298,47,0.0362095531587057
1G5S-I17,MSE,shap,1298,351,0.27041602465331277
1H00-FAP,MSE,cam,43,2,0.046511627906976744
1H00-FAP,MSE,diff,43,1,0.023255813953488372
1H00-FAP,MSE,gradcam,43,0,0.0
1H00-FAP,MSE,gradinput,43,0,0.0
1H00-FAP,MSE,ig,43,1,0.023255813953488372
1H00-FAP,MSE,shap,43,12,0.27906976744186046
1H01-FAL,MSE,cam,34,11,0.3235294117647059
1H01-FAL,MSE,diff,34,0,0.0
1H01-FAL,MSE,gradcam,34,8,0.23529411764705882
1H01-FAL,MSE,gradinput,34,5,0.14705882352941177
1H01-FAL,MSE,ig,34,0,0.0
1H01-FAL,MSE,shap,34,10,0.29411764705882354
1H1Q-2A6,MSE,cam,92,11,0.11956521739130435
1H1Q-2A6,MSE,diff,92,7,0.07608695652173914
1H1Q-2A6,MSE,gradcam,92,9,0.09782608695652174
1H1Q-2A6,MSE,gradinput,92,6,0.06521739130434782
1H1Q-2A6,MSE,ig,92,4,0.043478260869565216
1H1Q-2A6,MSE,shap,92,24,0.2608695652173913
1H1R-6CP,MSE,cam,100,50,0.5
1H1R-6CP,MSE,diff,100,6,0.06
1H1R-6CP,MSE,gradcam,100,5,0.05
1H1R-6CP,MSE,gradinput,100,7,0.07
1H1R-6CP,MSE,ig,100,11,0.11
1H1R-6CP,MSE,shap,100,22,0.22
1HVY-D16,MSE,cam,268,32,0.11940298507462686
1HVY-D16,MSE,diff,268,11,0.041044776119402986
1HVY-D16,MSE,gradcam,268,6,0.022388059701492536
1HVY-D16,MSE,gradinput,268,15,0.055970149253731345
1HVY-D16,MSE,ig,268,23,0.08582089552238806
1HVY-D16,MSE,shap,268,91,0.33955223880597013
1HY7-MBS,MSE,cam,300,80,0.26666666666666666
1HY7-MBS,MSE,diff,300,23,0.07666666666666666
1HY7-MBS,MSE,gradcam,300,79,0.2633333333333333
1HY7-MBS,MSE,gradinput,300,35,0.11666666666666667
1HY7-MBS,MSE,ig,300,31,0.10333333333333333
1HY7-MBS,MSE,shap,300,74,0.24666666666666667
1IPC-MGP,MSE,cam,48,3,0.0625
1IPC-MGP,MSE,diff,48,1,0.020833333333333332
1IPC-MGP,MSE,gradcam,48,9,0.1875
1IPC-MGP,MSE,gradinput,48,1,0.020833333333333332
1IPC-MGP,MSE,ig,48,1,0.020833333333333332
1IPC-MGP,MSE,shap,48,16,0.3333333333333333
1KE5-LS1,MSE,cam,44,9,0.20454545454545456
1KE5-LS1,MSE,diff,44,1,0.022727272727272728
1KE5-LS1,MSE,gradcam,44,4,0.09090909090909091
1KE5-LS1,MSE,gradinput,44,1,0.022727272727272728
1KE5-LS1,MSE,ig,44,1,0.022727272727272728
1KE5-LS1,MSE,shap,44,9,0.20454545454545456
1KE9-LS5,MSE,cam,44,10,0.22727272727272727
1KE9-LS5,MSE,diff,44,0,0.0
1KE9-LS5,MSE,gradcam,44,15,0.3409090909090909
1KE9-LS5,MSE,gradinput,44,8,0.18181818181818182
1KE9-LS5,MSE,ig,44,6,0.13636363636363635
1KE9-LS5,MSE,shap,44,7,0.1590909090909091
1KLK-PMD,MSE,cam,35,2,0.05714285714285714
1KLK-PMD,MSE,diff,35,1,0.02857142857142857
1KLK-PMD,MSE,gradcam,35,5,0.14285714285714285
1KLK-PMD,MSE,gradinput,35,2,0.05714285714285714
1KLK-PMD,MSE,ig,35,2,0.05714285714285714
1KLK-PMD,MSE,shap,35,11,0.3142857142857143
1KMS-LIH,MSE,cam,265,114,0.43018867924528303
1KMS-LIH,MSE,diff,265,21,0.07924528301886792
1KMS-LIH,MSE,gradcam,265,21,0.07924528301886792
1KMS-LIH,MSE,gradinput,265,41,0.15471698113207547
1KMS-LIH,MSE,ig,265,20,0.07547169811320754
1KMS-LIH,MSE,shap,265,55,0.20754716981132076
1LD8-U49,MSE,cam,708,80,0.11299435028248588
1LD8-U49,MSE,diff,708,54,0.07627118644067797
1LD8-U49,MSE,gradcam,708,78,0.11016949152542373
1LD8-U49,MSE,gradinput,708,32,0.04519774011299435
1LD8-U49,MSE,ig,708,87,0.1228813559322034
1LD8-U49,MSE,shap,708,149,0.21045197740112995
1LJT-HDI,MSE,cam,17,5,0.29411764705882354
1LJT-HDI,MSE,diff,17,2,0.11764705882352941
1LJT-HDI,MSE,gradcam,17,3,0.17647058823529413
1LJT-HDI,MSE,gradinput,17,2,0.11764705882352941
1LJT-HDI,MSE,ig,17,2,0.11764705882352941
1LJT-HDI,MSE,shap,17,1,0.058823529411764705
1LY3-COG,MSE,cam,80,36,0.45
1LY3-COG,MSE,diff,80,5,0.0625
1LY3-COG,MSE,gradcam,80,12,0.15
1LY3-COG,MSE,gradinput,80,15,0.1875
1LY3-COG,MSE,ig,80,8,0.1
1LY3-COG,MSE,shap,80,15,0.1875
1M17-AQ4,MSE,cam,6319,944,0.14939072638075646
1M17-AQ4,MSE,diff,6319,418,0.06614970723215699
1M17-AQ4,MSE,gradcam,6319,1091,0.17265390093369204
1M17-AQ4,MSE,gradinput,6319,571,0.09036239911378383
1M17-AQ4,MSE,ig,6319,681,0.10777021680645672
1M17-AQ4,MSE,shap,6319,1861,0.2945086247824023
1MS6-BLN,MSE,cam,80,15,0.1875
1MS6-BLN,MSE,diff,80,3,0.0375
1MS6-BLN,MSE,gradcam,80,12,0.15
1MS6-BLN,MSE,gradinput,80,9,0.1125
1MS6-BLN,MSE,ig,80,12,0.15
1MS6-BLN,MSE,shap,80,11,0.1375
1MZC-BNE,MSE,cam,14,7,0.5
1MZC-BNE,MSE,diff,14,0,0.0
1MZC-BNE,MSE,gradcam,14,0,0.0
1MZC-BNE,MSE,gradinput,14,0,0.0
1MZC-BNE,MSE,ig,14,1,0.07142857142857142
1MZC-BNE,MSE,shap,14,2,0.14285714285714285
1N1M-A3M,MSE,cam,155,24,0.15483870967741936
1N1M-A3M,MSE,diff,155,20,0.12903225806451613
1N1M-A3M,MSE,gradcam,155,23,0.14838709677419354
1N1M-A3M,MSE,gradinput,155,22,0.14193548387096774
1N1M-A3M,MSE,ig,155,8,0.05161290322580645
1N1M-A3M,MSE,shap,155,30,0.1935483870967742
1NAV-IH5,MSE,cam,21,4,0.19047619047619047
1NAV-IH5,MSE,diff,21,1,0.047619047619047616
1NAV-IH5,MSE,gradcam,21,1,0.047619047619047616
1NAV-IH5,MSE,gradinput,21,1,0.047619047619047616
1NAV-IH5,MSE,ig,21,3,0.14285714285714285
1NAV-IH5,MSE,shap,21,2,0.09523809523809523
1NAX-IH5,MSE,cam,32,3,0.09375
1NAX-IH5,MSE,diff,32,1,0.03125
1NAX-IH5,MSE,gradcam,32,2,0.0625
1NAX-IH5,MSE,gradinput,32,3,0.09375
1NAX-IH5,MSE,ig,32,1,0.03125
1NAX-IH5,MSE,shap,32,5,0.15625
1NFU-RRP,MSE,cam,33,16,0.48484848484848486
1NFU-RRP,MSE,diff,33,2,0.06060606060606061
1NFU-RRP,MSE,gradcam,33,4,0.12121212121212122
1NFU-RRP,MSE,gradinput,33,9,0.2727272727272727
1NFU-RRP,MSE,ig,33,11,0.3333333333333333
1NFU-RRP,MSE,shap,33,9,0.2727272727272727
1O42-843,MSE,cam,275,90,0.32727272727272727
1O42-843,MSE,diff,275,33,0.12
1O42-843,MSE,gradcam,275,37,0.13454545454545455
1O42-843,MSE,gradinput,275,31,0.11272727272727273
1O42-843,MSE,ig,275,17,0.06181818181818182
1O42-843,MSE,shap,275,83,0.3018181818181818
1O46-903,MSE,cam,24,7,0.2916666666666667
1O46-903,MSE,diff,24,4,0.16666666666666666
1O46-903,MSE,gradcam,24,5,0.20833333333333334
1O46-903,MSE,gradinput,24,1,0.041666666666666664
1O46-903,MSE,ig,24,1,0.041666666666666664
1O46-903,MSE,shap,24,8,0.3333333333333333
1O86-LPR,MSE,cam,447,143,0.319910514541387
1O86-LPR,MSE,diff,447,53,0.1185682326621924
1O86-LPR,MSE,gradcam,447,112,0.2505592841163311
1O86-LPR,MSE,gradinput,447,77,0.17225950782997762
1O86-LPR,MSE,ig,447,44,0.09843400447427293
1O86-LPR,MSE,shap,447,128,0.28635346756152125
1OHJ-COP,MSE,cam,18,1,0.05555555555555555
1OHJ-COP,MSE,diff,18,1,0.05555555555555555
1OHJ-COP,MSE,gradcam,18,0,0.0
1OHJ-COP,MSE,gradinput,18,0,0.0
1OHJ-COP,MSE,ig,18,2,0.1111111111111111
1OHJ-COP,MSE,shap,18,4,0.2222222222222222
1OIQ-HDU,MSE,cam,17,4,0.23529411764705882
1OIQ-HDU,MSE,diff,17,4,0.23529411764705882
1OIQ-HDU,MSE,gradcam,17,0,0.0
1OIQ-HDU,MSE,gradinput,17,0,0.0
1OIQ-HDU,MSE,ig,17,2,0.11764705882352941
1OIQ-HDU,MSE,shap,17,6,0.35294117647058826
1OIR-HDY,MSE,cam,16,5,0.3125
1OIR-HDY,MSE,diff,16,0,0.0
1OIR-HDY,MSE,gradcam,16,1,0.0625
1OIR-HDY,MSE,gradinput,16,0,0.0
1OIR-HDY,MSE,ig,16,1,0.0625
1OIR-HDY,MSE,shap,16,6,0.375
1OYN-4RR,MSE,cam,201,29,0.14427860696517414
1OYN-4RR,MSE,diff,201,16,0.07960199004975124
1OYN-4RR,MSE,gradcam,201,33,0.16417910447761194
1OYN-4RR,MSE,gradinput,201,15,0.07462686567164178
1OYN-4RR,MSE,ig,201,4,0.01990049751243781
1OYN-4RR,MSE,shap,201,41,0.20398009950248755
1P2A-5BN,MSE,cam,15,5,0.3333333333333333
1P2A-5BN,MSE,diff,15,3,0.2
1P2A-5BN,MSE,gradcam,15,0,0.0
1P2A-5BN,MSE,gradinput,15,1,0.06666666666666667
1P2A-5BN,MSE,ig,15,1,0.06666666666666667
1P2A-5BN,MSE,shap,15,2,0.13333333333333333
1PYE-PM1,MSE,cam,27,15,0.5555555555555556
1PYE-PM1,MSE,diff,27,4,0.14814814814814814
1PYE-PM1,MSE,gradcam,27,6,0.2222222222222222
1PYE-PM1,MSE,gradinput,27,5,0.18518518518518517
1PYE-PM1,MSE,ig,27,2,0.07407407407407407
1PYE-PM1,MSE,shap,27,2,0.07407407407407407
1Q3W-ATU,MSE,cam,55,7,0.12727272727272726
1Q3W-ATU,MSE,diff,55,5,0.09090909090909091
1Q3W-ATU,MSE,gradcam,55,11,0.2
1Q3W-ATU,MSE,gradinput,55,2,0.03636363636363636
1Q3W-ATU,MSE,ig,55,5,0.09090909090909091
1Q3W-ATU,MSE,shap,55,10,0.18181818181818182
1Q4L-679,MSE,cam,48,4,0.08333333333333333
1Q4L-679,MSE,diff,48,4,0.08333333333333333
1Q4L-679,MSE,gradcam,48,5,0.10416666666666667
1Q4L-679,MSE,gradinput,48,28,0.5833333333333334
1Q4L-679,MSE,ig,48,0,0.0
1Q4L-679,MSE,shap,48,6,0.125
1Q6K-TCO,MSE,cam,39,18,0.46153846153846156
1Q6K-TCO,MSE,diff,39,7,0.1794871794871795
1Q6K-TCO,MSE,gradcam,39,7,0.1794871794871795
1Q6K-TCO,MSE,gradinput,39,9,0.23076923076923078
1Q6K-TCO,MSE,ig,39,7,0.1794871794871795
1Q6K-TCO,MSE,shap,39,10,0.2564102564102564
1R0E-DFN,MSE,cam,838,241,0.28758949880668255
1R0E-DFN,MSE,diff,838,81,0.09665871121718377
1R0E-DFN,MSE,gradcam,838,162,0.19331742243436753
1R0E-DFN,MSE,gradinput,838,102,0.12171837708830549
1R0E-DFN,MSE,ig,838,123,0.1467780429594272
1R0E-DFN,MSE,shap,838,209,0.2494033412887828
1RDT-570,MSE,cam,41,22,0.5365853658536586
1RDT-570,MSE,diff,41,3,0.07317073170731707
1RDT-570,MSE,gradcam,41,7,0.17073170731707318
1RDT-570,MSE,gradinput,41,1,0.024390243902439025
1RDT-570,MSE,ig,41,6,0.14634146341463414
1RDT-570,MSE,shap,41,10,0.24390243902439024
1RHR-CNE,MSE,cam,24,0,0.0
1RHR-CNE,MSE,diff,24,3,0.125
1RHR-CNE,MSE,gradcam,24,4,0.16666666666666666
1RHR-CNE,MSE,gradinput,24,2,0.08333333333333333
1RHR-CNE,MSE,ig,24,0,0.0
1RHR-CNE,MSE,shap,24,2,0.08333333333333333
1RNE-C60,MSE,cam,5614,1291,0.22996081225507659
1RNE-C60,MSE,diff,5614,667,0.11881011756323477
1RNE-C60,MSE,gradcam,5614,870,0.15496971856074102
1RNE-C60,MSE,gradinput,5614,975,0.17367296045600286
1RNE-C60,MSE,ig,5614,715,0.12736017100106875
1RWQ-5AP,MSE,cam,84,11,0.13095238095238096
1RWQ-5AP,MSE,diff,84,10,0.11904761904761904
1RWQ-5AP,MSE,gradcam,84,6,0.07142857142857142
1RWQ-5AP,MSE,gradinput,84,13,0.15476190476190477
1RWQ-5AP,MSE,ig,84,5,0.05952380952380952
1RWQ-5AP,MSE,shap,84,23,0.27380952380952384
1S63-778,MSE,cam,1011,214,0.21167161226508407
1S63-778,MSE,diff,1011,62,0.06132542037586548
1S63-778,MSE,gradcam,1011,84,0.0830860534124629
1S63-778,MSE,gradinput,1011,128,0.12660731948565776
1S63-778,MSE,ig,1011,129,0.12759643916913946
1S63-778,MSE,shap,1011,262,0.2591493570722057
1SA4-JAN,MSE,cam,18,8,0.4444444444444444
1SA4-JAN,MSE,diff,18,2,0.1111111111111111
1SA4-JAN,MSE,gradcam,18,2,0.1111111111111111
1SA4-JAN,MSE,gradinput,18,0,0.0
1SA4-JAN,MSE,ig,18,0,0.0
1SA4-JAN,MSE,shap,18,7,0.3888888888888889
1T69-SHH,MSE,cam,27,1,0.037037037037037035
1T69-SHH,MSE,diff,27,2,0.07407407407407407
1T69-SHH,MSE,gradcam,27,0,0.0
1T69-SHH,MSE,gradinput,27,0,0.0
1T69-SHH,MSE,ig,27,0,0.0
1T69-SHH,MSE,shap,27,3,0.1111111111111111
1TFQ-998,MSE,cam,320,75,0.234375
1TFQ-998,MSE,diff,320,36,0.1125
1TFQ-998,MSE,gradcam,320,15,0.046875
1TFQ-998,MSE,gradinput,320,35,0.109375
1TFQ-998,MSE,ig,320,13,0.040625
1TFQ-998,MSE,shap,320,68,0.2125
1TFT-997,MSE,cam,20,0,0.0
1TFT-997,MSE,diff,20,0,0.0
1TFT-997,MSE,gradcam,20,2,0.1
1TFT-997,MSE,gradinput,20,0,0.0
1TFT-997,MSE,ig,20,0,0.0
1TFT-997,MSE,shap,20,6,0.3
1TU6-FSP,MSE,cam,76,23,0.3026315789473684
1TU6-FSP,MSE,diff,76,9,0.11842105263157894
1TU6-FSP,MSE,gradcam,76,7,0.09210526315789473
1TU6-FSP,MSE,gradinput,76,11,0.14473684210526316
1TU6-FSP,MSE,ig,76,5,0.06578947368421052
1TU6-FSP,MSE,shap,76,27,0.35526315789473684
1UDT-VIA,MSE,cam,2353,359,0.152571185720357
1UDT-VIA,MSE,diff,2353,131,0.055673608159796
1UDT-VIA,MSE,gradcam,2353,274,0.11644708882277943
1UDT-VIA,MSE,gradinput,2353,289,0.1228219294517637
1UDT-VIA,MSE,ig,2353,237,0.10072248193795155
1UDT-VIA,MSE,shap,2353,737,0.31321716957076073
1UDU-CIA,MSE,cam,259,32,0.12355212355212356
1UDU-CIA,MSE,diff,259,18,0.0694980694980695
1UDU-CIA,MSE,gradcam,259,35,0.13513513513513514
1UDU-CIA,MSE,gradinput,259,21,0.08108108108108109
1UDU-CIA,MSE,ig,259,16,0.06177606177606178
1UDU-CIA,MSE,shap,259,51,0.1969111969111969
1UHO-VDN,MSE,cam,1087,126,0.11591536338546458
1UHO-VDN,MSE,diff,1087,80,0.07359705611775529
1UHO-VDN,MSE,gradcam,1087,84,0.07727690892364306
1UHO-VDN,MSE,gradinput,1087,125,0.11499540018399264
1UHO-VDN,MSE,ig,1087,126,0.11591536338546458
1UHO-VDN,MSE,shap,1087,326,0.2999080036798528
1UMT-0DS,MSE,cam,212,47,0.22169811320754718
1UMT-0DS,MSE,diff,212,15,0.07075471698113207
1UMT-0DS,MSE,gradcam,212,35,0.1650943396226415
1UMT-0DS,MSE,gradinput,212,33,0.15566037735849056
1UMT-0DS,MSE,ig,212,18,0.08490566037735849
1UMT-0DS,MSE,shap,212,74,0.3490566037735849
1UZF-X8Z,MSE,cam,143,34,0.23776223776223776
1UZF-X8Z,MSE,diff,143,8,0.055944055944055944
1UZF-X8Z,MSE,gradcam,143,20,0.13986013986013987
1UZF-X8Z,MSE,gradinput,143,16,0.11188811188811189
1UZF-X8Z,MSE,ig,143,22,0.15384615384615385
1UZF-X8Z,MSE,shap,143,23,0.16083916083916083
1VYW-292,MSE,cam,144,66,0.4583333333333333
1VYW-292,MSE,diff,144,3,0.020833333333333332
1VYW-292,MSE,gradcam,144,14,0.09722222222222222
1VYW-292,MSE,gradinput,144,11,0.0763888888888889
1VYW-292,MSE,ig,144,10,0.06944444444444445
1VYW-292,MSE,shap,144,27,0.1875
1W0X-OLO,MSE,cam,723,156,0.2157676348547718
1W0X-OLO,MSE,diff,723,24,0.03319502074688797
1W0X-OLO,MSE,gradcam,723,115,0.1590594744121715
1W0X-OLO,MSE,gradinput,723,74,0.10235131396957123
1W0X-OLO,MSE,ig,723,74,0.10235131396957123
1W0X-OLO,MSE,shap,723,208,0.28769017980636236
1X0N-DTF,MSE,cam,52,5,0.09615384615384616
1X0N-DTF,MSE,diff,52,0,0.0
1X0N-DTF,MSE,gradcam,52,5,0.09615384615384616
1X0N-DTF,MSE,gradinput,52,12,0.23076923076923078
1X0N-DTF,MSE,ig,52,2,0.038461538461538464
1X0N-DTF,MSE,shap,52,20,0.38461538461538464
1X8B-824,MSE,cam,1387,123,0.08868060562364816
1X8B-824,MSE,diff,1387,73,0.05263157894736842
1X8B-824,MSE,gradcam,1387,79,0.05695746214852199
1X8B-824,MSE,gradinput,1387,143,0.10310021629416005
1X8B-824,MSE,ig,1387,46,0.03316510454217736
1X8B-824,MSE,shap,1387,281,0.20259552992069213
1XJD-STO,MSE,cam,49,6,0.12244897959183673
1XJD-STO,MSE,diff,49,8,0.16326530612244897
1XJD-STO,MSE,gradcam,49,6,0.12244897959183673
1XJD-STO,MSE,gradinput,49,5,0.10204081632653061
1XJD-STO,MSE,ig,49,6,0.12244897959183673
1XJD-STO,MSE,shap,49,15,0.30612244897959184
1XKK-FMM,MSE,cam,67,10,0.14925373134328357
1XKK-FMM,MSE,diff,67,5,0.07462686567164178
1XKK-FMM,MSE,gradcam,67,4,0.05970149253731343
1XKK-FMM,MSE,gradinput,67,5,0.07462686567164178
1XKK-FMM,MSE,ig,67,2,0.029850746268656716
1XKK-FMM,MSE,shap,67,20,0.29850746268656714
1XOW-R18,MSE,cam,22,10,0.45454545454545453
1XOW-R18,MSE,diff,22,0,0.0
1XOW-R18,MSE,gradcam,22,0,0.0
1XOW-R18,MSE,gradinput,22,3,0.13636363636363635
1XOW-R18,MSE,ig,22,1,0.045454545454545456
1XOW-R18,MSE,shap,22,6,0.2727272727272727
1XS7-MMI,MSE,cam,50,15,0.3
1XS7-MMI,MSE,diff,50,14,0.28
1XS7-MMI,MSE,gradcam,50,5,0.1
1XS7-MMI,MSE,gradinput,50,2,0.04
1XS7-MMI,MSE,ig,50,9,0.18
1XS7-MMI,MSE,shap,50,10,0.2
1Y91-CT9,MSE,cam,112,50,0.44642857142857145
1Y91-CT9,MSE,diff,112,6,0.05357142857142857
1Y91-CT9,MSE,gradcam,112,13,0.11607142857142858
1Y91-CT9,MSE,gradinput,112,9,0.08035714285714286
1Y91-CT9,MSE,ig,112,9,0.08035714285714286
1Y91-CT9,MSE,shap,112,31,0.2767857142857143
1YHO-TOP,MSE,cam,20,4,0.2
1YHO-TOP,MSE,diff,20,0,0.0
1YHO-TOP,MSE,gradcam,20,1,0.05
1YHO-TOP,MSE,gradinput,20,4,0.2
1YHO-TOP,MSE,ig,20,1,0.05
1YHO-TOP,MSE,shap,20,5,0.25
1YRS-L47,MSE,cam,42,15,0.35714285714285715
1YRS-L47,MSE,diff,42,3,0.07142857142857142
1YRS-L47,MSE,gradcam,42,2,0.047619047619047616
1YRS-L47,MSE,gradinput,42,5,0.11904761904761904
1YRS-L47,MSE,ig,42,1,0.023809523809523808
1YRS-L47,MSE,shap,42,11,0.2619047619047619
1Z6E-IK8,MSE,cam,79,9,0.11392405063291139
1Z6E-IK8,MSE,diff,79,8,0.10126582278481013
1Z6E-IK8,MSE,gradcam,79,4,0.05063291139240506
1Z6E-IK8,MSE,gradinput,79,6,0.0759493670886076
1Z6E-IK8,MSE,ig,79,1,0.012658227848101266
1Z6E-IK8,MSE,shap,79,27,0.34177215189873417
1Z6J-PY3,MSE,cam,375,23,0.06133333333333333
1Z6J-PY3,MSE,diff,375,9,0.024
1Z6J-PY3,MSE,gradcam,375,42,0.112
1Z6J-PY3,MSE,gradinput,375,43,0.11466666666666667
1Z6J-PY3,MSE,ig,375,42,0.112
1Z6J-PY3,MSE,shap,375,70,0.18666666666666668
1ZD2-NC3,MSE,cam,318,66,0.20754716981132076
1ZD2-NC3,MSE,diff,318,29,0.09119496855345911
1ZD2-NC3,MSE,gradcam,318,23,0.07232704402515723
1ZD2-NC3,MSE,gradinput,318,52,0.16352201257861634
1ZD2-NC3,MSE,ig,318,32,0.10062893081761007
1ZD2-NC3,MSE,shap,318,72,0.22641509433962265
1ZFQ-ZEC,MSE,cam,15,4,0.26666666666666666
1ZFQ-ZEC,MSE,diff,15,0,0.0
1ZFQ-ZEC,MSE,gradcam,15,2,0.13333333333333333
1ZFQ-ZEC,MSE,gradinput,15,2,0.13333333333333333
1ZFQ-ZEC,MSE,ig,15,0,0.0
1ZFQ-ZEC,MSE,shap,15,5,0.3333333333333333
1ZTQ-033,MSE,cam,31,4,0.12903225806451613
1ZTQ-033,MSE,diff,31,5,0.16129032258064516
1ZTQ-033,MSE,gradcam,31,2,0.06451612903225806
1ZTQ-033,MSE,gradinput,31,9,0.2903225806451613
1ZTQ-033,MSE,ig,31,8,0.25806451612903225
1ZTQ-033,MSE,shap,31,10,0.3225806451612903
2A4L-RRC,MSE,cam,1066,150,0.14071294559099437
2A4L-RRC,MSE,diff,1066,91,0.08536585365853659
2A4L-RRC,MSE,gradcam,1066,187,0.175422138836773
2A4L-RRC,MSE,gradinput,1066,134,0.12570356472795496
2A4L-RRC,MSE,ig,1066,81,0.07598499061913697
2A4L-RRC,MSE,shap,1066,310,0.29080675422138835
2AEI-03R,MSE,cam,84,14,0.16666666666666666
2AEI-03R,MSE,diff,84,6,0.07142857142857142
2AEI-03R,MSE,gradcam,84,8,0.09523809523809523
2AEI-03R,MSE,gradinput,84,10,0.11904761904761904
2AEI-03R,MSE,ig,84,13,0.15476190476190477
2AEI-03R,MSE,shap,84,19,0.2261904761904762
2AUX-CT1,MSE,cam,32,4,0.125
2AUX-CT1,MSE,diff,32,0,0.0
2AUX-CT1,MSE,gradcam,32,0,0.0
2AUX-CT1,MSE,gradinput,32,2,0.0625
2AUX-CT1,MSE,ig,32,1,0.03125
2AUX-CT1,MSE,shap,32,11,0.34375
2AYP-43A,MSE,cam,32,10,0.3125
2AYP-43A,MSE,diff,32,0,0.0
2AYP-43A,MSE,gradcam,32,2,0.0625
2AYP-43A,MSE,gradinput,32,4,0.125
2AYP-43A,MSE,ig,32,1,0.03125
2AYP-43A,MSE,shap,32,10,0.3125
2B36-5PP,MSE,cam,18,1,0.05555555555555555
2B36-5PP,MSE,diff,18,2,0.1111111111111111
2B36-5PP,MSE,gradcam,18,1,0.05555555555555555
2B36-5PP,MSE,gradinput,18,0,0.0
2B36-5PP,MSE,ig,18,2,0.1111111111111111
2B36-5PP,MSE,shap,18,3,0.16666666666666666
2B52-D42,MSE,cam,32,0,0.0
2B52-D42,MSE,diff,32,0,0.0
2B52-D42,MSE,gradcam,32,0,0.0
2B52-D42,MSE,gradinput,32,0,0.0
2B52-D42,MSE,ig,32,0,0.0
2B52-D42,MSE,shap,32,7,0.21875
2B53-D23,MSE,cam,24,6,0.25
2B53-D23,MSE,diff,24,2,0.08333333333333333
2B53-D23,MSE,gradcam,24,1,0.041666666666666664
2B53-D23,MSE,gradinput,24,0,0.0
2B53-D23,MSE,ig,24,2,0.08333333333333333
2B53-D23,MSE,shap,24,7,0.2916666666666667
2B54-D05,MSE,cam,152,35,0.23026315789473684
2B54-D05,MSE,diff,152,30,0.19736842105263158
2B54-D05,MSE,gradcam,152,34,0.2236842105263158
2B54-D05,MSE,gradinput,152,14,0.09210526315789473
2B54-D05,MSE,ig,152,33,0.21710526315789475
2B54-D05,MSE,shap,152,39,0.2565789473684211
2B55-D31,MSE,cam,29,1,0.034482758620689655
2B55-D31,MSE,diff,29,2,0.06896551724137931
2B55-D31,MSE,gradcam,29,2,0.06896551724137931
2B55-D31,MSE,gradinput,29,1,0.034482758620689655
2B55-D31,MSE,ig,29,4,0.13793103448275862
2B55-D31,MSE,shap,29,7,0.2413793103448276
2BKT-RPF,MSE,cam,138,29,0.21014492753623187
2BKT-RPF,MSE,diff,138,8,0.057971014492753624
2BKT-RPF,MSE,gradcam,138,21,0.15217391304347827
2BKT-RPF,MSE,gradinput,138,16,0.11594202898550725
2BKT-RPF,MSE,ig,138,5,0.036231884057971016
2BKT-RPF,MSE,shap,138,30,0.21739130434782608
2BUB-FPB,MSE,cam,1826,374,0.20481927710843373
2BUB-FPB,MSE,diff,1826,161,0.08817086527929902
2BUB-FPB,MSE,gradcam,1826,247,0.13526834611171962
2BUB-FPB,MSE,gradinput,1826,292,0.15991237677984665
2BUB-FPB,MSE,ig,1826,296,0.16210295728368018
2BUB-FPB,MSE,shap,1826,482,0.26396495071193865
2CJI-GSK,MSE,cam,146,49,0.3356164383561644
2CJI-GSK,MSE,diff,146,14,0.0958904109589041
2CJI-GSK,MSE,gradcam,146,6,0.0410958904109589
2CJI-GSK,MSE,gradinput,146,24,0.1643835616438356
2CJI-GSK,MSE,ig,146,5,0.03424657534246575
2CJI-GSK,MSE,shap,146,50,0.3424657534246575
2CNF-F32,MSE,cam,140,8,0.05714285714285714
2CNF-F32,MSE,diff,140,1,0.007142857142857143
2CNF-F32,MSE,gradcam,140,4,0.02857142857142857
2CNF-F32,MSE,gradinput,140,6,0.04285714285714286
2CNF-F32,MSE,ig,140,2,0.014285714285714285
2CNF-F32,MSE,shap,140,41,0.29285714285714287
2CNG-IZE,MSE,cam,202,13,0.06435643564356436
2CNG-IZE,MSE,diff,202,19,0.09405940594059406
2CNG-IZE,MSE,gradcam,202,13,0.06435643564356436
2CNG-IZE,MSE,gradinput,202,27,0.13366336633663367
2CNG-IZE,MSE,ig,202,12,0.0594059405940594
2CNG-IZE,MSE,shap,202,46,0.22772277227722773
2CNH-IZB,MSE,cam,43,11,0.2558139534883721
2CNH-IZB,MSE,diff,43,4,0.09302325581395349
2CNH-IZB,MSE,gradcam,43,1,0.023255813953488372
2CNH-IZB,MSE,gradinput,43,0,0.0
2CNH-IZB,MSE,ig,43,1,0.023255813953488372
2CNH-IZB,MSE,shap,43,12,0.27906976744186046
2E2B-406,MSE,cam,158,24,0.1518987341772152
2E2B-406,MSE,diff,158,12,0.0759493670886076
2E2B-406,MSE,gradcam,158,23,0.14556962025316456
2E2B-406,MSE,gradinput,158,23,0.14556962025316456
2E2B-406,MSE,ig,158,19,0.12025316455696203
2E2B-406,MSE,shap,158,47,0.2974683544303797
2E9N-76A,MSE,cam,402,111,0.27611940298507465
2E9N-76A,MSE,diff,402,31,0.07711442786069651
2E9N-76A,MSE,gradcam,402,39,0.09701492537313433
2E9N-76A,MSE,gradinput,402,27,0.06716417910447761
2E9N-76A,MSE,ig,402,41,0.10199004975124377
2E9N-76A,MSE,shap,402,95,0.236318407960199
2E9P-77A,MSE,cam,2272,328,0.1443661971830986
2E9P-77A,MSE,diff,2272,178,0.07834507042253522
2E9P-77A,MSE,gradcam,2272,196,0.08626760563380281
2E9P-77A,MSE,gradinput,2272,211,0.09286971830985916
2E9P-77A,MSE,ig,2272,230,0.10123239436619719
2E9P-77A,MSE,shap,2272,697,0.3067781690140845
2EI6-D92,MSE,cam,300,85,0.2833333333333333
2EI6-D92,MSE,diff,300,12,0.04
2EI6-D92,MSE,gradcam,300,29,0.09666666666666666
2EI6-D92,MSE,gradinput,300,24,0.08
2EI6-D92,MSE,ig,300,28,0.09333333333333334
2EI6-D92,MSE,shap,300,98,0.32666666666666666
2ETM-7PY,MSE,cam,216,31,0.14351851851851852
2ETM-7PY,MSE,diff,216,19,0.08796296296296297
2ETM-7PY,MSE,gradcam,216,18,0.08333333333333333
2ETM-7PY,MSE,gradinput,216,14,0.06481481481481481
2ETM-7PY,MSE,ig,216,14,0.06481481481481481
2ETM-7PY,MSE,shap,216,47,0.2175925925925926
2EUF-LQQ,MSE,cam,1424,297,0.20856741573033707
2EUF-LQQ,MSE,diff,1424,108,0.07584269662921349
2EUF-LQQ,MSE,gradcam,1424,146,0.10252808988764045
2EUF-LQQ,MSE,gradinput,1424,138,0.09691011235955056
2EUF-LQQ,MSE,ig,1424,123,0.08637640449438203
2EUF-LQQ,MSE,shap,1424,420,0.2949438202247191
2F3E-AXQ,MSE,cam,21,0,0.0
2F3E-AXQ,MSE,diff,21,0,0.0
2F3E-AXQ,MSE,gradcam,21,3,0.14285714285714285
2F3E-AXQ,MSE,gradinput,21,5,0.23809523809523808
2F3E-AXQ,MSE,ig,21,3,0.14285714285714285
2F3E-AXQ,MSE,shap,21,5,0.23809523809523808
2F89-210,MSE,cam,56,10,0.17857142857142858
2F89-210,MSE,diff,56,1,0.017857142857142856
2F89-210,MSE,gradcam,56,7,0.125
2F89-210,MSE,gradinput,56,8,0.14285714285714285
2F89-210,MSE,ig,56,8,0.14285714285714285
2F89-210,MSE,shap,56,11,0.19642857142857142
2F8C-ZOL,MSE,cam,53,13,0.24528301886792453
2F8C-ZOL,MSE,diff,53,4,0.07547169811320754
2F8C-ZOL,MSE,gradcam,53,2,0.03773584905660377
2F8C-ZOL,MSE,gradinput,53,8,0.1509433962264151
2F8C-ZOL,MSE,ig,53,3,0.05660377358490566
2F8C-ZOL,MSE,shap,53,7,0.1320754716981132
2FME-3QC,MSE,cam,27,5,0.18518518518518517
2FME-3QC,MSE,diff,27,2,0.07407407407407407
2FME-3QC,MSE,gradcam,27,10,0.37037037037037035
2FME-3QC,MSE,gradinput,27,4,0.14814814814814814
2FME-3QC,MSE,ig,27,4,0.14814814814814814
2FME-3QC,MSE,shap,27,5,0.18518518518518517
2FPT-ILB,MSE,cam,49,7,0.14285714285714285
2FPT-ILB,MSE,diff,49,6,0.12244897959183673
2FPT-ILB,MSE,gradcam,49,2,0.04081632653061224
2FPT-ILB,MSE,gradinput,49,4,0.08163265306122448
2FPT-ILB,MSE,ig,49,10,0.20408163265306123
2FPT-ILB,MSE,shap,49,10,0.20408163265306123
2FWZ-H71,MSE,cam,326,147,0.450920245398773
2FWZ-H71,MSE,diff,326,41,0.12576687116564417
2FWZ-H71,MSE,gradcam,326,46,0.1411042944785276
2FWZ-H71,MSE,gradinput,326,23,0.0705521472392638
2FWZ-H71,MSE,ig,326,82,0.25153374233128833
2FWZ-H71,MSE,shap,326,59,0.18098159509202455
2G19-4HG,MSE,cam,47,10,0.2127659574468085
2G19-4HG,MSE,diff,47,4,0.0851063829787234
2G19-4HG,MSE,gradcam,47,1,0.02127659574468085
2G19-4HG,MSE,gradinput,47,11,0.23404255319148937
2G19-4HG,MSE,ig,47,2,0.0425531914893617
2G19-4HG,MSE,shap,47,11,0.23404255319148937
2G1R-3IG,MSE,cam,76,33,0.4342105263157895
2G1R-3IG,MSE,diff,76,9,0.11842105263157894
2G1R-3IG,MSE,gradcam,76,7,0.09210526315789473
2G1R-3IG,MSE,gradinput,76,4,0.05263157894736842
2G1R-3IG,MSE,ig,76,11,0.14473684210526316
2G1R-3IG,MSE,shap,76,22,0.2894736842105263
2GM1-2AZ,MSE,cam,281,20,0.0711743772241993
2GM1-2AZ,MSE,diff,281,17,0.060498220640569395
2GM1-2AZ,MSE,gradcam,281,10,0.03558718861209965
2GM1-2AZ,MSE,gradinput,281,7,0.02491103202846975
2GM1-2AZ,MSE,ig,281,13,0.046263345195729534
2GM1-2AZ,MSE,shap,281,65,0.2313167259786477
2H8H-H8H,MSE,cam,96,28,0.2916666666666667
2H8H-H8H,MSE,diff,96,4,0.041666666666666664
2H8H-H8H,MSE,gradcam,96,24,0.25
2H8H-H8H,MSE,gradinput,96,11,0.11458333333333333
2H8H-H8H,MSE,ig,96,17,0.17708333333333334
2H8H-H8H,MSE,shap,96,29,0.3020833333333333
2HXL-422,MSE,cam,32,4,0.125
2HXL-422,MSE,diff,32,2,0.0625
2HXL-422,MSE,gradcam,32,2,0.0625
2HXL-422,MSE,gradinput,32,5,0.15625
2HXL-422,MSE,ig,32,0,0.0
2HXL-422,MSE,shap,32,5,0.15625
2HYY-STI,MSE,cam,293,80,0.27303754266211605
2HYY-STI,MSE,diff,293,19,0.06484641638225255
2HYY-STI,MSE,gradcam,293,75,0.25597269624573377
2HYY-STI,MSE,gradinput,293,53,0.18088737201365188
2HYY-STI,MSE,ig,293,24,0.08191126279863481
2HYY-STI,MSE,shap,293,87,0.29692832764505117
2ICA-2IC,MSE,cam,28,2,0.07142857142857142
2ICA-2IC,MSE,diff,28,1,0.03571428571428571
2ICA-2IC,MSE,gradcam,28,3,0.10714285714285714
2ICA-2IC,MSE,gradinput,28,2,0.07142857142857142
2ICA-2IC,MSE,ig,28,0,0.0
2ICA-2IC,MSE,shap,28,7,0.25
2ITW-STO,MSE,cam,41,1,0.024390243902439025
2ITW-STO,MSE,diff,41,2,0.04878048780487805
2ITW-STO,MSE,gradcam,41,0,0.0
2ITW-STO,MSE,gradinput,41,2,0.04878048780487805
2ITW-STO,MSE,ig,41,10,0.24390243902439024
2ITW-STO,MSE,shap,41,12,0.2926829268292683
2J5F-DJK,MSE,cam,5091,1180,0.23178157532901197
2J5F-DJK,MSE,diff,5091,314,0.06167747004517776
2J5F-DJK,MSE,gradcam,5091,722,0.14181889609114123
2J5F-DJK,MSE,gradinput,5091,718,0.14103319583578863
2J5F-DJK,MSE,ig,5091,322,0.06324887055588294
2J5F-DJK,MSE,shap,5091,1167,0.2292280494991161
2J6M-AEE,MSE,cam,14,4,0.2857142857142857
2J6M-AEE,MSE,diff,14,0,0.0
2J6M-AEE,MSE,gradcam,14,0,0.0
2J6M-AEE,MSE,gradinput,14,1,0.07142857142857142
2J6M-AEE,MSE,ig,14,1,0.07142857142857142
2J6M-AEE,MSE,shap,14,2,0.14285714285714285
2JBO-P4O,MSE,cam,166,48,0.2891566265060241
2JBO-P4O,MSE,diff,166,17,0.10240963855421686
2JBO-P4O,MSE,gradcam,166,11,0.06626506024096386
2JBO-P4O,MSE,gradinput,166,18,0.10843373493975904
2JBO-P4O,MSE,ig,166,5,0.030120481927710843
2JBO-P4O,MSE,shap,166,46,0.27710843373493976
2OAG-DLI,MSE,cam,33,6,0.18181818181818182
2OAG-DLI,MSE,diff,33,2,0.06060606060606061
2OAG-DLI,MSE,gradcam,33,3,0.09090909090909091
2OAG-DLI,MSE,gradinput,33,7,0.21212121212121213
2OAG-DLI,MSE,ig,33,2,0.06060606060606061
2OAG-DLI,MSE,shap,33,4,0.12121212121212122
2OJ9-BMI,MSE,cam,449,104,0.23162583518930957
2OJ9-BMI,MSE,diff,449,20,0.044543429844097995
2OJ9-BMI,MSE,gradcam,449,49,0.1091314031180401
2OJ9-BMI,MSE,gradinput,449,25,0.0556792873051225
2OJ9-BMI,MSE,ig,449,15,0.0334075723830735
2OJ9-BMI,MSE,shap,449,130,0.289532293986637
2P4I-MR9,MSE,cam,19,6,0.3157894736842105
2P4I-MR9,MSE,diff,19,1,0.05263157894736842
2P4I-MR9,MSE,gradcam,19,0,0.0
2P4I-MR9,MSE,gradinput,19,1,0.05263157894736842
2P4I-MR9,MSE,ig,19,2,0.10526315789473684
2P4I-MR9,MSE,shap,19,6,0.3157894736842105
2P4J-23I,MSE,cam,75,29,0.38666666666666666
2P4J-23I,MSE,diff,75,10,0.13333333333333333
2P4J-23I,MSE,gradcam,75,17,0.22666666666666666
2P4J-23I,MSE,gradinput,75,14,0.18666666666666668
2P4J-23I,MSE,ig,75,12,0.16
2P4J-23I,MSE,shap,75,12,0.16
2PHB-230,MSE,cam,29,15,0.5172413793103449
2PHB-230,MSE,diff,29,2,0.06896551724137931
2PHB-230,MSE,gradcam,29,6,0.20689655172413793
2PHB-230,MSE,gradinput,29,7,0.2413793103448276
2PHB-230,MSE,ig,29,9,0.3103448275862069
2PHB-230,MSE,shap,29,8,0.27586206896551724
2PZY-B18,MSE,cam,129,40,0.31007751937984496
2PZY-B18,MSE,diff,129,4,0.031007751937984496
2PZY-B18,MSE,gradcam,129,11,0.08527131782945736
2PZY-B18,MSE,gradinput,129,10,0.07751937984496124
2PZY-B18,MSE,ig,129,10,0.07751937984496124
2PZY-B18,MSE,shap,129,40,0.31007751937984496
2Q59-240,MSE,cam,61,20,0.32786885245901637
2Q59-240,MSE,diff,61,9,0.14754098360655737
2Q59-240,MSE,gradcam,61,18,0.29508196721311475
2Q59-240,MSE,gradinput,61,12,0.19672131147540983
2Q59-240,MSE,ig,61,1,0.01639344262295082
2Q59-240,MSE,shap,61,19,0.3114754098360656
2Q8S-L92,MSE,cam,12,0,0.0
2Q8S-L92,MSE,diff,12,0,0.0
2Q8S-L92,MSE,gradcam,12,0,0.0
2Q8S-L92,MSE,gradinput,12,0,0.0
2Q8S-L92,MSE,ig,12,0,0.0
2Q8S-L92,MSE,shap,12,4,0.3333333333333333
2QN1-0AS,MSE,cam,171,22,0.1286549707602339
2QN1-0AS,MSE,diff,171,13,0.07602339181286549
2QN1-0AS,MSE,gradcam,171,21,0.12280701754385964
2QN1-0AS,MSE,gradinput,171,20,0.11695906432748537
2QN1-0AS,MSE,ig,171,5,0.029239766081871343
2QN1-0AS,MSE,shap,171,35,0.2046783625730994
2QU2-251,MSE,cam,42,13,0.30952380952380953
2QU2-251,MSE,diff,42,1,0.023809523809523808
2QU2-251,MSE,gradcam,42,2,0.047619047619047616
2QU2-251,MSE,gradinput,42,2,0.047619047619047616
2QU2-251,MSE,ig,42,0,0.0
2QU2-251,MSE,shap,42,10,0.23809523809523808
2R3R-6SC,MSE,cam,56,42,0.75
2R3R-6SC,MSE,diff,56,5,0.08928571428571429
2R3R-6SC,MSE,gradcam,56,2,0.03571428571428571
2R3R-6SC,MSE,gradinput,56,9,0.16071428571428573
2R3R-6SC,MSE,ig,56,1,0.017857142857142856
2R3R-6SC,MSE,shap,56,10,0.17857142857142858
2R64-740,MSE,cam,18,0,0.0
2R64-740,MSE,diff,18,0,0.0
2R64-740,MSE,gradcam,18,0,0.0
2R64-740,MSE,gradinput,18,0,0.0
2R64-740,MSE,ig,18,0,0.0
2R64-740,MSE,shap,18,2,0.1111111111111111
2RGU-356,MSE,cam,783,95,0.12132822477650064
2RGU-356,MSE,diff,783,43,0.05491698595146871
2RGU-356,MSE,gradcam,783,89,0.1136653895274585
2RGU-356,MSE,gradinput,783,106,0.13537675606641125
2RGU-356,MSE,ig,783,99,0.12643678160919541
2RGU-356,MSE,shap,783,244,0.3116219667943806
2TCL-RO4,MSE,cam,79,18,0.22784810126582278
2TCL-RO4,MSE,diff,79,1,0.012658227848101266
2TCL-RO4,MSE,gradcam,79,8,0.10126582278481013
2TCL-RO4,MSE,gradinput,79,11,0.13924050632911392
2TCL-RO4,MSE,ig,79,4,0.05063291139240506
2TCL-RO4,MSE,shap,79,20,0.25316455696202533
2UWL-895,MSE,cam,243,43,0.17695473251028807
2UWL-895,MSE,diff,243,22,0.09053497942386832
2UWL-895,MSE,gradcam,243,37,0.1522633744855967
2UWL-895,MSE,gradinput,243,28,0.11522633744855967
2UWL-895,MSE,ig,243,16,0.06584362139917696
2UWL-895,MSE,shap,243,75,0.30864197530864196
2V0M-KKK,MSE,cam,20,17,0.85
2V0M-KKK,MSE,diff,20,0,0.0
2V0M-KKK,MSE,gradcam,20,6,0.3
2V0M-KKK,MSE,gradinput,20,0,0.0
2V0M-KKK,MSE,ig,20,2,0.1
2V0M-KKK,MSE,shap,20,4,0.2
2V0Z-C41,MSE,cam,712,285,0.4002808988764045
2V0Z-C41,MSE,diff,712,20,0.028089887640449437
2V0Z-C41,MSE,gradcam,712,169,0.23735955056179775
2V0Z-C41,MSE,gradinput,712,159,0.22331460674157302
2V0Z-C41,MSE,ig,712,128,0.1797752808988764
2VCI-2GJ,MSE,cam,45,9,0.2
2VCI-2GJ,MSE,diff,45,3,0.06666666666666667
2VCI-2GJ,MSE,gradcam,45,6,0.13333333333333333
2VCI-2GJ,MSE,gradinput,45,10,0.2222222222222222
2VCI-2GJ,MSE,ig,45,2,0.044444444444444446
2VCI-2GJ,MSE,shap,45,14,0.3111111111111111
2VCJ-2EQ,MSE,cam,24,7,0.2916666666666667
2VCJ-2EQ,MSE,diff,24,4,0.16666666666666666
2VCJ-2EQ,MSE,gradcam,24,1,0.041666666666666664
2VCJ-2EQ,MSE,gradinput,24,1,0.041666666666666664
2VCJ-2EQ,MSE,ig,24,3,0.125
2VCJ-2EQ,MSE,shap,24,5,0.20833333333333334
2VV9-IM9,MSE,cam,92,24,0.2608695652173913
2VV9-IM9,MSE,diff,92,7,0.07608695652173914
2VV9-IM9,MSE,gradcam,92,5,0.05434782608695652
2VV9-IM9,MSE,gradinput,92,13,0.14130434782608695
2VV9-IM9,MSE,ig,92,9,0.09782608695652174
2VV9-IM9,MSE,shap,92,26,0.2826086956521739
2W26-RIV,MSE,cam,1146,183,0.15968586387434555
2W26-RIV,MSE,diff,1146,100,0.08726003490401396
2W26-RIV,MSE,gradcam,1146,163,0.14223385689354276
2W26-RIV,MSE,gradinput,1146,135,0.11780104712041885
2W26-RIV,MSE,ig,1146,151,0.13176265270506107
2W26-RIV,MSE,shap,1146,305,0.2661431064572426
2W8Y-NDR,MSE,cam,42,4,0.09523809523809523
2W8Y-NDR,MSE,diff,42,1,0.023809523809523808
2W8Y-NDR,MSE,gradcam,42,9,0.21428571428571427
2W8Y-NDR,MSE,gradinput,42,2,0.047619047619047616
2W8Y-NDR,MSE,ig,42,1,0.023809523809523808
2W8Y-NDR,MSE,shap,42,7,0.16666666666666666
2WEY-EV1,MSE,cam,522,124,0.23754789272030652
2WEY-EV1,MSE,diff,522,33,0.06321839080459771
2WEY-EV1,MSE,gradcam,522,106,0.20306513409961685
2WEY-EV1,MSE,gradinput,522,40,0.07662835249042145
2WEY-EV1,MSE,ig,522,43,0.08237547892720307
2WEY-EV1,MSE,shap,522,132,0.25287356321839083
2WIH-P48,MSE,cam,219,66,0.3013698630136986
2WIH-P48,MSE,diff,219,14,0.0639269406392694
2WIH-P48,MSE,gradcam,219,52,0.2374429223744292
2WIH-P48,MSE,gradinput,219,17,0.0776255707762557
2WIH-P48,MSE,ig,219,11,0.0502283105022831
2WIH-P48,MSE,shap,219,48,0.2191780821917808
2WOG-ZZD,MSE,cam,109,9,0.08256880733944955
2WOG-ZZD,MSE,diff,109,11,0.10091743119266056
2WOG-ZZD,MSE,gradcam,109,8,0.07339449541284404
2WOG-ZZD,MSE,gradinput,109,8,0.07339449541284404
2WOG-ZZD,MSE,ig,109,5,0.045871559633027525
2WOG-ZZD,MSE,shap,109,18,0.1651376146788991
2X6D-X6D,MSE,cam,167,55,0.32934131736526945
2X6D-X6D,MSE,diff,167,5,0.029940119760479042
2X6D-X6D,MSE,gradcam,167,16,0.09580838323353294
2X6D-X6D,MSE,gradinput,167,5,0.029940119760479042
2X6D-X6D,MSE,ig,167,28,0.16766467065868262
2X6D-X6D,MSE,shap,167,47,0.281437125748503
2X8D-X8D,MSE,cam,202,20,0.09900990099009901
2X8D-X8D,MSE,diff,202,10,0.04950495049504951
2X8D-X8D,MSE,gradcam,202,18,0.0891089108910891
2X8D-X8D,MSE,gradinput,202,22,0.10891089108910891
2X8D-X8D,MSE,ig,202,9,0.04455445544554455
2X8D-X8D,MSE,shap,202,38,0.18811881188118812
2XB7-GUI,MSE,cam,3381,458,0.1354628808044957
2XB7-GUI,MSE,diff,3381,392,0.11594202898550725
2XB7-GUI,MSE,gradcam,3381,490,0.14492753623188406
2XB7-GUI,MSE,gradinput,3381,525,0.15527950310559005
2XB7-GUI,MSE,ig,3381,313,0.09257616089914227
2XB7-GUI,MSE,shap,3381,980,0.2898550724637681
2Y0J-AXC,MSE,cam,39,1,0.02564102564102564
2Y0J-AXC,MSE,diff,39,0,0.0
2Y0J-AXC,MSE,gradcam,39,1,0.02564102564102564
2Y0J-AXC,MSE,gradinput,39,3,0.07692307692307693
2Y0J-AXC,MSE,ig,39,0,0.0
2Y0J-AXC,MSE,shap,39,9,0.23076923076923078
2YAC-937,MSE,cam,337,94,0.2789317507418398
2YAC-937,MSE,diff,337,25,0.07418397626112759
2YAC-937,MSE,gradcam,337,37,0.10979228486646884
2YAC-937,MSE,gradinput,337,23,0.06824925816023739
2YAC-937,MSE,ig,337,32,0.09495548961424333
2YAC-937,MSE,shap,337,95,0.2818991097922849
2YDI-YDI,MSE,cam,115,17,0.14782608695652175
2YDI-YDI,MSE,diff,115,16,0.1391304347826087
2YDI-YDI,MSE,gradcam,115,8,0.06956521739130435
2YDI-YDI,MSE,gradinput,115,4,0.034782608695652174
2YDI-YDI,MSE,ig,115,23,0.2
2YDI-YDI,MSE,shap,115,30,0.2608695652173913
2YDK-YDK,MSE,cam,207,32,0.15458937198067632
2YDK-YDK,MSE,diff,207,25,0.12077294685990338
2YDK-YDK,MSE,gradcam,207,40,0.1932367149758454
2YDK-YDK,MSE,gradinput,207,30,0.14492753623188406
2YDK-YDK,MSE,ig,207,24,0.11594202898550725
2YDK-YDK,MSE,shap,207,55,0.26570048309178745
2YM8-YM8,MSE,cam,20,0,0.0
2YM8-YM8,MSE,diff,20,2,0.1
2YM8-YM8,MSE,gradcam,20,0,0.0
2YM8-YM8,MSE,gradinput,20,1,0.05
2YM8-YM8,MSE,ig,20,2,0.1
2YM8-YM8,MSE,shap,20,4,0.2
2YWP-A42,MSE,cam,1630,250,0.15337423312883436
2YWP-A42,MSE,diff,1630,123,0.0754601226993865
2YWP-A42,MSE,gradcam,1630,173,0.10613496932515337
2YWP-A42,MSE,gradinput,1630,113,0.06932515337423313
2YWP-A42,MSE,ig,1630,141,0.08650306748466258
2YWP-A42,MSE,shap,1630,404,0.24785276073619633
3A2C-PDY,MSE,cam,44,3,0.06818181818181818
3A2C-PDY,MSE,diff,44,1,0.022727272727272728
3A2C-PDY,MSE,gradcam,44,7,0.1590909090909091
3A2C-PDY,MSE,gradinput,44,5,0.11363636363636363
3A2C-PDY,MSE,ig,44,8,0.18181818181818182
3A2C-PDY,MSE,shap,44,9,0.20454545454545456
3AOX-EMH,MSE,cam,1160,211,0.18189655172413793
3AOX-EMH,MSE,diff,1160,135,0.11637931034482758
3AOX-EMH,MSE,gradcam,1160,204,0.17586206896551723
3AOX-EMH,MSE,gradinput,1160,202,0.17413793103448275
3AOX-EMH,MSE,ig,1160,143,0.12327586206896551
3AOX-EMH,MSE,shap,1160,314,0.2706896551724138
3ARN-MSJ,MSE,cam,18,0,0.0
3ARN-MSJ,MSE,diff,18,0,0.0
3ARN-MSJ,MSE,gradcam,18,2,0.1111111111111111
3ARN-MSJ,MSE,gradinput,18,0,0.0
3ARN-MSJ,MSE,ig,18,0,0.0
3ARN-MSJ,MSE,shap,18,6,0.3333333333333333
3AYK-CGS,MSE,cam,59,11,0.1864406779661017
3AYK-CGS,MSE,diff,59,2,0.03389830508474576
3AYK-CGS,MSE,gradcam,59,9,0.15254237288135594
3AYK-CGS,MSE,gradinput,59,10,0.1694915254237288
3AYK-CGS,MSE,ig,59,6,0.1016949152542373
3AYK-CGS,MSE,shap,59,12,0.2033898305084746
3BZ3-YAM,MSE,cam,31,7,0.22580645161290322
3BZ3-YAM,MSE,diff,31,3,0.0967741935483871
3BZ3-YAM,MSE,gradcam,31,2,0.06451612903225806
3BZ3-YAM,MSE,gradinput,31,8,0.25806451612903225
3BZ3-YAM,MSE,ig,31,0,0.0
3BZ3-YAM,MSE,shap,31,5,0.16129032258064516
3CHO-4BG,MSE,cam,50,16,0.32
3CHO-4BG,MSE,diff,50,12,0.24
3CHO-4BG,MSE,gradcam,50,4,0.08
3CHO-4BG,MSE,gradinput,50,5,0.1
3CHO-4BG,MSE,ig,50,7,0.14
3CHO-4BG,MSE,shap,50,17,0.34
3D4Q-SM5,MSE,cam,100,51,0.51
3D4Q-SM5,MSE,diff,100,5,0.05
3D4Q-SM5,MSE,gradcam,100,14,0.14
3D4Q-SM5,MSE,gradinput,100,21,0.21
3D4Q-SM5,MSE,ig,100,8,0.08
3D4Q-SM5,MSE,shap,100,18,0.18
3DBS-GD9,MSE,cam,16,5,0.3125
3DBS-GD9,MSE,diff,16,2,0.125
3DBS-GD9,MSE,gradcam,16,0,0.0
3DBS-GD9,MSE,gradinput,16,1,0.0625
3DBS-GD9,MSE,ig,16,1,0.0625
3DBS-GD9,MSE,shap,16,5,0.3125
3DD0-EZL,MSE,cam,12,1,0.08333333333333333
3DD0-EZL,MSE,diff,12,0,0.0
3DD0-EZL,MSE,gradcam,12,0,0.0
3DD0-EZL,MSE,gradinput,12,0,0.0
3DD0-EZL,MSE,ig,12,1,0.08333333333333333
3DD0-EZL,MSE,shap,12,1,0.08333333333333333
3DUY-AFJ,MSE,cam,85,16,0.18823529411764706
3DUY-AFJ,MSE,diff,85,15,0.17647058823529413
3DUY-AFJ,MSE,gradcam,85,31,0.36470588235294116
3DUY-AFJ,MSE,gradinput,85,23,0.27058823529411763
3DUY-AFJ,MSE,ig,85,8,0.09411764705882353
3DUY-AFJ,MSE,shap,85,27,0.3176470588235294
3DV3-MEK,MSE,cam,53,6,0.11320754716981132
3DV3-MEK,MSE,diff,53,8,0.1509433962264151
3DV3-MEK,MSE,gradcam,53,8,0.1509433962264151
3DV3-MEK,MSE,gradinput,53,20,0.37735849056603776
3DV3-MEK,MSE,ig,53,6,0.11320754716981132
3DV3-MEK,MSE,shap,53,17,0.32075471698113206
3E32-ED2,MSE,cam,17,2,0.11764705882352941
3E32-ED2,MSE,diff,17,2,0.11764705882352941
3E32-ED2,MSE,gradcam,17,0,0.0
3E32-ED2,MSE,gradinput,17,0,0.0
3E32-ED2,MSE,ig,17,2,0.11764705882352941
3E32-ED2,MSE,shap,17,6,0.35294117647058826
3E37-ED5,MSE,cam,16,2,0.125
3E37-ED5,MSE,diff,16,0,0.0
3E37-ED5,MSE,gradcam,16,3,0.1875
3E37-ED5,MSE,gradinput,16,0,0.0
3E37-ED5,MSE,ig,16,2,0.125
3E37-ED5,MSE,shap,16,6,0.375
3EID-PO5,MSE,cam,20,1,0.05
3EID-PO5,MSE,diff,20,1,0.05
3EID-PO5,MSE,gradcam,20,0,0.0
3EID-PO5,MSE,gradinput,20,0,0.0
3EID-PO5,MSE,ig,20,1,0.05
3EID-PO5,MSE,shap,20,2,0.1
3EJ1-5BP,MSE,cam,74,34,0.4594594594594595
3EJ1-5BP,MSE,diff,74,15,0.20270270270270271
3EJ1-5BP,MSE,gradcam,74,3,0.04054054054054054
3EJ1-5BP,MSE,gradinput,74,3,0.04054054054054054
3EJ1-5BP,MSE,ig,74,10,0.13513513513513514
3EJ1-5BP,MSE,shap,74,12,0.16216216216216217
3ELM-24F,MSE,cam,127,42,0.33070866141732286
3ELM-24F,MSE,diff,127,41,0.3228346456692913
3ELM-24F,MSE,gradcam,127,15,0.11811023622047244
3ELM-24F,MSE,gradinput,127,9,0.07086614173228346
3ELM-24F,MSE,ig,127,9,0.07086614173228346
3ELM-24F,MSE,shap,127,32,0.25196850393700787
3EQM-ASD,MSE,cam,530,72,0.13584905660377358
3EQM-ASD,MSE,diff,530,16,0.03018867924528302
3EQM-ASD,MSE,gradcam,530,34,0.06415094339622641
3EQM-ASD,MSE,gradinput,530,45,0.08490566037735849
3EQM-ASD,MSE,ig,530,31,0.05849056603773585
3EQM-ASD,MSE,shap,530,88,0.1660377358490566
3EYG-MI1,MSE,cam,653,178,0.2725880551301684
3EYG-MI1,MSE,diff,653,56,0.08575803981623277
3EYG-MI1,MSE,gradcam,653,124,0.18989280245022971
3EYG-MI1,MSE,gradinput,653,91,0.13935681470137826
3EYG-MI1,MSE,ig,653,58,0.0888208269525268
3EYG-MI1,MSE,shap,653,171,0.26186830015313933
3F5P-741,MSE,cam,18,0,0.0
3F5P-741,MSE,diff,18,4,0.2222222222222222
3F5P-741,MSE,gradcam,18,0,0.0
3F5P-741,MSE,gradinput,18,5,0.2777777777777778
3F5P-741,MSE,ig,18,0,0.0
3F5P-741,MSE,shap,18,5,0.2777777777777778
3F7Z-34O,MSE,cam,24,22,0.9166666666666666
3F7Z-34O,MSE,diff,24,4,0.16666666666666666
3F7Z-34O,MSE,gradcam,24,3,0.125
3F7Z-34O,MSE,gradinput,24,4,0.16666666666666666
3F7Z-34O,MSE,ig,24,4,0.16666666666666666
3F7Z-34O,MSE,shap,24,7,0.2916666666666667
3FH5-24P,MSE,cam,323,68,0.21052631578947367
3FH5-24P,MSE,diff,323,20,0.06191950464396285
3FH5-24P,MSE,gradcam,323,32,0.09907120743034056
3FH5-24P,MSE,gradinput,323,24,0.07430340557275542
3FH5-24P,MSE,ig,323,28,0.08668730650154799
3FH5-24P,MSE,shap,323,64,0.19814241486068113
3FPM-793,MSE,cam,16,7,0.4375
3FPM-793,MSE,diff,16,2,0.125
3FPM-793,MSE,gradcam,16,1,0.0625
3FPM-793,MSE,gradinput,16,0,0.0
3FPM-793,MSE,ig,16,1,0.0625
3FPM-793,MSE,shap,16,1,0.0625
3FYJ-B97,MSE,cam,89,16,0.1797752808988764
3FYJ-B97,MSE,diff,89,6,0.06741573033707865
3FYJ-B97,MSE,gradcam,89,4,0.0449438202247191
3FYJ-B97,MSE,gradinput,89,3,0.033707865168539325
3FYJ-B97,MSE,ig,89,3,0.033707865168539325
3FYJ-B97,MSE,shap,89,16,0.1797752808988764
3G0B-T22,MSE,cam,184,60,0.32608695652173914
3G0B-T22,MSE,diff,184,17,0.09239130434782608
3G0B-T22,MSE,gradcam,184,13,0.07065217391304347
3G0B-T22,MSE,gradinput,184,15,0.08152173913043478
3G0B-T22,MSE,ig,184,9,0.04891304347826087
3G0B-T22,MSE,shap,184,51,0.27717391304347827
3G3E-G3E,MSE,cam,13,7,0.5384615384615384
3G3E-G3E,MSE,diff,13,0,0.0
3G3E-G3E,MSE,gradcam,13,2,0.15384615384615385
3G3E-G3E,MSE,gradinput,13,3,0.23076923076923078
3G3E-G3E,MSE,ig,13,1,0.07692307692307693
3G3E-G3E,MSE,shap,13,0,0.0
3G6Z-A7T,MSE,cam,185,15,0.08108108108108109
3G6Z-A7T,MSE,diff,185,7,0.03783783783783784
3G6Z-A7T,MSE,gradcam,185,18,0.0972972972972973
3G6Z-A7T,MSE,gradinput,185,56,0.3027027027027027
3G6Z-A7T,MSE,ig,185,13,0.07027027027027027
3G6Z-A7T,MSE,shap,185,63,0.34054054054054056
3GW5-72X,MSE,cam,227,52,0.2290748898678414
3GW5-72X,MSE,diff,227,41,0.18061674008810572
3GW5-72X,MSE,gradcam,227,38,0.16740088105726872
3GW5-72X,MSE,gradinput,227,46,0.2026431718061674
3GW5-72X,MSE,ig,227,19,0.08370044052863436
3GW5-72X,MSE,shap,227,73,0.32158590308370044
3HPT-YET,MSE,cam,71,1,0.014084507042253521
3HPT-YET,MSE,diff,71,6,0.08450704225352113
3HPT-YET,MSE,gradcam,71,5,0.07042253521126761
3HPT-YET,MSE,gradinput,71,4,0.056338028169014086
3HPT-YET,MSE,ig,71,1,0.014084507042253521
3HPT-YET,MSE,shap,71,16,0.22535211267605634
3I7G-732,MSE,cam,69,34,0.4927536231884058
3I7G-732,MSE,diff,69,8,0.11594202898550725
3I7G-732,MSE,gradcam,69,9,0.13043478260869565
3I7G-732,MSE,gradinput,69,5,0.07246376811594203
3I7G-732,MSE,ig,69,15,0.21739130434782608
3I7G-732,MSE,shap,69,22,0.3188405797101449
3IG6-438,MSE,cam,13,1,0.07692307692307693
3IG6-438,MSE,diff,13,0,0.0
3IG6-438,MSE,gradcam,13,2,0.15384615384615385
3IG6-438,MSE,gradinput,13,0,0.0
3IG6-438,MSE,ig,13,1,0.07692307692307693
3IG6-438,MSE,shap,13,1,0.07692307692307693
3IGB-454,MSE,cam,23,6,0.2608695652173913
3IGB-454,MSE,diff,23,2,0.08695652173913043
3IGB-454,MSE,gradcam,23,3,0.13043478260869565
3IGB-454,MSE,gradinput,23,0,0.0
3IGB-454,MSE,ig,23,4,0.17391304347826086
3IGB-454,MSE,shap,23,4,0.17391304347826086
3II5-831,MSE,cam,72,4,0.05555555555555555
3II5-831,MSE,diff,72,3,0.041666666666666664
3II5-831,MSE,gradcam,72,6,0.08333333333333333
3II5-831,MSE,gradinput,72,9,0.125
3II5-831,MSE,ig,72,2,0.027777777777777776
3II5-831,MSE,shap,72,25,0.3472222222222222
3IN3-472,MSE,cam,1209,364,0.3010752688172043
3IN3-472,MSE,diff,1209,137,0.11331679073614558
3IN3-472,MSE,gradcam,1209,138,0.1141439205955335
3IN3-472,MSE,gradinput,1209,114,0.09429280397022333
3IN3-472,MSE,ig,1209,116,0.09594706368899918
3IN3-472,MSE,shap,1209,323,0.26716294458229944
3IND-593,MSE,cam,5976,1435,0.2401271753681392
3IND-593,MSE,diff,5976,695,0.11629852744310576
3IND-593,MSE,gradcam,5976,1450,0.24263721552878179
3IND-593,MSE,gradinput,5976,929,0.15545515394912984
3IND-593,MSE,ig,5976,691,0.11562918340026773
3IND-593,MSE,shap,5976,1720,0.2878179384203481
3IO7-1P5,MSE,cam,40,8,0.2
3IO7-1P5,MSE,diff,40,2,0.05
3IO7-1P5,MSE,gradcam,40,2,0.05
3IO7-1P5,MSE,gradinput,40,7,0.175
3IO7-1P5,MSE,ig,40,4,0.1
3IO7-1P5,MSE,shap,40,6,0.15
3IWE-646,MSE,cam,195,47,0.24102564102564103
3IWE-646,MSE,diff,195,15,0.07692307692307693
3IWE-646,MSE,gradcam,195,14,0.07179487179487179
3IWE-646,MSE,gradinput,195,12,0.06153846153846154
3IWE-646,MSE,ig,195,17,0.08717948717948718
3IWE-646,MSE,shap,195,45,0.23076923076923078
3JSI-WTC,MSE,cam,296,123,0.4155405405405405
3JSI-WTC,MSE,diff,296,8,0.02702702702702703
3JSI-WTC,MSE,gradcam,296,28,0.0945945945945946
3JSI-WTC,MSE,gradinput,296,25,0.08445945945945946
3JSI-WTC,MSE,ig,296,15,0.05067567567567568
3JSI-WTC,MSE,shap,296,93,0.3141891891891892
3K3B-L31,MSE,cam,88,11,0.125
3K3B-L31,MSE,diff,88,4,0.045454545454545456
3K3B-L31,MSE,gradcam,88,12,0.13636363636363635
3K3B-L31,MSE,gradinput,88,7,0.07954545454545454
3K3B-L31,MSE,ig,88,7,0.07954545454545454
3K3B-L31,MSE,shap,88,24,0.2727272727272727
3K5F-AYH,MSE,cam,31,5,0.16129032258064516
3K5F-AYH,MSE,diff,31,0,0.0
3K5F-AYH,MSE,gradcam,31,1,0.03225806451612903
3K5F-AYH,MSE,gradinput,31,0,0.0
3K5F-AYH,MSE,ig,31,2,0.06451612903225806
3K5F-AYH,MSE,shap,31,8,0.25806451612903225
3KFC-61X,MSE,cam,89,7,0.07865168539325842
3KFC-61X,MSE,diff,89,2,0.02247191011235955
3KFC-61X,MSE,gradcam,89,7,0.07865168539325842
3KFC-61X,MSE,gradinput,89,6,0.06741573033707865
3KFC-61X,MSE,ig,89,12,0.1348314606741573
3KFC-61X,MSE,shap,89,19,0.21348314606741572
3KWB-ORH,MSE,cam,14,1,0.07142857142857142
3KWB-ORH,MSE,diff,14,0,0.0
3KWB-ORH,MSE,gradcam,14,0,0.0
3KWB-ORH,MSE,gradinput,14,0,0.0
3KWB-ORH,MSE,ig,14,0,0.0
3KWB-ORH,MSE,shap,14,1,0.07142857142857142
3KWF-B1Q,MSE,cam,182,26,0.14285714285714285
3KWF-B1Q,MSE,diff,182,7,0.038461538461538464
3KWF-B1Q,MSE,gradcam,182,14,0.07692307692307693
3KWF-B1Q,MSE,gradinput,182,5,0.027472527472527472
3KWF-B1Q,MSE,ig,182,7,0.038461538461538464
3KWF-B1Q,MSE,shap,182,41,0.22527472527472528
3KWZ-KWZ,MSE,cam,95,25,0.2631578947368421
3KWZ-KWZ,MSE,diff,95,9,0.09473684210526316
3KWZ-KWZ,MSE,gradcam,95,24,0.25263157894736843
3KWZ-KWZ,MSE,gradinput,95,0,0.0
3KWZ-KWZ,MSE,ig,95,11,0.11578947368421053
3KWZ-KWZ,MSE,shap,95,17,0.17894736842105263
3KYR-038,MSE,cam,20,10,0.5
3KYR-038,MSE,diff,20,0,0.0
3KYR-038,MSE,gradcam,20,2,0.1
3KYR-038,MSE,gradinput,20,3,0.15
3KYR-038,MSE,ig,20,1,0.05
3KYR-038,MSE,shap,20,5,0.25
3L08-ZIG,MSE,cam,44,6,0.13636363636363635
3L08-ZIG,MSE,diff,44,1,0.022727272727272728
3L08-ZIG,MSE,gradcam,44,7,0.1590909090909091
3L08-ZIG,MSE,gradinput,44,12,0.2727272727272727
3L08-ZIG,MSE,ig,44,1,0.022727272727272728
3L08-ZIG,MSE,shap,44,12,0.2727272727272727
3L9H-EMQ,MSE,cam,105,13,0.12380952380952381
3L9H-EMQ,MSE,diff,105,3,0.02857142857142857
3L9H-EMQ,MSE,gradcam,105,10,0.09523809523809523
3L9H-EMQ,MSE,gradinput,105,2,0.01904761904761905
3L9H-EMQ,MSE,ig,105,18,0.17142857142857143
3L9H-EMQ,MSE,shap,105,22,0.20952380952380953
3M6F-BJZ,MSE,cam,26,5,0.19230769230769232
3M6F-BJZ,MSE,diff,26,0,0.0
3M6F-BJZ,MSE,gradcam,26,3,0.11538461538461539
3M6F-BJZ,MSE,gradinput,26,4,0.15384615384615385
3M6F-BJZ,MSE,ig,26,1,0.038461538461538464
3M6F-BJZ,MSE,shap,26,5,0.19230769230769232
3N0T-OPY,MSE,cam,261,71,0.2720306513409962
3N0T-OPY,MSE,diff,261,25,0.09578544061302682
3N0T-OPY,MSE,gradcam,261,33,0.12643678160919541
3N0T-OPY,MSE,gradinput,261,35,0.13409961685823754
3N0T-OPY,MSE,ig,261,21,0.08045977011494253
3N0T-OPY,MSE,shap,261,56,0.21455938697318008
3N3G-93N,MSE,cam,21,4,0.19047619047619047
3N3G-93N,MSE,diff,21,1,0.047619047619047616
3N3G-93N,MSE,gradcam,21,1,0.047619047619047616
3N3G-93N,MSE,gradinput,21,1,0.047619047619047616
3N3G-93N,MSE,ig,21,3,0.14285714285714285
3N3G-93N,MSE,shap,21,5,0.23809523809523808
3N7R-N7R,MSE,cam,62,10,0.16129032258064516
3N7R-N7R,MSE,diff,62,0,0.0
3N7R-N7R,MSE,gradcam,62,6,0.0967741935483871
3N7R-N7R,MSE,gradinput,62,1,0.016129032258064516
3N7R-N7R,MSE,ig,62,1,0.016129032258064516
3N7R-N7R,MSE,shap,62,17,0.27419354838709675
3NC9-TR3,MSE,cam,56,26,0.4642857142857143
3NC9-TR3,MSE,diff,56,3,0.05357142857142857
3NC9-TR3,MSE,gradcam,56,5,0.08928571428571429
3NC9-TR3,MSE,gradinput,56,9,0.16071428571428573
3NC9-TR3,MSE,ig,56,1,0.017857142857142856
3NC9-TR3,MSE,shap,56,13,0.23214285714285715
3NUN-JMZ,MSE,cam,67,24,0.3582089552238806
3NUN-JMZ,MSE,diff,67,3,0.04477611940298507
3NUN-JMZ,MSE,gradcam,67,11,0.16417910447761194
3NUN-JMZ,MSE,gradinput,67,8,0.11940298507462686
3NUN-JMZ,MSE,ig,67,9,0.13432835820895522
3NUN-JMZ,MSE,shap,67,11,0.16417910447761194
3O9L-LPN,MSE,cam,270,211,0.7814814814814814
3O9L-LPN,MSE,diff,270,0,0.0
3O9L-LPN,MSE,gradcam,270,58,0.21481481481481482
3O9L-LPN,MSE,gradinput,270,49,0.1814814814814815
3O9L-LPN,MSE,ig,270,159,0.5888888888888889
3O9L-LPN,MSE,shap,270,82,0.3037037037037037
3OCS-746,MSE,cam,460,107,0.2326086956521739
3OCS-746,MSE,diff,460,41,0.0891304347826087
3OCS-746,MSE,gradcam,460,98,0.21304347826086956
3OCS-746,MSE,gradinput,460,72,0.1565217391304348
3OCS-746,MSE,ig,460,126,0.27391304347826084
3OCS-746,MSE,shap,460,150,0.32608695652173914
3OOT-SSR,MSE,cam,151,28,0.18543046357615894
3OOT-SSR,MSE,diff,151,5,0.033112582781456956
3OOT-SSR,MSE,gradcam,151,15,0.09933774834437085
3OOT-SSR,MSE,gradinput,151,20,0.13245033112582782
3OOT-SSR,MSE,ig,151,39,0.2582781456953642
3OOT-SSR,MSE,shap,151,41,0.271523178807947
3OQK-S52,MSE,cam,384,67,0.17447916666666666
3OQK-S52,MSE,diff,384,26,0.06770833333333333
3OQK-S52,MSE,gradcam,384,62,0.16145833333333334
3OQK-S52,MSE,gradinput,384,64,0.16666666666666666
3OQK-S52,MSE,ig,384,25,0.06510416666666667
3OQK-S52,MSE,shap,384,86,0.22395833333333334
3OT8-MI5,MSE,cam,132,18,0.13636363636363635
3OT8-MI5,MSE,diff,132,8,0.06060606060606061
3OT8-MI5,MSE,gradcam,132,13,0.09848484848484848
3OT8-MI5,MSE,gradinput,132,9,0.06818181818181818
3OT8-MI5,MSE,ig,132,5,0.03787878787878788
3OT8-MI5,MSE,shap,132,31,0.23484848484848486
3OY1-589,MSE,cam,15,4,0.26666666666666666
3OY1-589,MSE,diff,15,1,0.06666666666666667
3OY1-589,MSE,gradcam,15,0,0.0
3OY1-589,MSE,gradinput,15,3,0.2
3OY1-589,MSE,ig,15,4,0.26666666666666666
3OY1-589,MSE,shap,15,2,0.13333333333333333
3PA3-C70,MSE,cam,92,7,0.07608695652173914
3PA3-C70,MSE,diff,92,1,0.010869565217391304
3PA3-C70,MSE,gradcam,92,12,0.13043478260869565
3PA3-C70,MSE,gradinput,92,5,0.05434782608695652
3PA3-C70,MSE,ig,92,6,0.06521739130434782
3PA3-C70,MSE,shap,92,20,0.21739130434782608
3PBB-PBD,MSE,cam,207,120,0.5797101449275363
3PBB-PBD,MSE,diff,207,24,0.11594202898550725
3PBB-PBD,MSE,gradcam,207,15,0.07246376811594203
3PBB-PBD,MSE,gradinput,207,20,0.0966183574879227
3PBB-PBD,MSE,ig,207,7,0.033816425120772944
3PBB-PBD,MSE,shap,207,45,0.21739130434782608
3PI5-3P5,MSE,cam,158,45,0.2848101265822785
3PI5-3P5,MSE,diff,158,7,0.04430379746835443
3PI5-3P5,MSE,gradcam,158,8,0.05063291139240506
3PI5-3P5,MSE,gradinput,158,3,0.0189873417721519
3PI5-3P5,MSE,ig,158,7,0.04430379746835443
3PI5-3P5,MSE,shap,158,38,0.24050632911392406
3POZ-03P,MSE,cam,44,5,0.11363636363636363
3POZ-03P,MSE,diff,44,1,0.022727272727272728
3POZ-03P,MSE,gradcam,44,5,0.11363636363636363
3POZ-03P,MSE,gradinput,44,1,0.022727272727272728
3POZ-03P,MSE,ig,44,0,0.0
3POZ-03P,MSE,shap,44,9,0.20454545454545456
3Q32-J2I,MSE,cam,15,2,0.13333333333333333
3Q32-J2I,MSE,diff,15,8,0.5333333333333333
3Q32-J2I,MSE,gradcam,15,3,0.2
3Q32-J2I,MSE,gradinput,15,1,0.06666666666666667
3Q32-J2I,MSE,ig,15,4,0.26666666666666666
3Q32-J2I,MSE,shap,15,3,0.2
3Q3K-D90,MSE,cam,137,23,0.1678832116788321
3Q3K-D90,MSE,diff,137,8,0.058394160583941604
3Q3K-D90,MSE,gradcam,137,35,0.25547445255474455
3Q3K-D90,MSE,gradinput,137,5,0.0364963503649635
3Q3K-D90,MSE,ig,137,12,0.08759124087591241
3Q3K-D90,MSE,shap,137,43,0.31386861313868614
3Q3T-RX0,MSE,cam,19,2,0.10526315789473684
3Q3T-RX0,MSE,diff,19,0,0.0
3Q3T-RX0,MSE,gradcam,19,3,0.15789473684210525
3Q3T-RX0,MSE,gradinput,19,1,0.05263157894736842
3Q3T-RX0,MSE,ig,19,2,0.10526315789473684
3Q3T-RX0,MSE,shap,19,7,0.3684210526315789
3Q8W-AZV,MSE,cam,57,15,0.2631578947368421
3Q8W-AZV,MSE,diff,57,3,0.05263157894736842
3Q8W-AZV,MSE,gradcam,57,2,0.03508771929824561
3Q8W-AZV,MSE,gradinput,57,9,0.15789473684210525
3Q8W-AZV,MSE,ig,57,4,0.07017543859649122
3Q8W-AZV,MSE,shap,57,9,0.15789473684210525
3Q92-XNB,MSE,cam,113,6,0.05309734513274336
3Q92-XNB,MSE,diff,113,11,0.09734513274336283
3Q92-XNB,MSE,gradcam,113,12,0.10619469026548672
3Q92-XNB,MSE,gradinput,113,11,0.09734513274336283
3Q92-XNB,MSE,ig,113,11,0.09734513274336283
3Q92-XNB,MSE,shap,113,21,0.18584070796460178
3QAQ-QAQ,MSE,cam,20,5,0.25
3QAQ-QAQ,MSE,diff,20,0,0.0
3QAQ-QAQ,MSE,gradcam,20,0,0.0
3QAQ-QAQ,MSE,gradinput,20,1,0.05
3QAQ-QAQ,MSE,ig,20,1,0.05
3QAQ-QAQ,MSE,shap,20,7,0.35
3R43-ID8,MSE,cam,79,34,0.43037974683544306
3R43-ID8,MSE,diff,79,3,0.0379746835443038
3R43-ID8,MSE,gradcam,79,9,0.11392405063291139
3R43-ID8,MSE,gradinput,79,6,0.0759493670886076
3R43-ID8,MSE,ig,79,3,0.0379746835443038
3R43-ID8,MSE,shap,79,12,0.1518987341772152
3RO4-LJ9,MSE,cam,28,5,0.17857142857142858
3RO4-LJ9,MSE,diff,28,2,0.07142857142857142
3RO4-LJ9,MSE,gradcam,28,2,0.07142857142857142
3RO4-LJ9,MSE,gradinput,28,3,0.10714285714285714
3RO4-LJ9,MSE,ig,28,0,0.0
3RO4-LJ9,MSE,shap,28,5,0.17857142857142858
3RUK-AER,MSE,cam,37,1,0.02702702702702703
3RUK-AER,MSE,diff,37,3,0.08108108108108109
3RUK-AER,MSE,gradcam,37,1,0.02702702702702703
3RUK-AER,MSE,gradinput,37,4,0.10810810810810811
3RUK-AER,MSE,ig,37,1,0.02702702702702703
3RUK-AER,MSE,shap,37,6,0.16216216216216217
3S7S-EXM,MSE,cam,179,12,0.0670391061452514
3S7S-EXM,MSE,diff,179,6,0.0335195530726257
3S7S-EXM,MSE,gradcam,179,6,0.0335195530726257
3S7S-EXM,MSE,gradinput,179,2,0.0111731843575419
3S7S-EXM,MSE,ig,179,4,0.0223463687150838
3S7S-EXM,MSE,shap,179,13,0.07262569832402235
3SHY-5FO,MSE,cam,829,96,0.1158021712907117
3SHY-5FO,MSE,diff,829,72,0.08685162846803378
3SHY-5FO,MSE,gradcam,829,108,0.13027744270205066
3SHY-5FO,MSE,gradinput,829,72,0.08685162846803378
3SHY-5FO,MSE,ig,829,45,0.054282267792521106
3SHY-5FO,MSE,shap,829,224,0.27020506634499397
3SWZ-TOK,MSE,cam,13,0,0.0
3SWZ-TOK,MSE,diff,13,0,0.0
3SWZ-TOK,MSE,gradcam,13,4,0.3076923076923077
3SWZ-TOK,MSE,gradinput,13,0,0.0
3SWZ-TOK,MSE,ig,13,1,0.07692307692307693
3SWZ-TOK,MSE,shap,13,2,0.15384615384615385
3TJC-0TP,MSE,cam,14,1,0.07142857142857142
3TJC-0TP,MSE,diff,14,0,0.0
3TJC-0TP,MSE,gradcam,14,2,0.14285714285714285
3TJC-0TP,MSE,gradinput,14,0,0.0
3TJC-0TP,MSE,ig,14,1,0.07142857142857142
3TJC-0TP,MSE,shap,14,4,0.2857142857142857
3TK5-D1Q,MSE,cam,13,3,0.23076923076923078
3TK5-D1Q,MSE,diff,13,1,0.07692307692307693
3TK5-D1Q,MSE,gradcam,13,3,0.23076923076923078
3TK5-D1Q,MSE,gradinput,13,0,0.0
3TK5-D1Q,MSE,ig,13,7,0.5384615384615384
3TK5-D1Q,MSE,shap,13,4,0.3076923076923077
3TKH-07S,MSE,cam,119,22,0.18487394957983194
3TKH-07S,MSE,diff,119,10,0.08403361344537816
3TKH-07S,MSE,gradcam,119,16,0.13445378151260504
3TKH-07S,MSE,gradinput,119,3,0.025210084033613446
3TKH-07S,MSE,ig,119,28,0.23529411764705882
3TKH-07S,MSE,shap,119,28,0.23529411764705882
3TV7-07Q,MSE,cam,264,30,0.11363636363636363
3TV7-07Q,MSE,diff,264,7,0.026515151515151516
3TV7-07Q,MSE,gradcam,264,17,0.06439393939393939
3TV7-07Q,MSE,gradinput,264,21,0.07954545454545454
3TV7-07Q,MSE,ig,264,8,0.030303030303030304
3TV7-07Q,MSE,shap,264,54,0.20454545454545456
3U6H-03X,MSE,cam,349,95,0.2722063037249284
3U6H-03X,MSE,diff,349,6,0.017191977077363897
3U6H-03X,MSE,gradcam,349,48,0.13753581661891118
3U6H-03X,MSE,gradinput,349,47,0.1346704871060172
3U6H-03X,MSE,ig,349,18,0.05157593123209169
3U6H-03X,MSE,shap,349,89,0.25501432664756446
3U9N-09H,MSE,cam,38,4,0.10526315789473684
3U9N-09H,MSE,diff,38,3,0.07894736842105263
3U9N-09H,MSE,gradcam,38,0,0.0
3U9N-09H,MSE,gradinput,38,6,0.15789473684210525
3U9N-09H,MSE,ig,38,4,0.10526315789473684
3U9N-09H,MSE,shap,38,6,0.15789473684210525
3UFL-508,MSE,cam,16,2,0.125
3UFL-508,MSE,diff,16,3,0.1875
3UFL-508,MSE,gradcam,16,1,0.0625
3UFL-508,MSE,gradinput,16,1,0.0625
3UFL-508,MSE,ig,16,2,0.125
3UFL-508,MSE,shap,16,5,0.3125
3UMW-596,MSE,cam,27,6,0.2222222222222222
3UMW-596,MSE,diff,27,0,0.0
3UMW-596,MSE,gradcam,27,1,0.037037037037037035
3UMW-596,MSE,gradinput,27,2,0.07407407407407407
3UMW-596,MSE,ig,27,0,0.0
3UMW-596,MSE,shap,27,3,0.1111111111111111
3VHE-42Q,MSE,cam,52,6,0.11538461538461539
3VHE-42Q,MSE,diff,52,5,0.09615384615384616
3VHE-42Q,MSE,gradcam,52,1,0.019230769230769232
3VHE-42Q,MSE,gradinput,52,2,0.038461538461538464
3VHE-42Q,MSE,ig,52,5,0.09615384615384616
3VHE-42Q,MSE,shap,52,12,0.23076923076923078
3VJC-ZGA,MSE,cam,29,1,0.034482758620689655
3VJC-ZGA,MSE,diff,29,1,0.034482758620689655
3VJC-ZGA,MSE,gradcam,29,4,0.13793103448275862
3VJC-ZGA,MSE,gradinput,29,2,0.06896551724137931
3VJC-ZGA,MSE,ig,29,2,0.06896551724137931
3VJC-ZGA,MSE,shap,29,9,0.3103448275862069
3VSW-R31,MSE,cam,69,38,0.5507246376811594
3VSW-R31,MSE,diff,69,2,0.028985507246376812
3VSW-R31,MSE,gradcam,69,15,0.21739130434782608
3VSW-R31,MSE,gradinput,69,3,0.043478260869565216
3VSW-R31,MSE,ig,69,1,0.014492753623188406
3VSW-R31,MSE,shap,69,20,0.2898550724637681
3VV6-B00,MSE,cam,34,3,0.08823529411764706
3VV6-B00,MSE,diff,34,1,0.029411764705882353
3VV6-B00,MSE,gradcam,34,7,0.20588235294117646
3VV6-B00,MSE,gradinput,34,1,0.029411764705882353
3VV6-B00,MSE,ig,34,13,0.38235294117647056
3VV6-B00,MSE,shap,34,6,0.17647058823529413
3W2T-LF7,MSE,cam,303,70,0.23102310231023102
3W2T-LF7,MSE,diff,303,37,0.12211221122112212
3W2T-LF7,MSE,gradcam,303,27,0.0891089108910891
3W2T-LF7,MSE,gradinput,303,44,0.14521452145214522
3W2T-LF7,MSE,ig,303,81,0.26732673267326734
3W2T-LF7,MSE,shap,303,76,0.2508250825082508
3WBL-PDY,MSE,cam,21,5,0.23809523809523808
3WBL-PDY,MSE,diff,21,4,0.19047619047619047
3WBL-PDY,MSE,gradcam,21,7,0.3333333333333333
3WBL-PDY,MSE,gradinput,21,6,0.2857142857142857
3WBL-PDY,MSE,ig,21,5,0.23809523809523808
3WBL-PDY,MSE,shap,21,6,0.2857142857142857
3WK4-S0A,MSE,cam,75,29,0.38666666666666666
3WK4-S0A,MSE,diff,75,1,0.013333333333333334
3WK4-S0A,MSE,gradcam,75,35,0.4666666666666667
3WK4-S0A,MSE,gradinput,75,8,0.10666666666666667
3WK4-S0A,MSE,ig,75,4,0.05333333333333334
3WK4-S0A,MSE,shap,75,10,0.13333333333333333
3WV1-WHH,MSE,cam,504,78,0.15476190476190477
3WV1-WHH,MSE,diff,504,21,0.041666666666666664
3WV1-WHH,MSE,gradcam,504,53,0.10515873015873016
3WV1-WHH,MSE,gradinput,504,36,0.07142857142857142
3WV1-WHH,MSE,ig,504,37,0.07341269841269842
3WV1-WHH,MSE,shap,504,127,0.251984126984127
3WZJ-O43,MSE,cam,72,1,0.013888888888888888
3WZJ-O43,MSE,diff,72,7,0.09722222222222222
3WZJ-O43,MSE,gradcam,72,4,0.05555555555555555
3WZJ-O43,MSE,gradinput,72,7,0.09722222222222222
3WZJ-O43,MSE,ig,72,16,0.2222222222222222
3WZJ-O43,MSE,shap,72,21,0.2916666666666667
3WZK-O23,MSE,cam,350,67,0.19142857142857142
3WZK-O23,MSE,diff,350,28,0.08
3WZK-O23,MSE,gradcam,350,31,0.08857142857142856
3WZK-O23,MSE,gradinput,350,46,0.13142857142857142
3WZK-O23,MSE,ig,350,13,0.037142857142857144
3WZK-O23,MSE,shap,350,93,0.26571428571428574
3ZIM-KKR,MSE,cam,30,8,0.26666666666666666
3ZIM-KKR,MSE,diff,30,1,0.03333333333333333
3ZIM-KKR,MSE,gradcam,30,3,0.1
3ZIM-KKR,MSE,gradinput,30,8,0.26666666666666666
3ZIM-KKR,MSE,ig,30,4,0.13333333333333333
3ZIM-KKR,MSE,shap,30,7,0.23333333333333334
3ZXH-E41,MSE,cam,360,56,0.15555555555555556
3ZXH-E41,MSE,diff,360,39,0.10833333333333334
3ZXH-E41,MSE,gradcam,360,26,0.07222222222222222
3ZXH-E41,MSE,gradinput,360,40,0.1111111111111111
3ZXH-E41,MSE,ig,360,76,0.2111111111111111
3ZXH-E41,MSE,shap,360,89,0.24722222222222223
4A7C-E46,MSE,cam,13,2,0.15384615384615385
4A7C-E46,MSE,diff,13,0,0.0
4A7C-E46,MSE,gradcam,13,4,0.3076923076923077
4A7C-E46,MSE,gradinput,13,1,0.07692307692307693
4A7C-E46,MSE,ig,13,0,0.0
4A7C-E46,MSE,shap,13,6,0.46153846153846156
4AEL-4HN,MSE,cam,103,34,0.3300970873786408
4AEL-4HN,MSE,diff,103,8,0.07766990291262135
4AEL-4HN,MSE,gradcam,103,19,0.18446601941747573
4AEL-4HN,MSE,gradinput,103,26,0.2524271844660194
4AEL-4HN,MSE,ig,103,16,0.1553398058252427
4AEL-4HN,MSE,shap,103,23,0.22330097087378642
4ANW-O92,MSE,cam,15,5,0.3333333333333333
4ANW-O92,MSE,diff,15,0,0.0
4ANW-O92,MSE,gradcam,15,3,0.2
4ANW-O92,MSE,gradinput,15,0,0.0
4ANW-O92,MSE,ig,15,2,0.13333333333333333
4ANW-O92,MSE,shap,15,6,0.4
4AOF-7L0,MSE,cam,87,24,0.27586206896551724
4AOF-7L0,MSE,diff,87,5,0.05747126436781609
4AOF-7L0,MSE,gradcam,87,7,0.08045977011494253
4AOF-7L0,MSE,gradinput,87,9,0.10344827586206896
4AOF-7L0,MSE,ig,87,7,0.08045977011494253
4AOF-7L0,MSE,shap,87,12,0.13793103448275862
4AQC-88A,MSE,cam,862,123,0.14269141531322505
4AQC-88A,MSE,diff,862,64,0.07424593967517401
4AQC-88A,MSE,gradcam,862,59,0.06844547563805105
4AQC-88A,MSE,gradinput,862,105,0.12180974477958237
4AQC-88A,MSE,ig,862,101,0.11716937354988399
4AQC-88A,MSE,shap,862,269,0.31206496519721577
4AZ0-S61,MSE,cam,24,2,0.08333333333333333
4AZ0-S61,MSE,diff,24,0,0.0
4AZ0-S61,MSE,gradcam,24,0,0.0
4AZ0-S61,MSE,gradinput,24,1,0.041666666666666664
4AZ0-S61,MSE,ig,24,5,0.20833333333333334
4AZ0-S61,MSE,shap,24,7,0.2916666666666667
4COD-KV1,MSE,cam,40,1,0.025
4COD-KV1,MSE,diff,40,1,0.025
4COD-KV1,MSE,gradcam,40,2,0.05
4COD-KV1,MSE,gradinput,40,2,0.05
4COD-KV1,MSE,ig,40,1,0.025
4COD-KV1,MSE,shap,40,6,0.15
4D08-Q2T,MSE,cam,1274,274,0.2150706436420722
4D08-Q2T,MSE,diff,1274,80,0.06279434850863422
4D08-Q2T,MSE,gradcam,1274,191,0.14992150706436422
4D08-Q2T,MSE,gradinput,1274,145,0.11381475667189953
4D08-Q2T,MSE,ig,1274,126,0.0989010989010989
4D08-Q2T,MSE,shap,1274,311,0.24411302982731553
4D2R-DYK,MSE,cam,15,2,0.13333333333333333
4D2R-DYK,MSE,diff,15,1,0.06666666666666667
4D2R-DYK,MSE,gradcam,15,1,0.06666666666666667
4D2R-DYK,MSE,gradinput,15,0,0.0
4D2R-DYK,MSE,ig,15,0,0.0
4D2R-DYK,MSE,shap,15,4,0.26666666666666666
4DDL-0JQ,MSE,cam,72,31,0.4305555555555556
4DDL-0JQ,MSE,diff,72,1,0.013888888888888888
4DDL-0JQ,MSE,gradcam,72,1,0.013888888888888888
4DDL-0JQ,MSE,gradinput,72,9,0.125
4DDL-0JQ,MSE,ig,72,16,0.2222222222222222
4DDL-0JQ,MSE,shap,72,18,0.25
4EK6-10K,MSE,cam,24,1,0.041666666666666664
4EK6-10K,MSE,diff,24,1,0.041666666666666664
4EK6-10K,MSE,gradcam,24,3,0.125
4EK6-10K,MSE,gradinput,24,0,0.0
4EK6-10K,MSE,ig,24,2,0.08333333333333333
4EK6-10K,MSE,shap,24,6,0.25
4EY5-HUP,MSE,cam,15,2,0.13333333333333333
4EY5-HUP,MSE,diff,15,0,0.0
4EY5-HUP,MSE,gradcam,15,0,0.0
4EY5-HUP,MSE,gradinput,15,0,0.0
4EY5-HUP,MSE,ig,15,0,0.0
4EY5-HUP,MSE,shap,15,2,0.13333333333333333
4FAL-0T0,MSE,cam,80,18,0.225
4FAL-0T0,MSE,diff,80,4,0.05
4FAL-0T0,MSE,gradcam,80,15,0.1875
4FAL-0T0,MSE,gradinput,80,9,0.1125
4FAL-0T0,MSE,ig,80,8,0.1
4FAL-0T0,MSE,shap,80,17,0.2125
4FKQ-42K,MSE,cam,34,7,0.20588235294117646
4FKQ-42K,MSE,diff,34,9,0.2647058823529412
4FKQ-42K,MSE,gradcam,34,8,0.23529411764705882
4FKQ-42K,MSE,gradinput,34,5,0.14705882352941177
4FKQ-42K,MSE,ig,34,4,0.11764705882352941
4FKQ-42K,MSE,shap,34,9,0.2647058823529412
4FSR-HKC,MSE,cam,886,162,0.18284424379232506
4FSR-HKC,MSE,diff,886,45,0.050790067720090294
4FSR-HKC,MSE,gradcam,886,138,0.15575620767494355
4FSR-HKC,MSE,gradinput,886,59,0.06659142212189616
4FSR-HKC,MSE,ig,886,63,0.07110609480812641
4FSR-HKC,MSE,shap,886,251,0.2832957110609481
4FSW-HK6,MSE,cam,176,55,0.3125
4FSW-HK6,MSE,diff,176,6,0.03409090909090909
4FSW-HK6,MSE,gradcam,176,11,0.0625
4FSW-HK6,MSE,gradinput,176,20,0.11363636363636363
4FSW-HK6,MSE,ig,176,15,0.08522727272727272
4FSW-HK6,MSE,shap,176,36,0.20454545454545456
4FZ7-0VH,MSE,cam,35,13,0.37142857142857144
4FZ7-0VH,MSE,diff,35,4,0.11428571428571428
4FZ7-0VH,MSE,gradcam,35,15,0.42857142857142855
4FZ7-0VH,MSE,gradinput,35,10,0.2857142857142857
4FZ7-0VH,MSE,ig,35,3,0.08571428571428572
4FZ7-0VH,MSE,shap,35,9,0.2571428571428571
4GG5-0J3,MSE,cam,33,3,0.09090909090909091
4GG5-0J3,MSE,diff,33,3,0.09090909090909091
4GG5-0J3,MSE,gradcam,33,3,0.09090909090909091
4GG5-0J3,MSE,gradinput,33,1,0.030303030303030304
4GG5-0J3,MSE,ig,33,0,0.0
4GG5-0J3,MSE,shap,33,7,0.21212121212121213
4GJ7-0LT,MSE,cam,210,25,0.11904761904761904
4GJ7-0LT,MSE,diff,210,22,0.10476190476190476
4GJ7-0LT,MSE,gradcam,210,37,0.1761904761904762
4GJ7-0LT,MSE,gradinput,210,37,0.1761904761904762
4GJ7-0LT,MSE,ig,210,2,0.009523809523809525
4GJ7-0LT,MSE,shap,210,59,0.28095238095238095
4GL5-G29,MSE,cam,13,2,0.15384615384615385
4GL5-G29,MSE,diff,13,1,0.07692307692307693
4GL5-G29,MSE,gradcam,13,6,0.46153846153846156
4GL5-G29,MSE,gradinput,13,1,0.07692307692307693
4GL5-G29,MSE,ig,13,0,0.0
4GL5-G29,MSE,shap,13,2,0.15384615384615385
4HAI-I23,MSE,cam,555,71,0.12792792792792793
4HAI-I23,MSE,diff,555,31,0.055855855855855854
4HAI-I23,MSE,gradcam,555,68,0.12252252252252252
4HAI-I23,MSE,gradinput,555,61,0.10990990990990991
4HAI-I23,MSE,ig,555,40,0.07207207207207207
4HAI-I23,MSE,shap,555,139,0.25045045045045045
4HBP-17J,MSE,cam,73,1,0.0136986301369863
4HBP-17J,MSE,diff,73,0,0.0
4HBP-17J,MSE,gradcam,73,1,0.0136986301369863
4HBP-17J,MSE,gradinput,73,2,0.0273972602739726
4HBP-17J,MSE,ig,73,21,0.2876712328767123
4HBP-17J,MSE,shap,73,19,0.2602739726027397
4HF4-15H,MSE,cam,16,5,0.3125
4HF4-15H,MSE,diff,16,2,0.125
4HF4-15H,MSE,gradcam,16,1,0.0625
4HF4-15H,MSE,gradinput,16,4,0.25
4HF4-15H,MSE,ig,16,2,0.125
4HF4-15H,MSE,shap,16,3,0.1875
4HMN-16J,MSE,cam,25,3,0.12
4HMN-16J,MSE,diff,25,3,0.12
4HMN-16J,MSE,gradcam,25,2,0.08
4HMN-16J,MSE,gradinput,25,3,0.12
4HMN-16J,MSE,ig,25,3,0.12
4HMN-16J,MSE,shap,25,6,0.24
4I8V-BHF,MSE,cam,28,0,0.0
4I8V-BHF,MSE,diff,28,2,0.07142857142857142
4I8V-BHF,MSE,gradcam,28,0,0.0
4I8V-BHF,MSE,gradinput,28,0,0.0
4I8V-BHF,MSE,ig,28,1,0.03571428571428571
4I8V-BHF,MSE,shap,28,7,0.25
4ID7-1G0,MSE,cam,2022,257,0.1271018793273986
4ID7-1G0,MSE,diff,2022,136,0.06726013847675569
4ID7-1G0,MSE,gradcam,2022,225,0.11127596439169139
4ID7-1G0,MSE,gradinput,2022,217,0.10731948565776459
4ID7-1G0,MSE,ig,2022,164,0.08110781404549951
4ID7-1G0,MSE,shap,2022,493,0.24381800197823936
4IS9-LTF,MSE,cam,13,0,0.0
4IS9-LTF,MSE,diff,13,0,0.0
4IS9-LTF,MSE,gradcam,13,0,0.0
4IS9-LTF,MSE,gradinput,13,0,0.0
4IS9-LTF,MSE,ig,13,0,0.0
4IS9-LTF,MSE,shap,13,2,0.15384615384615385
4JAI-XU2,MSE,cam,18,1,0.05555555555555555
4JAI-XU2,MSE,diff,18,0,0.0
4JAI-XU2,MSE,gradcam,18,0,0.0
4JAI-XU2,MSE,gradinput,18,0,0.0
4JAI-XU2,MSE,ig,18,4,0.2222222222222222
4JAI-XU2,MSE,shap,18,2,0.1111111111111111
4JIA-1K3,MSE,cam,134,28,0.208955223880597
4JIA-1K3,MSE,diff,134,22,0.16417910447761194
4JIA-1K3,MSE,gradcam,134,11,0.08208955223880597
4JIA-1K3,MSE,gradinput,134,8,0.05970149253731343
4JIA-1K3,MSE,ig,134,33,0.2462686567164179
4JIA-1K3,MSE,shap,134,38,0.2835820895522388
4JNC-1LF,MSE,cam,30,15,0.5
4JNC-1LF,MSE,diff,30,4,0.13333333333333333
4JNC-1LF,MSE,gradcam,30,5,0.16666666666666666
4JNC-1LF,MSE,gradinput,30,7,0.23333333333333334
4JNC-1LF,MSE,ig,30,5,0.16666666666666666
4JNC-1LF,MSE,shap,30,10,0.3333333333333333
4JNM-1LJ,MSE,cam,21,1,0.047619047619047616
4JNM-1LJ,MSE,diff,21,1,0.047619047619047616
4JNM-1LJ,MSE,gradcam,21,0,0.0
4JNM-1LJ,MSE,gradinput,21,2,0.09523809523809523
4JNM-1LJ,MSE,ig,21,0,0.0
4JNM-1LJ,MSE,shap,21,8,0.38095238095238093
4JOO-1M4,MSE,cam,22,4,0.18181818181818182
4JOO-1M4,MSE,diff,22,1,0.045454545454545456
4JOO-1M4,MSE,gradcam,22,2,0.09090909090909091
4JOO-1M4,MSE,gradinput,22,1,0.045454545454545456
4JOO-1M4,MSE,ig,22,2,0.09090909090909091
4JOO-1M4,MSE,shap,22,6,0.2727272727272727
4JQ7-KJQ,MSE,cam,65,10,0.15384615384615385
4JQ7-KJQ,MSE,diff,65,4,0.06153846153846154
4JQ7-KJQ,MSE,gradcam,65,4,0.06153846153846154
4JQ7-KJQ,MSE,gradinput,65,2,0.03076923076923077
4JQ7-KJQ,MSE,ig,65,6,0.09230769230769231
4JQ7-KJQ,MSE,shap,65,17,0.26153846153846155
4JQA-ID8,MSE,cam,99,65,0.6565656565656566
4JQA-ID8,MSE,diff,99,2,0.020202020202020204
4JQA-ID8,MSE,gradcam,99,8,0.08080808080808081
4JQA-ID8,MSE,gradinput,99,14,0.1414141414141414
4JQA-ID8,MSE,ig,99,2,0.020202020202020204
4JQA-ID8,MSE,shap,99,17,0.1717171717171717
4JR5-1LS,MSE,cam,75,15,0.2
4JR5-1LS,MSE,diff,75,2,0.02666666666666667
4JR5-1LS,MSE,gradcam,75,10,0.13333333333333333
4JR5-1LS,MSE,gradinput,75,12,0.16
4JR5-1LS,MSE,ig,75,7,0.09333333333333334
4JR5-1LS,MSE,shap,75,18,0.24
4JZE-1NK,MSE,cam,71,18,0.2535211267605634
4JZE-1NK,MSE,diff,71,12,0.16901408450704225
4JZE-1NK,MSE,gradcam,71,13,0.18309859154929578
4JZE-1NK,MSE,gradinput,71,8,0.11267605633802817
4JZE-1NK,MSE,ig,71,2,0.028169014084507043
4JZE-1NK,MSE,shap,71,19,0.2676056338028169
4KAK-06U,MSE,cam,94,37,0.39361702127659576
4KAK-06U,MSE,diff,94,13,0.13829787234042554
4KAK-06U,MSE,gradcam,94,9,0.09574468085106383
4KAK-06U,MSE,gradinput,94,18,0.19148936170212766
4KAK-06U,MSE,ig,94,6,0.06382978723404255
4KAK-06U,MSE,shap,94,22,0.23404255319148937
4KFN-1QR,MSE,cam,55,12,0.21818181818181817
4KFN-1QR,MSE,diff,55,5,0.09090909090909091
4KFN-1QR,MSE,gradcam,55,6,0.10909090909090909
4KFN-1QR,MSE,gradinput,55,4,0.07272727272727272
4KFN-1QR,MSE,ig,55,2,0.03636363636363636
4KFN-1QR,MSE,shap,55,15,0.2727272727272727
4KFO-1QS,MSE,cam,81,19,0.2345679012345679
4KFO-1QS,MSE,diff,81,15,0.18518518518518517
4KFO-1QS,MSE,gradcam,81,5,0.06172839506172839
4KFO-1QS,MSE,gradinput,81,8,0.09876543209876543
4KFO-1QS,MSE,ig,81,7,0.08641975308641975
4KFO-1QS,MSE,shap,81,28,0.345679012345679
4L23-X6K,MSE,cam,27,10,0.37037037037037035
4L23-X6K,MSE,diff,27,4,0.14814814814814814
4L23-X6K,MSE,gradcam,27,2,0.07407407407407407
4L23-X6K,MSE,gradinput,27,0,0.0
4L23-X6K,MSE,ig,27,2,0.07407407407407407
4L23-X6K,MSE,shap,27,6,0.2222222222222222
4L2Y-XXK,MSE,cam,23,4,0.17391304347826086
4L2Y-XXK,MSE,diff,23,2,0.08695652173913043
4L2Y-XXK,MSE,gradcam,23,2,0.08695652173913043
4L2Y-XXK,MSE,gradinput,23,1,0.043478260869565216
4L2Y-XXK,MSE,ig,23,0,0.0
4L2Y-XXK,MSE,shap,23,3,0.13043478260869565
4LTS-LTS,MSE,cam,14,0,0.0
4LTS-LTS,MSE,diff,14,0,0.0
4LTS-LTS,MSE,gradcam,14,0,0.0
4LTS-LTS,MSE,gradinput,14,0,0.0
4LTS-LTS,MSE,ig,14,0,0.0
4LTS-LTS,MSE,shap,14,5,0.35714285714285715
4LY1-20Y,MSE,cam,72,18,0.25
4LY1-20Y,MSE,diff,72,12,0.16666666666666666
4LY1-20Y,MSE,gradcam,72,7,0.09722222222222222
4LY1-20Y,MSE,gradinput,72,2,0.027777777777777776
4LY1-20Y,MSE,ig,72,4,0.05555555555555555
4LY1-20Y,MSE,shap,72,20,0.2777777777777778
4LYN-1YG,MSE,cam,112,14,0.125
4LYN-1YG,MSE,diff,112,8,0.07142857142857142
4LYN-1YG,MSE,gradcam,112,16,0.14285714285714285
4LYN-1YG,MSE,gradinput,112,8,0.07142857142857142
4LYN-1YG,MSE,ig,112,5,0.044642857142857144
4LYN-1YG,MSE,shap,112,20,0.17857142857142858
4M0F-1YK,MSE,cam,18,12,0.6666666666666666
4M0F-1YK,MSE,diff,18,6,0.3333333333333333
4M0F-1YK,MSE,gradcam,18,8,0.4444444444444444
4M0F-1YK,MSE,gradinput,18,9,0.5
4M0F-1YK,MSE,ig,18,3,0.16666666666666666
4M0F-1YK,MSE,shap,18,7,0.3888888888888889
4MBI-26K,MSE,cam,142,37,0.2605633802816901
4MBI-26K,MSE,diff,142,7,0.04929577464788732
4MBI-26K,MSE,gradcam,142,10,0.07042253521126761
4MBI-26K,MSE,gradinput,142,8,0.056338028169014086
4MBI-26K,MSE,ig,142,9,0.06338028169014084
4MBI-26K,MSE,shap,142,38,0.2676056338028169
4MPC-PV2,MSE,cam,13,3,0.23076923076923078
4MPC-PV2,MSE,diff,13,1,0.07692307692307693
4MPC-PV2,MSE,gradcam,13,0,0.0
4MPC-PV2,MSE,gradinput,13,2,0.15384615384615385
4MPC-PV2,MSE,ig,13,2,0.15384615384615385
4MPC-PV2,MSE,shap,13,1,0.07692307692307693
4MQ1-2C3,MSE,cam,26,7,0.2692307692307692
4MQ1-2C3,MSE,diff,26,5,0.19230769230769232
4MQ1-2C3,MSE,gradcam,26,2,0.07692307692307693
4MQ1-2C3,MSE,gradinput,26,0,0.0
4MQ1-2C3,MSE,ig,26,5,0.19230769230769232
4MQ1-2C3,MSE,shap,26,8,0.3076923076923077
4MXC-DWF,MSE,cam,39,8,0.20512820512820512
4MXC-DWF,MSE,diff,39,4,0.10256410256410256
4MXC-DWF,MSE,gradcam,39,13,0.3333333333333333
4MXC-DWF,MSE,gradinput,39,7,0.1794871794871795
4MXC-DWF,MSE,ig,39,7,0.1794871794871795
4MXC-DWF,MSE,shap,39,10,0.2564102564102564
4MXO-DB8,MSE,cam,2034,462,0.22713864306784662
4MXO-DB8,MSE,diff,2034,191,0.09390363815142576
4MXO-DB8,MSE,gradcam,2034,266,0.13077679449360866
4MXO-DB8,MSE,gradinput,2034,225,0.11061946902654868
4MXO-DB8,MSE,ig,2034,289,0.14208456243854473
4MXO-DB8,MSE,shap,2034,602,0.295968534906588
4NR7-2LO,MSE,cam,13,5,0.38461538461538464
4NR7-2LO,MSE,diff,13,2,0.15384615384615385
4NR7-2LO,MSE,gradcam,13,1,0.07692307692307693
4NR7-2LO,MSE,gradinput,13,0,0.0
4NR7-2LO,MSE,ig,13,0,0.0
4NR7-2LO,MSE,shap,13,3,0.23076923076923078
4O04-2Q8,MSE,cam,38,1,0.02631578947368421
4O04-2Q8,MSE,diff,38,1,0.02631578947368421
4O04-2Q8,MSE,gradcam,38,5,0.13157894736842105
4O04-2Q8,MSE,gradinput,38,1,0.02631578947368421
4O04-2Q8,MSE,ig,38,3,0.07894736842105263
4O04-2Q8,MSE,shap,38,1,0.02631578947368421
4O1L-HO4,MSE,cam,988,296,0.29959514170040485
4O1L-HO4,MSE,diff,988,90,0.09109311740890688
4O1L-HO4,MSE,gradcam,988,100,0.10121457489878542
4O1L-HO4,MSE,gradinput,988,58,0.058704453441295545
4O1L-HO4,MSE,ig,988,153,0.1548582995951417
4O1L-HO4,MSE,shap,988,242,0.24493927125506074
4OBO-2QV,MSE,cam,16,2,0.125
4OBO-2QV,MSE,diff,16,0,0.0
4OBO-2QV,MSE,gradcam,16,1,0.0625
4OBO-2QV,MSE,gradinput,16,1,0.0625
4OBO-2QV,MSE,ig,16,1,0.0625
4OBO-2QV,MSE,shap,16,3,0.1875
4OBZ-2S4,MSE,cam,1154,129,0.11178509532062392
4OBZ-2S4,MSE,diff,1154,83,0.07192374350086655
4OBZ-2S4,MSE,gradcam,1154,151,0.13084922010398614
4OBZ-2S4,MSE,gradinput,1154,195,0.16897746967071056
4OBZ-2S4,MSE,ig,1154,158,0.1369150779896014
4OBZ-2S4,MSE,shap,1154,297,0.25736568457538994
4OCZ-2RU,MSE,cam,227,86,0.3788546255506608
4OCZ-2RU,MSE,diff,227,19,0.08370044052863436
4OCZ-2RU,MSE,gradcam,227,39,0.17180616740088106
4OCZ-2RU,MSE,gradinput,227,42,0.18502202643171806
4OCZ-2RU,MSE,ig,227,21,0.09251101321585903
4OCZ-2RU,MSE,shap,227,63,0.2775330396475771
4PHW-2W1,MSE,cam,821,83,0.10109622411693057
4PHW-2W1,MSE,diff,821,51,0.06211936662606577
4PHW-2W1,MSE,gradcam,821,57,0.06942752740560293
4PHW-2W1,MSE,gradinput,821,52,0.06333739342265529
4PHW-2W1,MSE,ig,821,76,0.0925700365408039
4PHW-2W1,MSE,shap,821,173,0.21071863580998781
4PM0-32V,MSE,cam,154,19,0.12337662337662338
4PM0-32V,MSE,diff,154,1,0.006493506493506494
4PM0-32V,MSE,gradcam,154,7,0.045454545454545456
4PM0-32V,MSE,gradinput,154,13,0.08441558441558442
4PM0-32V,MSE,ig,154,5,0.032467532467532464
4PM0-32V,MSE,shap,154,32,0.2077922077922078
4QHV-IXF,MSE,cam,50,18,0.36
4QHV-IXF,MSE,diff,50,9,0.18
4QHV-IXF,MSE,gradcam,50,16,0.32
4QHV-IXF,MSE,gradinput,50,6,0.12
4QHV-IXF,MSE,ig,50,8,0.16
4QHV-IXF,MSE,shap,50,15,0.3
4QO8-36U,MSE,cam,40,8,0.2
4QO8-36U,MSE,diff,40,3,0.075
4QO8-36U,MSE,gradcam,40,6,0.15
4QO8-36U,MSE,gradinput,40,4,0.1
4QO8-36U,MSE,ig,40,6,0.15
4QO8-36U,MSE,shap,40,12,0.3
4QP7-363,MSE,cam,41,14,0.34146341463414637
4QP7-363,MSE,diff,41,6,0.14634146341463414
4QP7-363,MSE,gradcam,41,0,0.0
4QP7-363,MSE,gradinput,41,4,0.0975609756097561
4QP7-363,MSE,ig,41,1,0.024390243902439025
4QP7-363,MSE,shap,41,6,0.14634146341463414
4RLI-3SH,MSE,cam,18,8,0.4444444444444444
4RLI-3SH,MSE,diff,18,2,0.1111111111111111
4RLI-3SH,MSE,gradcam,18,1,0.05555555555555555
4RLI-3SH,MSE,gradinput,18,3,0.16666666666666666
4RLI-3SH,MSE,ig,18,1,0.05555555555555555
4RLI-3SH,MSE,shap,18,4,0.2222222222222222
4RLS-49C,MSE,cam,14,0,0.0
4RLS-49C,MSE,diff,14,0,0.0
4RLS-49C,MSE,gradcam,14,1,0.07142857142857142
4RLS-49C,MSE,gradinput,14,2,0.14285714285714285
4RLS-49C,MSE,ig,14,1,0.07142857142857142
4RLS-49C,MSE,shap,14,2,0.14285714285714285
4RSS-4MG,MSE,cam,165,12,0.07272727272727272
4RSS-4MG,MSE,diff,165,19,0.11515151515151516
4RSS-4MG,MSE,gradcam,165,13,0.07878787878787878
4RSS-4MG,MSE,gradinput,165,6,0.03636363636363636
4RSS-4MG,MSE,ig,165,9,0.05454545454545454
4RSS-4MG,MSE,shap,165,36,0.21818181818181817
4RX5-3YO,MSE,cam,21,3,0.14285714285714285
4RX5-3YO,MSE,diff,21,3,0.14285714285714285
4RX5-3YO,MSE,gradcam,21,1,0.047619047619047616
4RX5-3YO,MSE,gradinput,21,1,0.047619047619047616
4RX5-3YO,MSE,ig,21,3,0.14285714285714285
4RX5-3YO,MSE,shap,21,11,0.5238095238095238
4TPM-35E,MSE,cam,32,6,0.1875
4TPM-35E,MSE,diff,32,2,0.0625
4TPM-35E,MSE,gradcam,32,4,0.125
4TPM-35E,MSE,gradinput,32,5,0.15625
4TPM-35E,MSE,ig,32,1,0.03125
4TPM-35E,MSE,shap,32,3,0.09375
4TPT-35H,MSE,cam,30,2,0.06666666666666667
4TPT-35H,MSE,diff,30,5,0.16666666666666666
4TPT-35H,MSE,gradcam,30,4,0.13333333333333333
4TPT-35H,MSE,gradinput,30,1,0.03333333333333333
4TPT-35H,MSE,ig,30,0,0.0
4TPT-35H,MSE,shap,30,6,0.2
4TV3-ML9,MSE,cam,912,197,0.21600877192982457
4TV3-ML9,MSE,diff,912,76,0.08333333333333333
4TV3-ML9,MSE,gradcam,912,79,0.08662280701754387
4TV3-ML9,MSE,gradinput,912,112,0.12280701754385964
4TV3-ML9,MSE,ig,912,77,0.08442982456140351
4TV3-ML9,MSE,shap,912,222,0.24342105263157895
4TY1-38W,MSE,cam,525,86,0.16380952380952382
4TY1-38W,MSE,diff,525,24,0.045714285714285714
4TY1-38W,MSE,gradcam,525,57,0.10857142857142857
4TY1-38W,MSE,gradinput,525,71,0.13523809523809524
4TY1-38W,MSE,ig,525,34,0.06476190476190476
4TY1-38W,MSE,shap,525,140,0.26666666666666666
4U41-3C8,MSE,cam,86,9,0.10465116279069768
4U41-3C8,MSE,diff,86,3,0.03488372093023256
4U41-3C8,MSE,gradcam,86,5,0.05813953488372093
4U41-3C8,MSE,gradinput,86,4,0.046511627906976744
4U41-3C8,MSE,ig,86,4,0.046511627906976744
4U41-3C8,MSE,shap,86,17,0.19767441860465115
4U43-3D8,MSE,cam,45,19,0.4222222222222222
4U43-3D8,MSE,diff,45,2,0.044444444444444446
4U43-3D8,MSE,gradcam,45,1,0.022222222222222223
4U43-3D8,MSE,gradinput,45,2,0.044444444444444446
4U43-3D8,MSE,ig,45,3,0.06666666666666667
4U43-3D8,MSE,shap,45,6,0.13333333333333333
4UYE-9F9,MSE,cam,42,2,0.047619047619047616
4UYE-9F9,MSE,diff,42,0,0.0
4UYE-9F9,MSE,gradcam,42,1,0.023809523809523808
4UYE-9F9,MSE,gradinput,42,1,0.023809523809523808
4UYE-9F9,MSE,ig,42,3,0.07142857142857142
4UYE-9F9,MSE,shap,42,10,0.23809523809523808
4W4V-3H8,MSE,cam,62,8,0.12903225806451613
4W4V-3H8,MSE,diff,62,4,0.06451612903225806
4W4V-3H8,MSE,gradcam,62,7,0.11290322580645161
4W4V-3H8,MSE,gradinput,62,4,0.06451612903225806
4W4V-3H8,MSE,ig,62,8,0.12903225806451613
4W4V-3H8,MSE,shap,62,21,0.3387096774193548
4WOT-3SG,MSE,cam,83,16,0.1927710843373494
4WOT-3SG,MSE,diff,83,1,0.012048192771084338
4WOT-3SG,MSE,gradcam,83,10,0.12048192771084337
4WOT-3SG,MSE,gradinput,83,15,0.18072289156626506
4WOT-3SG,MSE,ig,83,13,0.1566265060240964
4WOT-3SG,MSE,shap,83,18,0.21686746987951808
4WPF-3SN,MSE,cam,81,14,0.1728395061728395
4WPF-3SN,MSE,diff,81,8,0.09876543209876543
4WPF-3SN,MSE,gradcam,81,12,0.14814814814814814
4WPF-3SN,MSE,gradinput,81,9,0.1111111111111111
4WPF-3SN,MSE,ig,81,4,0.04938271604938271
4WPF-3SN,MSE,shap,81,16,0.19753086419753085
4WQP-3SX,MSE,cam,677,69,0.1019202363367799
4WQP-3SX,MSE,diff,677,36,0.053175775480059084
4WQP-3SX,MSE,gradcam,677,46,0.06794682422451995
4WQP-3SX,MSE,gradinput,677,54,0.07976366322008863
4WQP-3SX,MSE,ig,677,41,0.060561299852289516
4WQP-3SX,MSE,shap,677,156,0.23042836041358936
4WT6-3U6,MSE,cam,751,186,0.24766977363515313
4WT6-3U6,MSE,diff,751,43,0.05725699067909454
4WT6-3U6,MSE,gradcam,751,115,0.15312916111850866
4WT6-3U6,MSE,gradinput,751,63,0.08388814913448735
4WT6-3U6,MSE,ig,751,92,0.12250332889480692
4WT6-3U6,MSE,shap,751,206,0.27430093209054596
4WY1-3VO,MSE,cam,1428,334,0.2338935574229692
4WY1-3VO,MSE,diff,1428,106,0.0742296918767507
4WY1-3VO,MSE,gradcam,1428,104,0.07282913165266107
4WY1-3VO,MSE,gradinput,1428,122,0.08543417366946779
4WY1-3VO,MSE,ig,1428,133,0.09313725490196079
4WY1-3VO,MSE,shap,1428,363,0.2542016806722689
4X6X-S74,MSE,cam,30,11,0.36666666666666664
4X6X-S74,MSE,diff,30,2,0.06666666666666667
4X6X-S74,MSE,gradcam,30,3,0.1
4X6X-S74,MSE,gradinput,30,5,0.16666666666666666
4X6X-S74,MSE,ig,30,3,0.1
4X6X-S74,MSE,shap,30,8,0.26666666666666666
4X7I-3YS,MSE,cam,389,99,0.2544987146529563
4X7I-3YS,MSE,diff,389,40,0.10282776349614396
4X7I-3YS,MSE,gradcam,389,91,0.23393316195372751
4X7I-3YS,MSE,gradinput,389,81,0.20822622107969152
4X7I-3YS,MSE,ig,389,41,0.10539845758354756
4X7I-3YS,MSE,shap,389,108,0.2776349614395887
4XHK-3YR,MSE,cam,204,42,0.20588235294117646
4XHK-3YR,MSE,diff,204,12,0.058823529411764705
4XHK-3YR,MSE,gradcam,204,12,0.058823529411764705
4XHK-3YR,MSE,gradinput,204,13,0.06372549019607843
4XHK-3YR,MSE,ig,204,15,0.07352941176470588
4XHK-3YR,MSE,shap,204,40,0.19607843137254902
4XJ0-41B,MSE,cam,22,0,0.0
4XJ0-41B,MSE,diff,22,0,0.0
4XJ0-41B,MSE,gradcam,22,0,0.0
4XJ0-41B,MSE,gradinput,22,0,0.0
4XJ0-41B,MSE,ig,22,0,0.0
4XJ0-41B,MSE,shap,22,3,0.13636363636363635
4XMO-46G,MSE,cam,20,11,0.55
4XMO-46G,MSE,diff,20,1,0.05
4XMO-46G,MSE,gradcam,20,2,0.1
4XMO-46G,MSE,gradinput,20,2,0.1
4XMO-46G,MSE,ig,20,0,0.0
4XMO-46G,MSE,shap,20,3,0.15
4XT9-43V,MSE,cam,59,39,0.6610169491525424
4XT9-43V,MSE,diff,59,7,0.11864406779661017
4XT9-43V,MSE,gradcam,59,5,0.0847457627118644
4XT9-43V,MSE,gradinput,59,4,0.06779661016949153
4XT9-43V,MSE,ig,59,10,0.1694915254237288
4XT9-43V,MSE,shap,59,18,0.3050847457627119
4Y73-XPY,MSE,cam,157,8,0.050955414012738856
4Y73-XPY,MSE,diff,157,13,0.08280254777070063
4Y73-XPY,MSE,gradcam,157,11,0.07006369426751592
4Y73-XPY,MSE,gradinput,157,12,0.07643312101910828
4Y73-XPY,MSE,ig,157,25,0.1592356687898089
4Y73-XPY,MSE,shap,157,39,0.2484076433121019
4YFF-4CV,MSE,cam,95,21,0.22105263157894736
4YFF-4CV,MSE,diff,95,10,0.10526315789473684
4YFF-4CV,MSE,gradcam,95,4,0.042105263157894736
4YFF-4CV,MSE,gradinput,95,4,0.042105263157894736
4YFF-4CV,MSE,ig,95,10,0.10526315789473684
4YFF-4CV,MSE,shap,95,17,0.17894736842105263
4YL0-4DZ,MSE,cam,32,5,0.15625
4YL0-4DZ,MSE,diff,32,2,0.0625
4YL0-4DZ,MSE,gradcam,32,2,0.0625
4YL0-4DZ,MSE,gradinput,32,0,0.0
4YL0-4DZ,MSE,ig,32,2,0.0625
4YL0-4DZ,MSE,shap,32,6,0.1875
4YPQ-4F1,MSE,cam,1053,306,0.2905982905982906
4YPQ-4F1,MSE,diff,1053,63,0.05982905982905983
4YPQ-4F1,MSE,gradcam,1053,112,0.1063627730294397
4YPQ-4F1,MSE,gradinput,1053,104,0.09876543209876543
4YPQ-4F1,MSE,ig,1053,92,0.08736942070275404
4YPQ-4F1,MSE,shap,1053,282,0.2678062678062678
4ZAU-YY3,MSE,cam,59,14,0.23728813559322035
4ZAU-YY3,MSE,diff,59,9,0.15254237288135594
4ZAU-YY3,MSE,gradcam,59,5,0.0847457627118644
4ZAU-YY3,MSE,gradinput,59,4,0.06779661016949153
4ZAU-YY3,MSE,ig,59,6,0.1016949152542373
4ZAU-YY3,MSE,shap,59,11,0.1864406779661017
4ZIM-4OK,MSE,cam,158,29,0.18354430379746836
4ZIM-4OK,MSE,diff,158,13,0.08227848101265822
4ZIM-4OK,MSE,gradcam,158,9,0.056962025316455694
4ZIM-4OK,MSE,gradinput,158,21,0.13291139240506328
4ZIM-4OK,MSE,ig,158,17,0.10759493670886076
4ZIM-4OK,MSE,shap,158,44,0.27848101265822783
4ZJW-4P1,MSE,cam,18,1,0.05555555555555555
4ZJW-4P1,MSE,diff,18,1,0.05555555555555555
4ZJW-4P1,MSE,gradcam,18,1,0.05555555555555555
4ZJW-4P1,MSE,gradinput,18,0,0.0
4ZJW-4P1,MSE,ig,18,1,0.05555555555555555
4ZJW-4P1,MSE,shap,18,2,0.1111111111111111
4ZZI-1NS,MSE,cam,28,9,0.32142857142857145
4ZZI-1NS,MSE,diff,28,9,0.32142857142857145
4ZZI-1NS,MSE,gradcam,28,7,0.25
4ZZI-1NS,MSE,gradinput,28,4,0.14285714285714285
4ZZI-1NS,MSE,ig,28,2,0.07142857142857142
4ZZI-1NS,MSE,shap,28,12,0.42857142857142855
5A09-JJD,MSE,cam,4806,1166,0.2426133999167707
5A09-JJD,MSE,diff,4806,320,0.06658343736995423
5A09-JJD,MSE,gradcam,4806,936,0.1947565543071161
5A09-JJD,MSE,gradinput,4806,726,0.15106117353308365
5A09-JJD,MSE,ig,4806,477,0.09925093632958802
5A09-JJD,MSE,shap,4806,1310,0.2725759467332501
5AM3-AUB,MSE,cam,22,2,0.09090909090909091
5AM3-AUB,MSE,diff,22,0,0.0
5AM3-AUB,MSE,gradcam,22,0,0.0
5AM3-AUB,MSE,gradinput,22,2,0.09090909090909091
5AM3-AUB,MSE,ig,22,1,0.045454545454545456
5AM3-AUB,MSE,shap,22,5,0.22727272727272727
5AXP-4LK,MSE,cam,18,9,0.5
5AXP-4LK,MSE,diff,18,0,0.0
5AXP-4LK,MSE,gradcam,18,2,0.1111111111111111
5AXP-4LK,MSE,gradinput,18,0,0.0
5AXP-4LK,MSE,ig,18,10,0.5555555555555556
5AXP-4LK,MSE,shap,18,3,0.16666666666666666
5CF4-50Y,MSE,cam,32,5,0.15625
5CF4-50Y,MSE,diff,32,2,0.0625
5CF4-50Y,MSE,gradcam,32,2,0.0625
5CF4-50Y,MSE,gradinput,32,4,0.125
5CF4-50Y,MSE,ig,32,0,0.0
5CF4-50Y,MSE,shap,32,10,0.3125
5D1J-56H,MSE,cam,129,26,0.20155038759689922
5D1J-56H,MSE,diff,129,7,0.05426356589147287
5D1J-56H,MSE,gradcam,129,12,0.09302325581395349
5D1J-56H,MSE,gradinput,129,10,0.07751937984496124
5D1J-56H,MSE,ig,129,13,0.10077519379844961
5D1J-56H,MSE,shap,129,37,0.2868217054263566
5DXU-5H5,MSE,cam,139,21,0.1510791366906475
5DXU-5H5,MSE,diff,139,20,0.14388489208633093
5DXU-5H5,MSE,gradcam,139,14,0.10071942446043165
5DXU-5H5,MSE,gradinput,139,5,0.03597122302158273
5DXU-5H5,MSE,ig,139,12,0.08633093525179857
5DXU-5H5,MSE,shap,139,43,0.30935251798561153
5E1E-5JG,MSE,cam,21,2,0.09523809523809523
5E1E-5JG,MSE,diff,21,0,0.0
5E1E-5JG,MSE,gradcam,21,1,0.047619047619047616
5E1E-5JG,MSE,gradinput,21,0,0.0
5E1E-5JG,MSE,ig,21,0,0.0
5E1E-5JG,MSE,shap,21,3,0.14285714285714285
5EDH-5MF,MSE,cam,697,127,0.18220946915351507
5EDH-5MF,MSE,diff,697,29,0.04160688665710186
5EDH-5MF,MSE,gradcam,697,60,0.08608321377331421
5EDH-5MF,MSE,gradinput,697,57,0.08177905308464849
5EDH-5MF,MSE,ig,697,71,0.10186513629842181
5EDH-5MF,MSE,shap,697,139,0.1994261119081779
5EK2-5PJ,MSE,cam,13,4,0.3076923076923077
5EK2-5PJ,MSE,diff,13,4,0.3076923076923077
5EK2-5PJ,MSE,gradcam,13,6,0.46153846153846156
5EK2-5PJ,MSE,gradinput,13,6,0.46153846153846156
5EK2-5PJ,MSE,ig,13,2,0.15384615384615385
5EK2-5PJ,MSE,shap,13,4,0.3076923076923077
5EOL-5QO,MSE,cam,4936,817,0.1655186385737439
5EOL-5QO,MSE,diff,4936,362,0.0733387358184765
5EOL-5QO,MSE,gradcam,4936,565,0.11446515397082659
5EOL-5QO,MSE,gradinput,4936,490,0.09927066450567261
5EOL-5QO,MSE,ig,4936,607,0.12297406807131281
5EOL-5QO,MSE,shap,4936,1130,0.22893030794165317
5FTO-YMX,MSE,cam,15,1,0.06666666666666667
5FTO-YMX,MSE,diff,15,2,0.13333333333333333
5FTO-YMX,MSE,gradcam,15,1,0.06666666666666667
5FTO-YMX,MSE,gradinput,15,2,0.13333333333333333
5FTO-YMX,MSE,ig,15,0,0.0
5FTO-YMX,MSE,shap,15,2,0.13333333333333333
5HDU-60W,MSE,cam,33,9,0.2727272727272727
5HDU-60W,MSE,diff,33,1,0.030303030303030304
5HDU-60W,MSE,gradcam,33,3,0.09090909090909091
5HDU-60W,MSE,gradinput,33,0,0.0
5HDU-60W,MSE,ig,33,2,0.06060606060606061
5HDU-60W,MSE,shap,33,8,0.24242424242424243
5IIS-6CB,MSE,cam,60,11,0.18333333333333332
5IIS-6CB,MSE,diff,60,1,0.016666666666666666
5IIS-6CB,MSE,gradcam,60,2,0.03333333333333333
5IIS-6CB,MSE,gradinput,60,2,0.03333333333333333
5IIS-6CB,MSE,ig,60,2,0.03333333333333333
5IIS-6CB,MSE,shap,60,8,0.13333333333333333
830C-RS1,MSE,cam,31,1,0.03225806451612903
830C-RS1,MSE,diff,31,0,0.0
830C-RS1,MSE,gradcam,31,7,0.22580645161290322
830C-RS1,MSE,gradinput,31,6,0.1935483870967742
830C-RS1,MSE,ig,31,7,0.22580645161290322
830C-RS1,MSE,shap,31,7,0.22580645161290322
966C-RS2,MSE,cam,54,24,0.4444444444444444
966C-RS2,MSE,diff,54,6,0.1111111111111111
966C-RS2,MSE,gradcam,54,10,0.18518518518518517
966C-RS2,MSE,gradinput,54,8,0.14814814814814814
966C-RS2,MSE,ig,54,3,0.05555555555555555
966C-RS2,MSE,shap,54,14,0.25925925925925924
