analysis_set,dataset,endpoint_class,test_row_index,multiplicity
archived_matches,CHEMBL214_Ki,cliff,7,1
archived_matches,CHEMBL214_Ki,cliff,9,3
archived_matches,CHEMBL214_Ki,cliff,10,1
archived_matches,CHEMBL214_Ki,cliff,21,2
archived_matches,CHEMBL214_Ki,cliff,22,3
archived_matches,CHEMBL214_Ki,cliff,28,1
archived_matches,CHEMBL214_Ki,cliff,29,1
archived_matches,CHEMBL214_Ki,cliff,31,2
archived_matches,CHEMBL214_Ki,cliff,33,1
archived_matches,CHEMBL214_Ki,cliff,34,1
archived_matches,CHEMBL214_Ki,cliff,38,2
archived_matches,CHEMBL214_Ki,cliff,39,5
archived_matches,CHEMBL214_Ki,cliff,40,3
archived_matches,CHEMBL214_Ki,cliff,41,2
archived_matches,CHEMBL214_Ki,cliff,49,1
archived_matches,CHEMBL214_Ki,cliff,50,1
archived_matches,CHEMBL214_Ki,cliff,54,2
archived_matches,CHEMBL214_Ki,cliff,58,1
archived_matches,CHEMBL214_Ki,cliff,59,1
archived_matches,CHEMBL214_Ki,cliff,62,5
archived_matches,CHEMBL214_Ki,cliff,63,5
archived_matches,CHEMBL214_Ki,cliff,64,4
archived_matches,CHEMBL214_Ki,cliff,65,5
archived_matches,CHEMBL214_Ki,cliff,68,3
archived_matches,CHEMBL214_Ki,cliff,69,2
archived_matches,CHEMBL214_Ki,cliff,70,1
archived_matches,CHEMBL214_Ki,cliff,74,1
archived_matches,CHEMBL214_Ki,cliff,75,1
archived_matches,CHEMBL214_Ki,cliff,81,1
archived_matches,CHEMBL214_Ki,cliff,82,1
archived_matches,CHEMBL214_Ki,cliff,83,1
archived_matches,CHEMBL214_Ki,cliff,84,2
archived_matches,CHEMBL214_Ki,cliff,85,1
archived_matches,CHEMBL214_Ki,cliff,86,4
archived_matches,CHEMBL214_Ki,cliff,87,2
archived_matches,CHEMBL214_Ki,cliff,88,3
archived_matches,CHEMBL214_Ki,cliff,89,1
archived_matches,CHEMBL214_Ki,cliff,90,1
archived_matches,CHEMBL214_Ki,cliff,91,2
archived_matches,CHEMBL214_Ki,cliff,92,2
archived_matches,CHEMBL214_Ki,cliff,93,2
archived_matches,CHEMBL214_Ki,cliff,107,1
archived_matches,CHEMBL214_Ki,cliff,108,1
archived_matches,CHEMBL214_Ki,cliff,123,1
archived_matches,CHEMBL214_Ki,cliff,124,1
archived_matches,CHEMBL214_Ki,cliff,135,2
archived_matches,CHEMBL214_Ki,cliff,137,2
archived_matches,CHEMBL214_Ki,cliff,138,2
archived_matches,CHEMBL214_Ki,cliff,140,3
archived_matches,CHEMBL214_Ki,cliff,142,3
archived_matches,CHEMBL214_Ki,cliff,149,1
archived_matches,CHEMBL214_Ki,cliff,152,1
archived_matches,CHEMBL214_Ki,cliff,161,1
archived_matches,CHEMBL214_Ki,cliff,163,2
archived_matches,CHEMBL214_Ki,cliff,164,1
archived_matches,CHEMBL214_Ki,cliff,212,2
archived_matches,CHEMBL214_Ki,cliff,240,1
archived_matches,CHEMBL214_Ki,cliff,241,4
archived_matches,CHEMBL214_Ki,cliff,242,2
archived_matches,CHEMBL214_Ki,cliff,243,2
archived_matches,CHEMBL214_Ki,cliff,244,3
archived_matches,CHEMBL214_Ki,cliff,245,1
archived_matches,CHEMBL214_Ki,cliff,246,3
archived_matches,CHEMBL214_Ki,cliff,254,1
archived_matches,CHEMBL214_Ki,cliff,258,1
archived_matches,CHEMBL214_Ki,cliff,267,1
archived_matches,CHEMBL214_Ki,cliff,268,1
archived_matches,CHEMBL214_Ki,cliff,315,1
archived_matches,CHEMBL214_Ki,cliff,316,1
archived_matches,CHEMBL214_Ki,cliff,326,1
archived_matches,CHEMBL214_Ki,cliff,332,3
archived_matches,CHEMBL214_Ki,cliff,344,1
archived_matches,CHEMBL214_Ki,cliff,346,1
archived_matches,CHEMBL214_Ki,cliff,348,1
archived_matches,CHEMBL214_Ki,cliff,349,1
archived_matches,CHEMBL214_Ki,cliff,353,1
archived_matches,CHEMBL214_Ki,cliff,355,1
archived_matches,CHEMBL214_Ki,cliff,368,1
archived_matches,CHEMBL214_Ki,cliff,369,1
archived_matches,CHEMBL214_Ki,cliff,371,1
archived_matches,CHEMBL214_Ki,cliff,372,4
archived_matches,CHEMBL214_Ki,cliff,374,1
archived_matches,CHEMBL214_Ki,cliff,375,3
archived_matches,CHEMBL214_Ki,cliff,377,1
archived_matches,CHEMBL214_Ki,cliff,380,2
archived_matches,CHEMBL214_Ki,cliff,390,1
archived_matches,CHEMBL214_Ki,cliff,405,1
archived_matches,CHEMBL214_Ki,cliff,407,1
archived_matches,CHEMBL214_Ki,cliff,409,1
archived_matches,CHEMBL214_Ki,cliff,421,1
archived_matches,CHEMBL214_Ki,cliff,422,3
archived_matches,CHEMBL214_Ki,cliff,423,1
archived_matches,CHEMBL214_Ki,cliff,425,1
archived_matches,CHEMBL214_Ki,cliff,434,2
archived_matches,CHEMBL214_Ki,cliff,436,2
archived_matches,CHEMBL214_Ki,cliff,437,2
archived_matches,CHEMBL214_Ki,cliff,439,1
archived_matches,CHEMBL214_Ki,cliff,440,2
archived_matches,CHEMBL214_Ki,cliff,446,1
archived_matches,CHEMBL214_Ki,cliff,491,1
archived_matches,CHEMBL214_Ki,cliff,492,1
archived_matches,CHEMBL214_Ki,cliff,497,4
archived_matches,CHEMBL214_Ki,cliff,498,3
archived_matches,CHEMBL214_Ki,cliff,499,1
archived_matches,CHEMBL214_Ki,cliff,500,1
archived_matches,CHEMBL214_Ki,cliff,501,9
archived_matches,CHEMBL214_Ki,cliff,502,7
archived_matches,CHEMBL214_Ki,cliff,508,2
archived_matches,CHEMBL214_Ki,cliff,509,1
archived_matches,CHEMBL214_Ki,cliff,510,1
archived_matches,CHEMBL214_Ki,cliff,512,2
archived_matches,CHEMBL214_Ki,cliff,513,1
archived_matches,CHEMBL214_Ki,cliff,516,2
archived_matches,CHEMBL214_Ki,cliff,520,2
archived_matches,CHEMBL214_Ki,cliff,521,4
archived_matches,CHEMBL214_Ki,cliff,522,3
archived_matches,CHEMBL214_Ki,cliff,523,4
archived_matches,CHEMBL214_Ki,cliff,524,3
archived_matches,CHEMBL214_Ki,cliff,526,1
archived_matches,CHEMBL214_Ki,cliff,527,4
archived_matches,CHEMBL214_Ki,cliff,531,1
archived_matches,CHEMBL214_Ki,cliff,532,1
archived_matches,CHEMBL214_Ki,cliff,533,1
archived_matches,CHEMBL214_Ki,cliff,534,1
archived_matches,CHEMBL214_Ki,cliff,535,1
archived_matches,CHEMBL214_Ki,cliff,538,2
archived_matches,CHEMBL214_Ki,cliff,539,1
archived_matches,CHEMBL214_Ki,cliff,540,1
archived_matches,CHEMBL214_Ki,cliff,543,1
archived_matches,CHEMBL214_Ki,cliff,551,1
archived_matches,CHEMBL214_Ki,cliff,552,3
archived_matches,CHEMBL214_Ki,cliff,556,1
archived_matches,CHEMBL214_Ki,cliff,565,1
archived_matches,CHEMBL214_Ki,cliff,566,1
archived_matches,CHEMBL214_Ki,cliff,568,1
archived_matches,CHEMBL214_Ki,cliff,570,4
archived_matches,CHEMBL214_Ki,cliff,575,3
archived_matches,CHEMBL214_Ki,cliff,576,1
archived_matches,CHEMBL214_Ki,cliff,578,1
archived_matches,CHEMBL214_Ki,cliff,581,1
archived_matches,CHEMBL214_Ki,cliff,582,1
archived_matches,CHEMBL214_Ki,cliff,583,3
archived_matches,CHEMBL214_Ki,cliff,596,1
archived_matches,CHEMBL214_Ki,cliff,597,1
archived_matches,CHEMBL214_Ki,cliff,612,1
archived_matches,CHEMBL214_Ki,noncliff,7,1
archived_matches,CHEMBL214_Ki,noncliff,8,4
archived_matches,CHEMBL214_Ki,noncliff,9,1
archived_matches,CHEMBL214_Ki,noncliff,10,2
archived_matches,CHEMBL214_Ki,noncliff,20,1
archived_matches,CHEMBL214_Ki,noncliff,21,2
archived_matches,CHEMBL214_Ki,noncliff,22,2
archived_matches,CHEMBL214_Ki,noncliff,31,1
archived_matches,CHEMBL214_Ki,noncliff,35,1
archived_matches,CHEMBL214_Ki,noncliff,37,1
archived_matches,CHEMBL214_Ki,noncliff,54,6
archived_matches,CHEMBL214_Ki,noncliff,57,1
archived_matches,CHEMBL214_Ki,noncliff,58,3
archived_matches,CHEMBL214_Ki,noncliff,59,2
archived_matches,CHEMBL214_Ki,noncliff,60,2
archived_matches,CHEMBL214_Ki,noncliff,62,6
archived_matches,CHEMBL214_Ki,noncliff,63,5
archived_matches,CHEMBL214_Ki,noncliff,64,5
archived_matches,CHEMBL214_Ki,noncliff,65,2
archived_matches,CHEMBL214_Ki,noncliff,68,3
archived_matches,CHEMBL214_Ki,noncliff,70,2
archived_matches,CHEMBL214_Ki,noncliff,71,2
archived_matches,CHEMBL214_Ki,noncliff,72,1
archived_matches,CHEMBL214_Ki,noncliff,77,1
archived_matches,CHEMBL214_Ki,noncliff,79,1
archived_matches,CHEMBL214_Ki,noncliff,82,1
archived_matches,CHEMBL214_Ki,noncliff,83,3
archived_matches,CHEMBL214_Ki,noncliff,84,3
archived_matches,CHEMBL214_Ki,noncliff,85,5
archived_matches,CHEMBL214_Ki,noncliff,86,1
archived_matches,CHEMBL214_Ki,noncliff,88,5
archived_matches,CHEMBL214_Ki,noncliff,89,1
archived_matches,CHEMBL214_Ki,noncliff,91,4
archived_matches,CHEMBL214_Ki,noncliff,92,1
archived_matches,CHEMBL214_Ki,noncliff,94,1
archived_matches,CHEMBL214_Ki,noncliff,107,1
archived_matches,CHEMBL214_Ki,noncliff,125,1
archived_matches,CHEMBL214_Ki,noncliff,127,1
archived_matches,CHEMBL214_Ki,noncliff,129,1
archived_matches,CHEMBL214_Ki,noncliff,134,1
archived_matches,CHEMBL214_Ki,noncliff,135,2
archived_matches,CHEMBL214_Ki,noncliff,136,1
archived_matches,CHEMBL214_Ki,noncliff,137,2
archived_matches,CHEMBL214_Ki,noncliff,138,2
archived_matches,CHEMBL214_Ki,noncliff,140,1
archived_matches,CHEMBL214_Ki,noncliff,142,1
archived_matches,CHEMBL214_Ki,noncliff,146,1
archived_matches,CHEMBL214_Ki,noncliff,148,1
archived_matches,CHEMBL214_Ki,noncliff,156,1
archived_matches,CHEMBL214_Ki,noncliff,163,1
archived_matches,CHEMBL214_Ki,noncliff,166,1
archived_matches,CHEMBL214_Ki,noncliff,169,1
archived_matches,CHEMBL214_Ki,noncliff,170,1
archived_matches,CHEMBL214_Ki,noncliff,171,1
archived_matches,CHEMBL214_Ki,noncliff,173,2
archived_matches,CHEMBL214_Ki,noncliff,174,2
archived_matches,CHEMBL214_Ki,noncliff,194,2
archived_matches,CHEMBL214_Ki,noncliff,201,1
archived_matches,CHEMBL214_Ki,noncliff,203,1
archived_matches,CHEMBL214_Ki,noncliff,211,3
archived_matches,CHEMBL214_Ki,noncliff,241,1
archived_matches,CHEMBL214_Ki,noncliff,242,2
archived_matches,CHEMBL214_Ki,noncliff,243,3
archived_matches,CHEMBL214_Ki,noncliff,244,2
archived_matches,CHEMBL214_Ki,noncliff,245,4
archived_matches,CHEMBL214_Ki,noncliff,246,2
archived_matches,CHEMBL214_Ki,noncliff,263,2
archived_matches,CHEMBL214_Ki,noncliff,266,1
archived_matches,CHEMBL214_Ki,noncliff,314,1
archived_matches,CHEMBL214_Ki,noncliff,319,1
archived_matches,CHEMBL214_Ki,noncliff,320,1
archived_matches,CHEMBL214_Ki,noncliff,321,1
archived_matches,CHEMBL214_Ki,noncliff,326,2
archived_matches,CHEMBL214_Ki,noncliff,348,1
archived_matches,CHEMBL214_Ki,noncliff,354,3
archived_matches,CHEMBL214_Ki,noncliff,355,2
archived_matches,CHEMBL214_Ki,noncliff,361,1
archived_matches,CHEMBL214_Ki,noncliff,367,1
archived_matches,CHEMBL214_Ki,noncliff,368,1
archived_matches,CHEMBL214_Ki,noncliff,369,2
archived_matches,CHEMBL214_Ki,noncliff,370,3
archived_matches,CHEMBL214_Ki,noncliff,371,1
archived_matches,CHEMBL214_Ki,noncliff,372,1
archived_matches,CHEMBL214_Ki,noncliff,375,1
archived_matches,CHEMBL214_Ki,noncliff,376,1
archived_matches,CHEMBL214_Ki,noncliff,379,1
archived_matches,CHEMBL214_Ki,noncliff,381,1
archived_matches,CHEMBL214_Ki,noncliff,389,1
archived_matches,CHEMBL214_Ki,noncliff,390,1
archived_matches,CHEMBL214_Ki,noncliff,399,1
archived_matches,CHEMBL214_Ki,noncliff,400,1
archived_matches,CHEMBL214_Ki,noncliff,403,1
archived_matches,CHEMBL214_Ki,noncliff,405,1
archived_matches,CHEMBL214_Ki,noncliff,407,1
archived_matches,CHEMBL214_Ki,noncliff,408,1
archived_matches,CHEMBL214_Ki,noncliff,420,1
archived_matches,CHEMBL214_Ki,noncliff,424,2
archived_matches,CHEMBL214_Ki,noncliff,425,1
archived_matches,CHEMBL214_Ki,noncliff,426,1
archived_matches,CHEMBL214_Ki,noncliff,427,1
archived_matches,CHEMBL214_Ki,noncliff,430,2
archived_matches,CHEMBL214_Ki,noncliff,432,1
archived_matches,CHEMBL214_Ki,noncliff,434,1
archived_matches,CHEMBL214_Ki,noncliff,436,1
archived_matches,CHEMBL214_Ki,noncliff,437,2
archived_matches,CHEMBL214_Ki,noncliff,439,1
archived_matches,CHEMBL214_Ki,noncliff,442,2
archived_matches,CHEMBL214_Ki,noncliff,443,1
archived_matches,CHEMBL214_Ki,noncliff,444,1
archived_matches,CHEMBL214_Ki,noncliff,463,1
archived_matches,CHEMBL214_Ki,noncliff,467,1
archived_matches,CHEMBL214_Ki,noncliff,468,1
archived_matches,CHEMBL214_Ki,noncliff,472,1
archived_matches,CHEMBL214_Ki,noncliff,473,1
archived_matches,CHEMBL214_Ki,noncliff,497,3
archived_matches,CHEMBL214_Ki,noncliff,498,2
archived_matches,CHEMBL214_Ki,noncliff,499,1
archived_matches,CHEMBL214_Ki,noncliff,501,1
archived_matches,CHEMBL214_Ki,noncliff,506,1
archived_matches,CHEMBL214_Ki,noncliff,507,1
archived_matches,CHEMBL214_Ki,noncliff,510,1
archived_matches,CHEMBL214_Ki,noncliff,515,1
archived_matches,CHEMBL214_Ki,noncliff,516,1
archived_matches,CHEMBL214_Ki,noncliff,522,2
archived_matches,CHEMBL214_Ki,noncliff,523,2
archived_matches,CHEMBL214_Ki,noncliff,524,3
archived_matches,CHEMBL214_Ki,noncliff,525,4
archived_matches,CHEMBL214_Ki,noncliff,526,2
archived_matches,CHEMBL214_Ki,noncliff,527,4
archived_matches,CHEMBL214_Ki,noncliff,528,1
archived_matches,CHEMBL214_Ki,noncliff,529,1
archived_matches,CHEMBL214_Ki,noncliff,531,1
archived_matches,CHEMBL214_Ki,noncliff,532,3
archived_matches,CHEMBL214_Ki,noncliff,533,3
archived_matches,CHEMBL214_Ki,noncliff,534,1
archived_matches,CHEMBL214_Ki,noncliff,537,1
archived_matches,CHEMBL214_Ki,noncliff,538,1
archived_matches,CHEMBL214_Ki,noncliff,539,3
archived_matches,CHEMBL214_Ki,noncliff,540,1
archived_matches,CHEMBL214_Ki,noncliff,542,2
archived_matches,CHEMBL214_Ki,noncliff,543,1
archived_matches,CHEMBL214_Ki,noncliff,545,2
archived_matches,CHEMBL214_Ki,noncliff,547,2
archived_matches,CHEMBL214_Ki,noncliff,549,1
archived_matches,CHEMBL214_Ki,noncliff,550,1
archived_matches,CHEMBL214_Ki,noncliff,551,1
archived_matches,CHEMBL214_Ki,noncliff,553,1
archived_matches,CHEMBL214_Ki,noncliff,554,1
archived_matches,CHEMBL214_Ki,noncliff,555,1
archived_matches,CHEMBL214_Ki,noncliff,557,2
archived_matches,CHEMBL214_Ki,noncliff,565,2
archived_matches,CHEMBL214_Ki,noncliff,566,2
archived_matches,CHEMBL214_Ki,noncliff,567,2
archived_matches,CHEMBL214_Ki,noncliff,568,1
archived_matches,CHEMBL214_Ki,noncliff,570,1
archived_matches,CHEMBL214_Ki,noncliff,574,1
archived_matches,CHEMBL214_Ki,noncliff,576,1
archived_matches,CHEMBL214_Ki,noncliff,578,4
archived_matches,CHEMBL214_Ki,noncliff,581,1
archived_matches,CHEMBL214_Ki,noncliff,612,1
fixed_endpoint_disjoint,CHEMBL214_Ki,cliff,33,1
fixed_endpoint_disjoint,CHEMBL214_Ki,cliff,34,1
fixed_endpoint_disjoint,CHEMBL214_Ki,cliff,38,2
fixed_endpoint_disjoint,CHEMBL214_Ki,cliff,39,2
fixed_endpoint_disjoint,CHEMBL214_Ki,cliff,40,1
fixed_endpoint_disjoint,CHEMBL214_Ki,cliff,41,1
fixed_endpoint_disjoint,CHEMBL214_Ki,cliff,49,1
fixed_endpoint_disjoint,CHEMBL214_Ki,cliff,50,1
fixed_endpoint_disjoint,CHEMBL214_Ki,cliff,63,1
fixed_endpoint_disjoint,CHEMBL214_Ki,cliff,64,1
fixed_endpoint_disjoint,CHEMBL214_Ki,cliff,65,1
fixed_endpoint_disjoint,CHEMBL214_Ki,cliff,74,1
fixed_endpoint_disjoint,CHEMBL214_Ki,cliff,75,1
fixed_endpoint_disjoint,CHEMBL214_Ki,cliff,82,1
fixed_endpoint_disjoint,CHEMBL214_Ki,cliff,84,1
fixed_endpoint_disjoint,CHEMBL214_Ki,cliff,86,2
fixed_endpoint_disjoint,CHEMBL214_Ki,cliff,87,1
fixed_endpoint_disjoint,CHEMBL214_Ki,cliff,88,1
fixed_endpoint_disjoint,CHEMBL214_Ki,cliff,91,1
fixed_endpoint_disjoint,CHEMBL214_Ki,cliff,123,1
fixed_endpoint_disjoint,CHEMBL214_Ki,cliff,124,1
fixed_endpoint_disjoint,CHEMBL214_Ki,cliff,135,2
fixed_endpoint_disjoint,CHEMBL214_Ki,cliff,140,1
fixed_endpoint_disjoint,CHEMBL214_Ki,cliff,142,1
fixed_endpoint_disjoint,CHEMBL214_Ki,cliff,149,1
fixed_endpoint_disjoint,CHEMBL214_Ki,cliff,152,1
fixed_endpoint_disjoint,CHEMBL214_Ki,cliff,163,1
fixed_endpoint_disjoint,CHEMBL214_Ki,cliff,164,1
fixed_endpoint_disjoint,CHEMBL214_Ki,cliff,240,1
fixed_endpoint_disjoint,CHEMBL214_Ki,cliff,241,1
fixed_endpoint_disjoint,CHEMBL214_Ki,cliff,315,1
fixed_endpoint_disjoint,CHEMBL214_Ki,cliff,316,1
fixed_endpoint_disjoint,CHEMBL214_Ki,cliff,332,2
fixed_endpoint_disjoint,CHEMBL214_Ki,cliff,348,1
fixed_endpoint_disjoint,CHEMBL214_Ki,cliff,421,1
fixed_endpoint_disjoint,CHEMBL214_Ki,cliff,422,1
fixed_endpoint_disjoint,CHEMBL214_Ki,cliff,434,1
fixed_endpoint_disjoint,CHEMBL214_Ki,cliff,446,1
fixed_endpoint_disjoint,CHEMBL214_Ki,cliff,491,1
fixed_endpoint_disjoint,CHEMBL214_Ki,cliff,492,1
fixed_endpoint_disjoint,CHEMBL214_Ki,cliff,498,1
fixed_endpoint_disjoint,CHEMBL214_Ki,cliff,501,3
fixed_endpoint_disjoint,CHEMBL214_Ki,cliff,508,1
fixed_endpoint_disjoint,CHEMBL214_Ki,cliff,509,1
fixed_endpoint_disjoint,CHEMBL214_Ki,cliff,512,1
fixed_endpoint_disjoint,CHEMBL214_Ki,cliff,521,1
fixed_endpoint_disjoint,CHEMBL214_Ki,cliff,524,1
fixed_endpoint_disjoint,CHEMBL214_Ki,cliff,527,1
fixed_endpoint_disjoint,CHEMBL214_Ki,cliff,531,1
fixed_endpoint_disjoint,CHEMBL214_Ki,cliff,539,1
fixed_endpoint_disjoint,CHEMBL214_Ki,cliff,540,1
fixed_endpoint_disjoint,CHEMBL214_Ki,cliff,552,3
fixed_endpoint_disjoint,CHEMBL214_Ki,cliff,596,1
fixed_endpoint_disjoint,CHEMBL214_Ki,cliff,597,1
fixed_endpoint_disjoint,CHEMBL214_Ki,cliff,612,1
fixed_endpoint_disjoint,CHEMBL214_Ki,noncliff,35,1
fixed_endpoint_disjoint,CHEMBL214_Ki,noncliff,37,1
fixed_endpoint_disjoint,CHEMBL214_Ki,noncliff,57,1
fixed_endpoint_disjoint,CHEMBL214_Ki,noncliff,71,1
fixed_endpoint_disjoint,CHEMBL214_Ki,noncliff,72,1
fixed_endpoint_disjoint,CHEMBL214_Ki,noncliff,77,1
fixed_endpoint_disjoint,CHEMBL214_Ki,noncliff,79,1
fixed_endpoint_disjoint,CHEMBL214_Ki,noncliff,125,1
fixed_endpoint_disjoint,CHEMBL214_Ki,noncliff,127,1
fixed_endpoint_disjoint,CHEMBL214_Ki,noncliff,129,1
fixed_endpoint_disjoint,CHEMBL214_Ki,noncliff,134,1
fixed_endpoint_disjoint,CHEMBL214_Ki,noncliff,136,1
fixed_endpoint_disjoint,CHEMBL214_Ki,noncliff,146,1
fixed_endpoint_disjoint,CHEMBL214_Ki,noncliff,148,1
fixed_endpoint_disjoint,CHEMBL214_Ki,noncliff,156,1
fixed_endpoint_disjoint,CHEMBL214_Ki,noncliff,166,1
fixed_endpoint_disjoint,CHEMBL214_Ki,noncliff,169,1
fixed_endpoint_disjoint,CHEMBL214_Ki,noncliff,170,1
fixed_endpoint_disjoint,CHEMBL214_Ki,noncliff,171,1
fixed_endpoint_disjoint,CHEMBL214_Ki,noncliff,173,2
fixed_endpoint_disjoint,CHEMBL214_Ki,noncliff,174,2
fixed_endpoint_disjoint,CHEMBL214_Ki,noncliff,201,1
fixed_endpoint_disjoint,CHEMBL214_Ki,noncliff,203,1
fixed_endpoint_disjoint,CHEMBL214_Ki,noncliff,211,1
fixed_endpoint_disjoint,CHEMBL214_Ki,noncliff,263,1
fixed_endpoint_disjoint,CHEMBL214_Ki,noncliff,266,1
fixed_endpoint_disjoint,CHEMBL214_Ki,noncliff,314,1
fixed_endpoint_disjoint,CHEMBL214_Ki,noncliff,319,1
fixed_endpoint_disjoint,CHEMBL214_Ki,noncliff,320,1
fixed_endpoint_disjoint,CHEMBL214_Ki,noncliff,321,1
fixed_endpoint_disjoint,CHEMBL214_Ki,noncliff,354,1
fixed_endpoint_disjoint,CHEMBL214_Ki,noncliff,361,1
fixed_endpoint_disjoint,CHEMBL214_Ki,noncliff,367,1
fixed_endpoint_disjoint,CHEMBL214_Ki,noncliff,370,1
fixed_endpoint_disjoint,CHEMBL214_Ki,noncliff,379,1
fixed_endpoint_disjoint,CHEMBL214_Ki,noncliff,381,1
fixed_endpoint_disjoint,CHEMBL214_Ki,noncliff,389,1
fixed_endpoint_disjoint,CHEMBL214_Ki,noncliff,399,1
fixed_endpoint_disjoint,CHEMBL214_Ki,noncliff,400,1
fixed_endpoint_disjoint,CHEMBL214_Ki,noncliff,420,1
fixed_endpoint_disjoint,CHEMBL214_Ki,noncliff,424,1
fixed_endpoint_disjoint,CHEMBL214_Ki,noncliff,426,1
fixed_endpoint_disjoint,CHEMBL214_Ki,noncliff,430,2
fixed_endpoint_disjoint,CHEMBL214_Ki,noncliff,432,1
fixed_endpoint_disjoint,CHEMBL214_Ki,noncliff,443,1
fixed_endpoint_disjoint,CHEMBL214_Ki,noncliff,444,1
fixed_endpoint_disjoint,CHEMBL214_Ki,noncliff,463,1
fixed_endpoint_disjoint,CHEMBL214_Ki,noncliff,467,1
fixed_endpoint_disjoint,CHEMBL214_Ki,noncliff,468,1
fixed_endpoint_disjoint,CHEMBL214_Ki,noncliff,472,1
fixed_endpoint_disjoint,CHEMBL214_Ki,noncliff,473,1
fixed_endpoint_disjoint,CHEMBL214_Ki,noncliff,506,1
fixed_endpoint_disjoint,CHEMBL214_Ki,noncliff,507,1
fixed_endpoint_disjoint,CHEMBL214_Ki,noncliff,525,1
fixed_endpoint_disjoint,CHEMBL214_Ki,noncliff,528,1
fixed_endpoint_disjoint,CHEMBL214_Ki,noncliff,529,1
fixed_endpoint_disjoint,CHEMBL214_Ki,noncliff,545,1
fixed_endpoint_disjoint,CHEMBL214_Ki,noncliff,547,1
fixed_endpoint_disjoint,CHEMBL214_Ki,noncliff,549,1
fixed_endpoint_disjoint,CHEMBL214_Ki,noncliff,550,1
fixed_endpoint_disjoint,CHEMBL214_Ki,noncliff,554,1
archived_matches,CHEMBL235_EC50,cliff,5,1
archived_matches,CHEMBL235_EC50,cliff,11,3
archived_matches,CHEMBL235_EC50,cliff,36,1
archived_matches,CHEMBL235_EC50,cliff,49,1
archived_matches,CHEMBL235_EC50,cliff,77,3
archived_matches,CHEMBL235_EC50,cliff,79,1
archived_matches,CHEMBL235_EC50,cliff,80,1
archived_matches,CHEMBL235_EC50,cliff,81,1
archived_matches,CHEMBL235_EC50,cliff,103,4
archived_matches,CHEMBL235_EC50,cliff,104,1
archived_matches,CHEMBL235_EC50,cliff,105,1
archived_matches,CHEMBL235_EC50,cliff,107,2
archived_matches,CHEMBL235_EC50,cliff,108,2
archived_matches,CHEMBL235_EC50,cliff,109,2
archived_matches,CHEMBL235_EC50,cliff,110,1
archived_matches,CHEMBL235_EC50,cliff,118,1
archived_matches,CHEMBL235_EC50,cliff,119,2
archived_matches,CHEMBL235_EC50,cliff,120,1
archived_matches,CHEMBL235_EC50,cliff,122,3
archived_matches,CHEMBL235_EC50,cliff,124,4
archived_matches,CHEMBL235_EC50,cliff,125,5
archived_matches,CHEMBL235_EC50,cliff,127,4
archived_matches,CHEMBL235_EC50,cliff,128,2
archived_matches,CHEMBL235_EC50,cliff,130,1
archived_matches,CHEMBL235_EC50,cliff,131,1
archived_matches,CHEMBL235_EC50,cliff,132,1
archived_matches,CHEMBL235_EC50,cliff,133,1
archived_matches,CHEMBL235_EC50,cliff,134,3
archived_matches,CHEMBL235_EC50,cliff,135,3
archived_matches,CHEMBL235_EC50,cliff,154,1
archived_matches,CHEMBL235_EC50,cliff,156,1
archived_matches,CHEMBL235_EC50,cliff,158,1
archived_matches,CHEMBL235_EC50,cliff,159,1
archived_matches,CHEMBL235_EC50,cliff,160,2
archived_matches,CHEMBL235_EC50,cliff,163,2
archived_matches,CHEMBL235_EC50,cliff,170,1
archived_matches,CHEMBL235_EC50,cliff,171,1
archived_matches,CHEMBL235_EC50,cliff,172,2
archived_matches,CHEMBL235_EC50,cliff,174,2
archived_matches,CHEMBL235_EC50,cliff,175,1
archived_matches,CHEMBL235_EC50,cliff,176,2
archived_matches,CHEMBL235_EC50,cliff,177,2
archived_matches,CHEMBL235_EC50,cliff,179,1
archived_matches,CHEMBL235_EC50,cliff,180,2
archived_matches,CHEMBL235_EC50,cliff,181,2
archived_matches,CHEMBL235_EC50,cliff,187,1
archived_matches,CHEMBL235_EC50,cliff,188,1
archived_matches,CHEMBL235_EC50,cliff,189,4
archived_matches,CHEMBL235_EC50,cliff,190,1
archived_matches,CHEMBL235_EC50,cliff,191,2
archived_matches,CHEMBL235_EC50,cliff,192,4
archived_matches,CHEMBL235_EC50,cliff,195,3
archived_matches,CHEMBL235_EC50,cliff,197,4
archived_matches,CHEMBL235_EC50,cliff,199,1
archived_matches,CHEMBL235_EC50,cliff,200,3
archived_matches,CHEMBL235_EC50,cliff,203,1
archived_matches,CHEMBL235_EC50,cliff,211,1
archived_matches,CHEMBL235_EC50,cliff,227,1
archived_matches,CHEMBL235_EC50,cliff,235,1
archived_matches,CHEMBL235_EC50,cliff,238,2
archived_matches,CHEMBL235_EC50,cliff,257,1
archived_matches,CHEMBL235_EC50,cliff,258,1
archived_matches,CHEMBL235_EC50,cliff,259,1
archived_matches,CHEMBL235_EC50,cliff,260,1
archived_matches,CHEMBL235_EC50,cliff,261,2
archived_matches,CHEMBL235_EC50,cliff,262,2
archived_matches,CHEMBL235_EC50,cliff,266,1
archived_matches,CHEMBL235_EC50,cliff,268,2
archived_matches,CHEMBL235_EC50,cliff,269,1
archived_matches,CHEMBL235_EC50,cliff,279,2
archived_matches,CHEMBL235_EC50,cliff,280,1
archived_matches,CHEMBL235_EC50,cliff,281,2
archived_matches,CHEMBL235_EC50,cliff,282,1
archived_matches,CHEMBL235_EC50,cliff,283,1
archived_matches,CHEMBL235_EC50,cliff,284,2
archived_matches,CHEMBL235_EC50,cliff,285,2
archived_matches,CHEMBL235_EC50,cliff,286,5
archived_matches,CHEMBL235_EC50,cliff,287,2
archived_matches,CHEMBL235_EC50,cliff,290,1
archived_matches,CHEMBL235_EC50,cliff,291,2
archived_matches,CHEMBL235_EC50,cliff,292,2
archived_matches,CHEMBL235_EC50,cliff,293,2
archived_matches,CHEMBL235_EC50,cliff,294,1
archived_matches,CHEMBL235_EC50,cliff,296,2
archived_matches,CHEMBL235_EC50,cliff,297,1
archived_matches,CHEMBL235_EC50,noncliff,5,2
archived_matches,CHEMBL235_EC50,noncliff,6,1
archived_matches,CHEMBL235_EC50,noncliff,7,1
archived_matches,CHEMBL235_EC50,noncliff,9,1
archived_matches,CHEMBL235_EC50,noncliff,11,3
archived_matches,CHEMBL235_EC50,noncliff,12,1
archived_matches,CHEMBL235_EC50,noncliff,13,1
archived_matches,CHEMBL235_EC50,noncliff,22,2
archived_matches,CHEMBL235_EC50,noncliff,28,3
archived_matches,CHEMBL235_EC50,noncliff,38,1
archived_matches,CHEMBL235_EC50,noncliff,41,1
archived_matches,CHEMBL235_EC50,noncliff,42,2
archived_matches,CHEMBL235_EC50,noncliff,44,1
archived_matches,CHEMBL235_EC50,noncliff,49,2
archived_matches,CHEMBL235_EC50,noncliff,52,1
archived_matches,CHEMBL235_EC50,noncliff,56,1
archived_matches,CHEMBL235_EC50,noncliff,58,1
archived_matches,CHEMBL235_EC50,noncliff,59,1
archived_matches,CHEMBL235_EC50,noncliff,60,2
archived_matches,CHEMBL235_EC50,noncliff,62,3
archived_matches,CHEMBL235_EC50,noncliff,63,1
archived_matches,CHEMBL235_EC50,noncliff,66,1
archived_matches,CHEMBL235_EC50,noncliff,71,1
archived_matches,CHEMBL235_EC50,noncliff,72,1
archived_matches,CHEMBL235_EC50,noncliff,73,1
archived_matches,CHEMBL235_EC50,noncliff,76,1
archived_matches,CHEMBL235_EC50,noncliff,81,1
archived_matches,CHEMBL235_EC50,noncliff,86,2
archived_matches,CHEMBL235_EC50,noncliff,87,1
archived_matches,CHEMBL235_EC50,noncliff,93,1
archived_matches,CHEMBL235_EC50,noncliff,94,1
archived_matches,CHEMBL235_EC50,noncliff,99,1
archived_matches,CHEMBL235_EC50,noncliff,102,2
archived_matches,CHEMBL235_EC50,noncliff,103,2
archived_matches,CHEMBL235_EC50,noncliff,105,1
archived_matches,CHEMBL235_EC50,noncliff,107,2
archived_matches,CHEMBL235_EC50,noncliff,108,1
archived_matches,CHEMBL235_EC50,noncliff,110,1
archived_matches,CHEMBL235_EC50,noncliff,118,2
archived_matches,CHEMBL235_EC50,noncliff,119,1
archived_matches,CHEMBL235_EC50,noncliff,120,3
archived_matches,CHEMBL235_EC50,noncliff,121,1
archived_matches,CHEMBL235_EC50,noncliff,122,3
archived_matches,CHEMBL235_EC50,noncliff,123,2
archived_matches,CHEMBL235_EC50,noncliff,124,2
archived_matches,CHEMBL235_EC50,noncliff,125,4
archived_matches,CHEMBL235_EC50,noncliff,126,1
archived_matches,CHEMBL235_EC50,noncliff,127,2
archived_matches,CHEMBL235_EC50,noncliff,128,3
archived_matches,CHEMBL235_EC50,noncliff,129,1
archived_matches,CHEMBL235_EC50,noncliff,130,3
archived_matches,CHEMBL235_EC50,noncliff,132,1
archived_matches,CHEMBL235_EC50,noncliff,133,2
archived_matches,CHEMBL235_EC50,noncliff,134,1
archived_matches,CHEMBL235_EC50,noncliff,135,1
archived_matches,CHEMBL235_EC50,noncliff,141,1
archived_matches,CHEMBL235_EC50,noncliff,143,2
archived_matches,CHEMBL235_EC50,noncliff,145,1
archived_matches,CHEMBL235_EC50,noncliff,146,2
archived_matches,CHEMBL235_EC50,noncliff,154,1
archived_matches,CHEMBL235_EC50,noncliff,155,1
archived_matches,CHEMBL235_EC50,noncliff,157,2
archived_matches,CHEMBL235_EC50,noncliff,158,1
archived_matches,CHEMBL235_EC50,noncliff,159,1
archived_matches,CHEMBL235_EC50,noncliff,170,1
archived_matches,CHEMBL235_EC50,noncliff,174,1
archived_matches,CHEMBL235_EC50,noncliff,176,1
archived_matches,CHEMBL235_EC50,noncliff,181,1
archived_matches,CHEMBL235_EC50,noncliff,187,4
archived_matches,CHEMBL235_EC50,noncliff,188,2
archived_matches,CHEMBL235_EC50,noncliff,190,2
archived_matches,CHEMBL235_EC50,noncliff,191,3
archived_matches,CHEMBL235_EC50,noncliff,194,2
archived_matches,CHEMBL235_EC50,noncliff,195,1
archived_matches,CHEMBL235_EC50,noncliff,196,2
archived_matches,CHEMBL235_EC50,noncliff,198,1
archived_matches,CHEMBL235_EC50,noncliff,199,2
archived_matches,CHEMBL235_EC50,noncliff,201,1
archived_matches,CHEMBL235_EC50,noncliff,205,1
archived_matches,CHEMBL235_EC50,noncliff,212,1
archived_matches,CHEMBL235_EC50,noncliff,213,1
archived_matches,CHEMBL235_EC50,noncliff,216,1
archived_matches,CHEMBL235_EC50,noncliff,221,1
archived_matches,CHEMBL235_EC50,noncliff,224,1
archived_matches,CHEMBL235_EC50,noncliff,227,2
archived_matches,CHEMBL235_EC50,noncliff,241,1
archived_matches,CHEMBL235_EC50,noncliff,251,1
archived_matches,CHEMBL235_EC50,noncliff,252,1
archived_matches,CHEMBL235_EC50,noncliff,254,1
archived_matches,CHEMBL235_EC50,noncliff,255,1
archived_matches,CHEMBL235_EC50,noncliff,258,1
archived_matches,CHEMBL235_EC50,noncliff,259,1
archived_matches,CHEMBL235_EC50,noncliff,260,1
archived_matches,CHEMBL235_EC50,noncliff,261,1
archived_matches,CHEMBL235_EC50,noncliff,262,1
archived_matches,CHEMBL235_EC50,noncliff,265,1
archived_matches,CHEMBL235_EC50,noncliff,272,1
archived_matches,CHEMBL235_EC50,noncliff,275,1
archived_matches,CHEMBL235_EC50,noncliff,279,1
archived_matches,CHEMBL235_EC50,noncliff,280,1
archived_matches,CHEMBL235_EC50,noncliff,282,3
archived_matches,CHEMBL235_EC50,noncliff,283,1
archived_matches,CHEMBL235_EC50,noncliff,285,3
fixed_endpoint_disjoint,CHEMBL235_EC50,cliff,5,1
fixed_endpoint_disjoint,CHEMBL235_EC50,cliff,77,3
fixed_endpoint_disjoint,CHEMBL235_EC50,cliff,79,1
fixed_endpoint_disjoint,CHEMBL235_EC50,cliff,80,1
fixed_endpoint_disjoint,CHEMBL235_EC50,cliff,81,1
fixed_endpoint_disjoint,CHEMBL235_EC50,cliff,103,2
fixed_endpoint_disjoint,CHEMBL235_EC50,cliff,104,1
fixed_endpoint_disjoint,CHEMBL235_EC50,cliff,105,1
fixed_endpoint_disjoint,CHEMBL235_EC50,cliff,108,1
fixed_endpoint_disjoint,CHEMBL235_EC50,cliff,109,1
fixed_endpoint_disjoint,CHEMBL235_EC50,cliff,119,1
fixed_endpoint_disjoint,CHEMBL235_EC50,cliff,124,1
fixed_endpoint_disjoint,CHEMBL235_EC50,cliff,132,1
fixed_endpoint_disjoint,CHEMBL235_EC50,cliff,133,1
fixed_endpoint_disjoint,CHEMBL235_EC50,cliff,154,1
fixed_endpoint_disjoint,CHEMBL235_EC50,cliff,156,1
fixed_endpoint_disjoint,CHEMBL235_EC50,cliff,159,1
fixed_endpoint_disjoint,CHEMBL235_EC50,cliff,160,1
fixed_endpoint_disjoint,CHEMBL235_EC50,cliff,170,1
fixed_endpoint_disjoint,CHEMBL235_EC50,cliff,172,1
fixed_endpoint_disjoint,CHEMBL235_EC50,cliff,174,2
fixed_endpoint_disjoint,CHEMBL235_EC50,cliff,176,1
fixed_endpoint_disjoint,CHEMBL235_EC50,cliff,177,1
fixed_endpoint_disjoint,CHEMBL235_EC50,cliff,180,2
fixed_endpoint_disjoint,CHEMBL235_EC50,cliff,192,1
fixed_endpoint_disjoint,CHEMBL235_EC50,cliff,195,1
fixed_endpoint_disjoint,CHEMBL235_EC50,cliff,200,2
fixed_endpoint_disjoint,CHEMBL235_EC50,cliff,211,1
fixed_endpoint_disjoint,CHEMBL235_EC50,cliff,227,1
fixed_endpoint_disjoint,CHEMBL235_EC50,cliff,235,1
fixed_endpoint_disjoint,CHEMBL235_EC50,cliff,238,1
fixed_endpoint_disjoint,CHEMBL235_EC50,cliff,258,1
fixed_endpoint_disjoint,CHEMBL235_EC50,cliff,261,1
fixed_endpoint_disjoint,CHEMBL235_EC50,cliff,262,2
fixed_endpoint_disjoint,CHEMBL235_EC50,cliff,266,1
fixed_endpoint_disjoint,CHEMBL235_EC50,cliff,268,1
fixed_endpoint_disjoint,CHEMBL235_EC50,cliff,283,1
fixed_endpoint_disjoint,CHEMBL235_EC50,cliff,284,1
fixed_endpoint_disjoint,CHEMBL235_EC50,cliff,285,1
fixed_endpoint_disjoint,CHEMBL235_EC50,cliff,286,1
fixed_endpoint_disjoint,CHEMBL235_EC50,cliff,287,1
fixed_endpoint_disjoint,CHEMBL235_EC50,cliff,290,1
fixed_endpoint_disjoint,CHEMBL235_EC50,cliff,291,1
fixed_endpoint_disjoint,CHEMBL235_EC50,cliff,292,1
fixed_endpoint_disjoint,CHEMBL235_EC50,cliff,293,1
fixed_endpoint_disjoint,CHEMBL235_EC50,cliff,294,1
fixed_endpoint_disjoint,CHEMBL235_EC50,cliff,296,1
fixed_endpoint_disjoint,CHEMBL235_EC50,noncliff,7,1
fixed_endpoint_disjoint,CHEMBL235_EC50,noncliff,22,2
fixed_endpoint_disjoint,CHEMBL235_EC50,noncliff,28,3
fixed_endpoint_disjoint,CHEMBL235_EC50,noncliff,41,1
fixed_endpoint_disjoint,CHEMBL235_EC50,noncliff,42,1
fixed_endpoint_disjoint,CHEMBL235_EC50,noncliff,44,1
fixed_endpoint_disjoint,CHEMBL235_EC50,noncliff,52,1
fixed_endpoint_disjoint,CHEMBL235_EC50,noncliff,56,1
fixed_endpoint_disjoint,CHEMBL235_EC50,noncliff,58,1
fixed_endpoint_disjoint,CHEMBL235_EC50,noncliff,59,1
fixed_endpoint_disjoint,CHEMBL235_EC50,noncliff,60,2
fixed_endpoint_disjoint,CHEMBL235_EC50,noncliff,62,3
fixed_endpoint_disjoint,CHEMBL235_EC50,noncliff,63,1
fixed_endpoint_disjoint,CHEMBL235_EC50,noncliff,71,1
fixed_endpoint_disjoint,CHEMBL235_EC50,noncliff,72,1
fixed_endpoint_disjoint,CHEMBL235_EC50,noncliff,73,1
fixed_endpoint_disjoint,CHEMBL235_EC50,noncliff,76,1
fixed_endpoint_disjoint,CHEMBL235_EC50,noncliff,86,2
fixed_endpoint_disjoint,CHEMBL235_EC50,noncliff,87,1
fixed_endpoint_disjoint,CHEMBL235_EC50,noncliff,93,1
fixed_endpoint_disjoint,CHEMBL235_EC50,noncliff,94,1
fixed_endpoint_disjoint,CHEMBL235_EC50,noncliff,121,1
fixed_endpoint_disjoint,CHEMBL235_EC50,noncliff,123,2
fixed_endpoint_disjoint,CHEMBL235_EC50,noncliff,126,1
fixed_endpoint_disjoint,CHEMBL235_EC50,noncliff,141,1
fixed_endpoint_disjoint,CHEMBL235_EC50,noncliff,143,2
fixed_endpoint_disjoint,CHEMBL235_EC50,noncliff,145,1
fixed_endpoint_disjoint,CHEMBL235_EC50,noncliff,146,2
fixed_endpoint_disjoint,CHEMBL235_EC50,noncliff,155,1
fixed_endpoint_disjoint,CHEMBL235_EC50,noncliff,157,1
fixed_endpoint_disjoint,CHEMBL235_EC50,noncliff,194,1
fixed_endpoint_disjoint,CHEMBL235_EC50,noncliff,196,1
fixed_endpoint_disjoint,CHEMBL235_EC50,noncliff,212,1
fixed_endpoint_disjoint,CHEMBL235_EC50,noncliff,213,1
fixed_endpoint_disjoint,CHEMBL235_EC50,noncliff,216,1
fixed_endpoint_disjoint,CHEMBL235_EC50,noncliff,221,1
fixed_endpoint_disjoint,CHEMBL235_EC50,noncliff,224,1
fixed_endpoint_disjoint,CHEMBL235_EC50,noncliff,251,1
fixed_endpoint_disjoint,CHEMBL235_EC50,noncliff,252,1
fixed_endpoint_disjoint,CHEMBL235_EC50,noncliff,254,1
fixed_endpoint_disjoint,CHEMBL235_EC50,noncliff,255,1
fixed_endpoint_disjoint,CHEMBL235_EC50,noncliff,265,1
fixed_endpoint_disjoint,CHEMBL235_EC50,noncliff,272,1
fixed_endpoint_disjoint,CHEMBL235_EC50,noncliff,275,1
archived_matches,CHEMBL236_Ki,cliff,1,1
archived_matches,CHEMBL236_Ki,cliff,2,1
archived_matches,CHEMBL236_Ki,cliff,4,1
archived_matches,CHEMBL236_Ki,cliff,5,1
archived_matches,CHEMBL236_Ki,cliff,11,1
archived_matches,CHEMBL236_Ki,cliff,12,1
archived_matches,CHEMBL236_Ki,cliff,17,1
archived_matches,CHEMBL236_Ki,cliff,29,1
archived_matches,CHEMBL236_Ki,cliff,30,1
archived_matches,CHEMBL236_Ki,cliff,35,2
archived_matches,CHEMBL236_Ki,cliff,44,1
archived_matches,CHEMBL236_Ki,cliff,47,1
archived_matches,CHEMBL236_Ki,cliff,48,1
archived_matches,CHEMBL236_Ki,cliff,49,2
archived_matches,CHEMBL236_Ki,cliff,50,1
archived_matches,CHEMBL236_Ki,cliff,51,7
archived_matches,CHEMBL236_Ki,cliff,54,1
archived_matches,CHEMBL236_Ki,cliff,60,1
archived_matches,CHEMBL236_Ki,cliff,61,1
archived_matches,CHEMBL236_Ki,cliff,62,1
archived_matches,CHEMBL236_Ki,cliff,63,1
archived_matches,CHEMBL236_Ki,cliff,64,4
archived_matches,CHEMBL236_Ki,cliff,65,1
archived_matches,CHEMBL236_Ki,cliff,67,1
archived_matches,CHEMBL236_Ki,cliff,76,1
archived_matches,CHEMBL236_Ki,cliff,77,1
archived_matches,CHEMBL236_Ki,cliff,78,2
archived_matches,CHEMBL236_Ki,cliff,84,1
archived_matches,CHEMBL236_Ki,cliff,91,2
archived_matches,CHEMBL236_Ki,cliff,92,6
archived_matches,CHEMBL236_Ki,cliff,93,2
archived_matches,CHEMBL236_Ki,cliff,94,2
archived_matches,CHEMBL236_Ki,cliff,95,3
archived_matches,CHEMBL236_Ki,cliff,96,2
archived_matches,CHEMBL236_Ki,cliff,98,1
archived_matches,CHEMBL236_Ki,cliff,99,1
archived_matches,CHEMBL236_Ki,cliff,102,1
archived_matches,CHEMBL236_Ki,cliff,105,3
archived_matches,CHEMBL236_Ki,cliff,111,1
archived_matches,CHEMBL236_Ki,cliff,112,1
archived_matches,CHEMBL236_Ki,cliff,113,4
archived_matches,CHEMBL236_Ki,cliff,114,1
archived_matches,CHEMBL236_Ki,cliff,118,2
archived_matches,CHEMBL236_Ki,cliff,119,2
archived_matches,CHEMBL236_Ki,cliff,120,2
archived_matches,CHEMBL236_Ki,cliff,122,1
archived_matches,CHEMBL236_Ki,cliff,123,1
archived_matches,CHEMBL236_Ki,cliff,130,1
archived_matches,CHEMBL236_Ki,cliff,134,1
archived_matches,CHEMBL236_Ki,cliff,138,1
archived_matches,CHEMBL236_Ki,cliff,141,3
archived_matches,CHEMBL236_Ki,cliff,144,1
archived_matches,CHEMBL236_Ki,cliff,146,1
archived_matches,CHEMBL236_Ki,cliff,153,1
archived_matches,CHEMBL236_Ki,cliff,154,1
archived_matches,CHEMBL236_Ki,cliff,156,5
archived_matches,CHEMBL236_Ki,cliff,157,1
archived_matches,CHEMBL236_Ki,cliff,174,7
archived_matches,CHEMBL236_Ki,cliff,177,4
archived_matches,CHEMBL236_Ki,cliff,185,1
archived_matches,CHEMBL236_Ki,cliff,188,1
archived_matches,CHEMBL236_Ki,cliff,189,2
archived_matches,CHEMBL236_Ki,cliff,190,4
archived_matches,CHEMBL236_Ki,cliff,191,2
archived_matches,CHEMBL236_Ki,cliff,192,6
archived_matches,CHEMBL236_Ki,cliff,193,5
archived_matches,CHEMBL236_Ki,cliff,194,1
archived_matches,CHEMBL236_Ki,cliff,199,2
archived_matches,CHEMBL236_Ki,cliff,201,1
archived_matches,CHEMBL236_Ki,cliff,204,1
archived_matches,CHEMBL236_Ki,cliff,208,2
archived_matches,CHEMBL236_Ki,cliff,228,2
archived_matches,CHEMBL236_Ki,cliff,229,2
archived_matches,CHEMBL236_Ki,cliff,230,2
archived_matches,CHEMBL236_Ki,cliff,232,3
archived_matches,CHEMBL236_Ki,cliff,246,4
archived_matches,CHEMBL236_Ki,cliff,247,3
archived_matches,CHEMBL236_Ki,cliff,249,1
archived_matches,CHEMBL236_Ki,cliff,250,5
archived_matches,CHEMBL236_Ki,cliff,254,1
archived_matches,CHEMBL236_Ki,cliff,258,1
archived_matches,CHEMBL236_Ki,cliff,261,1
archived_matches,CHEMBL236_Ki,cliff,263,3
archived_matches,CHEMBL236_Ki,cliff,264,1
archived_matches,CHEMBL236_Ki,cliff,267,1
archived_matches,CHEMBL236_Ki,cliff,287,2
archived_matches,CHEMBL236_Ki,cliff,289,2
archived_matches,CHEMBL236_Ki,cliff,290,2
archived_matches,CHEMBL236_Ki,cliff,291,3
archived_matches,CHEMBL236_Ki,cliff,300,1
archived_matches,CHEMBL236_Ki,cliff,311,4
archived_matches,CHEMBL236_Ki,cliff,322,3
archived_matches,CHEMBL236_Ki,cliff,324,4
archived_matches,CHEMBL236_Ki,cliff,325,4
archived_matches,CHEMBL236_Ki,cliff,326,5
archived_matches,CHEMBL236_Ki,cliff,327,8
archived_matches,CHEMBL236_Ki,cliff,328,8
archived_matches,CHEMBL236_Ki,cliff,329,8
archived_matches,CHEMBL236_Ki,cliff,347,1
archived_matches,CHEMBL236_Ki,cliff,361,2
archived_matches,CHEMBL236_Ki,cliff,374,1
archived_matches,CHEMBL236_Ki,cliff,375,1
archived_matches,CHEMBL236_Ki,cliff,382,1
archived_matches,CHEMBL236_Ki,cliff,386,1
archived_matches,CHEMBL236_Ki,cliff,387,2
archived_matches,CHEMBL236_Ki,cliff,393,5
archived_matches,CHEMBL236_Ki,cliff,401,1
archived_matches,CHEMBL236_Ki,cliff,404,1
archived_matches,CHEMBL236_Ki,cliff,405,4
archived_matches,CHEMBL236_Ki,cliff,407,2
archived_matches,CHEMBL236_Ki,cliff,410,3
archived_matches,CHEMBL236_Ki,cliff,411,1
archived_matches,CHEMBL236_Ki,cliff,413,2
archived_matches,CHEMBL236_Ki,cliff,414,5
archived_matches,CHEMBL236_Ki,cliff,415,5
archived_matches,CHEMBL236_Ki,cliff,434,1
archived_matches,CHEMBL236_Ki,cliff,436,1
archived_matches,CHEMBL236_Ki,cliff,448,1
archived_matches,CHEMBL236_Ki,cliff,451,2
archived_matches,CHEMBL236_Ki,cliff,453,1
archived_matches,CHEMBL236_Ki,cliff,455,2
archived_matches,CHEMBL236_Ki,cliff,456,4
archived_matches,CHEMBL236_Ki,cliff,457,4
archived_matches,CHEMBL236_Ki,cliff,458,1
archived_matches,CHEMBL236_Ki,cliff,459,1
archived_matches,CHEMBL236_Ki,cliff,473,1
archived_matches,CHEMBL236_Ki,cliff,477,1
archived_matches,CHEMBL236_Ki,cliff,481,1
archived_matches,CHEMBL236_Ki,cliff,485,3
archived_matches,CHEMBL236_Ki,cliff,492,3
archived_matches,CHEMBL236_Ki,cliff,493,2
archived_matches,CHEMBL236_Ki,cliff,500,1
archived_matches,CHEMBL236_Ki,cliff,501,1
archived_matches,CHEMBL236_Ki,cliff,502,2
archived_matches,CHEMBL236_Ki,noncliff,3,1
archived_matches,CHEMBL236_Ki,noncliff,6,1
archived_matches,CHEMBL236_Ki,noncliff,8,1
archived_matches,CHEMBL236_Ki,noncliff,11,1
archived_matches,CHEMBL236_Ki,noncliff,12,2
archived_matches,CHEMBL236_Ki,noncliff,16,1
archived_matches,CHEMBL236_Ki,noncliff,17,1
archived_matches,CHEMBL236_Ki,noncliff,21,1
archived_matches,CHEMBL236_Ki,noncliff,25,1
archived_matches,CHEMBL236_Ki,noncliff,26,1
archived_matches,CHEMBL236_Ki,noncliff,32,1
archived_matches,CHEMBL236_Ki,noncliff,39,1
archived_matches,CHEMBL236_Ki,noncliff,40,2
archived_matches,CHEMBL236_Ki,noncliff,42,1
archived_matches,CHEMBL236_Ki,noncliff,46,2
archived_matches,CHEMBL236_Ki,noncliff,47,2
archived_matches,CHEMBL236_Ki,noncliff,48,2
archived_matches,CHEMBL236_Ki,noncliff,49,4
archived_matches,CHEMBL236_Ki,noncliff,50,1
archived_matches,CHEMBL236_Ki,noncliff,51,1
archived_matches,CHEMBL236_Ki,noncliff,54,1
archived_matches,CHEMBL236_Ki,noncliff,62,1
archived_matches,CHEMBL236_Ki,noncliff,63,1
archived_matches,CHEMBL236_Ki,noncliff,64,1
archived_matches,CHEMBL236_Ki,noncliff,65,1
archived_matches,CHEMBL236_Ki,noncliff,67,1
archived_matches,CHEMBL236_Ki,noncliff,73,1
archived_matches,CHEMBL236_Ki,noncliff,79,1
archived_matches,CHEMBL236_Ki,noncliff,87,1
archived_matches,CHEMBL236_Ki,noncliff,91,2
archived_matches,CHEMBL236_Ki,noncliff,92,1
archived_matches,CHEMBL236_Ki,noncliff,93,1
archived_matches,CHEMBL236_Ki,noncliff,94,4
archived_matches,CHEMBL236_Ki,noncliff,95,2
archived_matches,CHEMBL236_Ki,noncliff,96,4
archived_matches,CHEMBL236_Ki,noncliff,98,1
archived_matches,CHEMBL236_Ki,noncliff,105,2
archived_matches,CHEMBL236_Ki,noncliff,113,2
archived_matches,CHEMBL236_Ki,noncliff,134,1
archived_matches,CHEMBL236_Ki,noncliff,137,2
archived_matches,CHEMBL236_Ki,noncliff,138,1
archived_matches,CHEMBL236_Ki,noncliff,139,2
archived_matches,CHEMBL236_Ki,noncliff,140,1
archived_matches,CHEMBL236_Ki,noncliff,143,1
archived_matches,CHEMBL236_Ki,noncliff,144,2
archived_matches,CHEMBL236_Ki,noncliff,149,1
archived_matches,CHEMBL236_Ki,noncliff,150,1
archived_matches,CHEMBL236_Ki,noncliff,152,2
archived_matches,CHEMBL236_Ki,noncliff,153,2
archived_matches,CHEMBL236_Ki,noncliff,154,4
archived_matches,CHEMBL236_Ki,noncliff,155,2
archived_matches,CHEMBL236_Ki,noncliff,156,2
archived_matches,CHEMBL236_Ki,noncliff,157,1
archived_matches,CHEMBL236_Ki,noncliff,158,2
archived_matches,CHEMBL236_Ki,noncliff,177,1
archived_matches,CHEMBL236_Ki,noncliff,178,1
archived_matches,CHEMBL236_Ki,noncliff,181,1
archived_matches,CHEMBL236_Ki,noncliff,185,2
archived_matches,CHEMBL236_Ki,noncliff,188,2
archived_matches,CHEMBL236_Ki,noncliff,189,1
archived_matches,CHEMBL236_Ki,noncliff,190,2
archived_matches,CHEMBL236_Ki,noncliff,191,2
archived_matches,CHEMBL236_Ki,noncliff,192,3
archived_matches,CHEMBL236_Ki,noncliff,193,1
archived_matches,CHEMBL236_Ki,noncliff,194,1
archived_matches,CHEMBL236_Ki,noncliff,196,2
archived_matches,CHEMBL236_Ki,noncliff,197,3
archived_matches,CHEMBL236_Ki,noncliff,198,1
archived_matches,CHEMBL236_Ki,noncliff,200,1
archived_matches,CHEMBL236_Ki,noncliff,204,1
archived_matches,CHEMBL236_Ki,noncliff,205,4
archived_matches,CHEMBL236_Ki,noncliff,208,2
archived_matches,CHEMBL236_Ki,noncliff,213,1
archived_matches,CHEMBL236_Ki,noncliff,214,1
archived_matches,CHEMBL236_Ki,noncliff,215,3
archived_matches,CHEMBL236_Ki,noncliff,216,1
archived_matches,CHEMBL236_Ki,noncliff,218,2
archived_matches,CHEMBL236_Ki,noncliff,219,1
archived_matches,CHEMBL236_Ki,noncliff,224,1
archived_matches,CHEMBL236_Ki,noncliff,227,1
archived_matches,CHEMBL236_Ki,noncliff,229,2
archived_matches,CHEMBL236_Ki,noncliff,240,2
archived_matches,CHEMBL236_Ki,noncliff,246,2
archived_matches,CHEMBL236_Ki,noncliff,247,2
archived_matches,CHEMBL236_Ki,noncliff,248,2
archived_matches,CHEMBL236_Ki,noncliff,249,3
archived_matches,CHEMBL236_Ki,noncliff,254,1
archived_matches,CHEMBL236_Ki,noncliff,285,3
archived_matches,CHEMBL236_Ki,noncliff,286,2
archived_matches,CHEMBL236_Ki,noncliff,287,1
archived_matches,CHEMBL236_Ki,noncliff,288,2
archived_matches,CHEMBL236_Ki,noncliff,289,2
archived_matches,CHEMBL236_Ki,noncliff,290,5
archived_matches,CHEMBL236_Ki,noncliff,291,3
archived_matches,CHEMBL236_Ki,noncliff,296,3
archived_matches,CHEMBL236_Ki,noncliff,304,2
archived_matches,CHEMBL236_Ki,noncliff,305,1
archived_matches,CHEMBL236_Ki,noncliff,311,4
archived_matches,CHEMBL236_Ki,noncliff,312,1
archived_matches,CHEMBL236_Ki,noncliff,313,1
archived_matches,CHEMBL236_Ki,noncliff,322,5
archived_matches,CHEMBL236_Ki,noncliff,324,2
archived_matches,CHEMBL236_Ki,noncliff,325,3
archived_matches,CHEMBL236_Ki,noncliff,326,3
archived_matches,CHEMBL236_Ki,noncliff,327,1
archived_matches,CHEMBL236_Ki,noncliff,328,2
archived_matches,CHEMBL236_Ki,noncliff,329,1
archived_matches,CHEMBL236_Ki,noncliff,331,1
archived_matches,CHEMBL236_Ki,noncliff,333,1
archived_matches,CHEMBL236_Ki,noncliff,334,1
archived_matches,CHEMBL236_Ki,noncliff,335,1
archived_matches,CHEMBL236_Ki,noncliff,336,1
archived_matches,CHEMBL236_Ki,noncliff,337,1
archived_matches,CHEMBL236_Ki,noncliff,338,1
archived_matches,CHEMBL236_Ki,noncliff,342,1
archived_matches,CHEMBL236_Ki,noncliff,343,2
archived_matches,CHEMBL236_Ki,noncliff,346,4
archived_matches,CHEMBL236_Ki,noncliff,355,1
archived_matches,CHEMBL236_Ki,noncliff,359,1
archived_matches,CHEMBL236_Ki,noncliff,360,1
archived_matches,CHEMBL236_Ki,noncliff,371,1
archived_matches,CHEMBL236_Ki,noncliff,379,1
archived_matches,CHEMBL236_Ki,noncliff,381,2
archived_matches,CHEMBL236_Ki,noncliff,382,2
archived_matches,CHEMBL236_Ki,noncliff,384,2
archived_matches,CHEMBL236_Ki,noncliff,387,1
archived_matches,CHEMBL236_Ki,noncliff,390,1
archived_matches,CHEMBL236_Ki,noncliff,392,3
archived_matches,CHEMBL236_Ki,noncliff,393,3
archived_matches,CHEMBL236_Ki,noncliff,394,2
archived_matches,CHEMBL236_Ki,noncliff,401,2
archived_matches,CHEMBL236_Ki,noncliff,407,2
archived_matches,CHEMBL236_Ki,noncliff,408,2
archived_matches,CHEMBL236_Ki,noncliff,409,5
archived_matches,CHEMBL236_Ki,noncliff,410,4
archived_matches,CHEMBL236_Ki,noncliff,413,2
archived_matches,CHEMBL236_Ki,noncliff,414,3
archived_matches,CHEMBL236_Ki,noncliff,415,1
archived_matches,CHEMBL236_Ki,noncliff,434,1
archived_matches,CHEMBL236_Ki,noncliff,437,1
archived_matches,CHEMBL236_Ki,noncliff,439,1
archived_matches,CHEMBL236_Ki,noncliff,440,1
archived_matches,CHEMBL236_Ki,noncliff,441,1
archived_matches,CHEMBL236_Ki,noncliff,445,2
archived_matches,CHEMBL236_Ki,noncliff,449,1
archived_matches,CHEMBL236_Ki,noncliff,452,1
archived_matches,CHEMBL236_Ki,noncliff,453,1
archived_matches,CHEMBL236_Ki,noncliff,454,1
archived_matches,CHEMBL236_Ki,noncliff,456,1
archived_matches,CHEMBL236_Ki,noncliff,457,1
archived_matches,CHEMBL236_Ki,noncliff,458,1
archived_matches,CHEMBL236_Ki,noncliff,459,2
archived_matches,CHEMBL236_Ki,noncliff,461,1
archived_matches,CHEMBL236_Ki,noncliff,464,1
archived_matches,CHEMBL236_Ki,noncliff,468,2
archived_matches,CHEMBL236_Ki,noncliff,469,1
archived_matches,CHEMBL236_Ki,noncliff,471,2
archived_matches,CHEMBL236_Ki,noncliff,473,2
archived_matches,CHEMBL236_Ki,noncliff,476,1
archived_matches,CHEMBL236_Ki,noncliff,477,5
archived_matches,CHEMBL236_Ki,noncliff,479,1
archived_matches,CHEMBL236_Ki,noncliff,481,2
archived_matches,CHEMBL236_Ki,noncliff,483,1
archived_matches,CHEMBL236_Ki,noncliff,487,1
archived_matches,CHEMBL236_Ki,noncliff,489,1
archived_matches,CHEMBL236_Ki,noncliff,491,1
archived_matches,CHEMBL236_Ki,noncliff,492,1
archived_matches,CHEMBL236_Ki,noncliff,493,1
archived_matches,CHEMBL236_Ki,noncliff,496,1
archived_matches,CHEMBL236_Ki,noncliff,497,1
archived_matches,CHEMBL236_Ki,noncliff,498,2
archived_matches,CHEMBL236_Ki,noncliff,506,1
archived_matches,CHEMBL236_Ki,noncliff,507,1
fixed_endpoint_disjoint,CHEMBL236_Ki,cliff,2,1
fixed_endpoint_disjoint,CHEMBL236_Ki,cliff,5,1
fixed_endpoint_disjoint,CHEMBL236_Ki,cliff,17,1
fixed_endpoint_disjoint,CHEMBL236_Ki,cliff,47,1
fixed_endpoint_disjoint,CHEMBL236_Ki,cliff,49,1
fixed_endpoint_disjoint,CHEMBL236_Ki,cliff,50,1
fixed_endpoint_disjoint,CHEMBL236_Ki,cliff,51,1
fixed_endpoint_disjoint,CHEMBL236_Ki,cliff,54,1
fixed_endpoint_disjoint,CHEMBL236_Ki,cliff,60,1
fixed_endpoint_disjoint,CHEMBL236_Ki,cliff,61,1
fixed_endpoint_disjoint,CHEMBL236_Ki,cliff,105,3
fixed_endpoint_disjoint,CHEMBL236_Ki,cliff,111,1
fixed_endpoint_disjoint,CHEMBL236_Ki,cliff,112,1
fixed_endpoint_disjoint,CHEMBL236_Ki,cliff,113,2
fixed_endpoint_disjoint,CHEMBL236_Ki,cliff,114,1
fixed_endpoint_disjoint,CHEMBL236_Ki,cliff,118,2
fixed_endpoint_disjoint,CHEMBL236_Ki,cliff,119,2
fixed_endpoint_disjoint,CHEMBL236_Ki,cliff,120,2
fixed_endpoint_disjoint,CHEMBL236_Ki,cliff,134,1
fixed_endpoint_disjoint,CHEMBL236_Ki,cliff,141,2
fixed_endpoint_disjoint,CHEMBL236_Ki,cliff,144,1
fixed_endpoint_disjoint,CHEMBL236_Ki,cliff,174,5
fixed_endpoint_disjoint,CHEMBL236_Ki,cliff,177,3
fixed_endpoint_disjoint,CHEMBL236_Ki,cliff,190,1
fixed_endpoint_disjoint,CHEMBL236_Ki,cliff,192,1
fixed_endpoint_disjoint,CHEMBL236_Ki,cliff,208,1
fixed_endpoint_disjoint,CHEMBL236_Ki,cliff,228,2
fixed_endpoint_disjoint,CHEMBL236_Ki,cliff,229,2
fixed_endpoint_disjoint,CHEMBL236_Ki,cliff,230,1
fixed_endpoint_disjoint,CHEMBL236_Ki,cliff,232,1
fixed_endpoint_disjoint,CHEMBL236_Ki,cliff,311,2
fixed_endpoint_disjoint,CHEMBL236_Ki,cliff,322,1
fixed_endpoint_disjoint,CHEMBL236_Ki,cliff,324,2
fixed_endpoint_disjoint,CHEMBL236_Ki,cliff,326,1
fixed_endpoint_disjoint,CHEMBL236_Ki,cliff,327,4
fixed_endpoint_disjoint,CHEMBL236_Ki,cliff,328,4
fixed_endpoint_disjoint,CHEMBL236_Ki,cliff,329,5
fixed_endpoint_disjoint,CHEMBL236_Ki,cliff,347,1
fixed_endpoint_disjoint,CHEMBL236_Ki,cliff,361,1
fixed_endpoint_disjoint,CHEMBL236_Ki,cliff,374,1
fixed_endpoint_disjoint,CHEMBL236_Ki,cliff,375,1
fixed_endpoint_disjoint,CHEMBL236_Ki,cliff,393,1
fixed_endpoint_disjoint,CHEMBL236_Ki,cliff,404,1
fixed_endpoint_disjoint,CHEMBL236_Ki,cliff,405,2
fixed_endpoint_disjoint,CHEMBL236_Ki,cliff,407,1
fixed_endpoint_disjoint,CHEMBL236_Ki,cliff,414,2
fixed_endpoint_disjoint,CHEMBL236_Ki,cliff,415,2
fixed_endpoint_disjoint,CHEMBL236_Ki,cliff,453,1
fixed_endpoint_disjoint,CHEMBL236_Ki,cliff,492,2
fixed_endpoint_disjoint,CHEMBL236_Ki,cliff,500,1
fixed_endpoint_disjoint,CHEMBL236_Ki,cliff,502,1
fixed_endpoint_disjoint,CHEMBL236_Ki,noncliff,3,1
fixed_endpoint_disjoint,CHEMBL236_Ki,noncliff,6,1
fixed_endpoint_disjoint,CHEMBL236_Ki,noncliff,8,1
fixed_endpoint_disjoint,CHEMBL236_Ki,noncliff,16,1
fixed_endpoint_disjoint,CHEMBL236_Ki,noncliff,21,1
fixed_endpoint_disjoint,CHEMBL236_Ki,noncliff,25,1
fixed_endpoint_disjoint,CHEMBL236_Ki,noncliff,26,1
fixed_endpoint_disjoint,CHEMBL236_Ki,noncliff,39,1
fixed_endpoint_disjoint,CHEMBL236_Ki,noncliff,40,2
fixed_endpoint_disjoint,CHEMBL236_Ki,noncliff,42,1
fixed_endpoint_disjoint,CHEMBL236_Ki,noncliff,79,1
fixed_endpoint_disjoint,CHEMBL236_Ki,noncliff,139,2
fixed_endpoint_disjoint,CHEMBL236_Ki,noncliff,140,1
fixed_endpoint_disjoint,CHEMBL236_Ki,noncliff,143,1
fixed_endpoint_disjoint,CHEMBL236_Ki,noncliff,149,1
fixed_endpoint_disjoint,CHEMBL236_Ki,noncliff,150,1
fixed_endpoint_disjoint,CHEMBL236_Ki,noncliff,178,1
fixed_endpoint_disjoint,CHEMBL236_Ki,noncliff,181,1
fixed_endpoint_disjoint,CHEMBL236_Ki,noncliff,196,1
fixed_endpoint_disjoint,CHEMBL236_Ki,noncliff,197,1
fixed_endpoint_disjoint,CHEMBL236_Ki,noncliff,213,1
fixed_endpoint_disjoint,CHEMBL236_Ki,noncliff,214,1
fixed_endpoint_disjoint,CHEMBL236_Ki,noncliff,216,1
fixed_endpoint_disjoint,CHEMBL236_Ki,noncliff,218,2
fixed_endpoint_disjoint,CHEMBL236_Ki,noncliff,219,1
fixed_endpoint_disjoint,CHEMBL236_Ki,noncliff,224,1
fixed_endpoint_disjoint,CHEMBL236_Ki,noncliff,227,1
fixed_endpoint_disjoint,CHEMBL236_Ki,noncliff,240,1
fixed_endpoint_disjoint,CHEMBL236_Ki,noncliff,285,1
fixed_endpoint_disjoint,CHEMBL236_Ki,noncliff,288,1
fixed_endpoint_disjoint,CHEMBL236_Ki,noncliff,304,1
fixed_endpoint_disjoint,CHEMBL236_Ki,noncliff,305,1
fixed_endpoint_disjoint,CHEMBL236_Ki,noncliff,312,1
fixed_endpoint_disjoint,CHEMBL236_Ki,noncliff,313,1
fixed_endpoint_disjoint,CHEMBL236_Ki,noncliff,331,1
fixed_endpoint_disjoint,CHEMBL236_Ki,noncliff,333,1
fixed_endpoint_disjoint,CHEMBL236_Ki,noncliff,334,1
fixed_endpoint_disjoint,CHEMBL236_Ki,noncliff,335,1
fixed_endpoint_disjoint,CHEMBL236_Ki,noncliff,336,1
fixed_endpoint_disjoint,CHEMBL236_Ki,noncliff,337,1
fixed_endpoint_disjoint,CHEMBL236_Ki,noncliff,338,1
fixed_endpoint_disjoint,CHEMBL236_Ki,noncliff,342,1
fixed_endpoint_disjoint,CHEMBL236_Ki,noncliff,343,2
fixed_endpoint_disjoint,CHEMBL236_Ki,noncliff,346,4
fixed_endpoint_disjoint,CHEMBL236_Ki,noncliff,360,1
fixed_endpoint_disjoint,CHEMBL236_Ki,noncliff,371,1
fixed_endpoint_disjoint,CHEMBL236_Ki,noncliff,379,1
fixed_endpoint_disjoint,CHEMBL236_Ki,noncliff,381,1
fixed_endpoint_disjoint,CHEMBL236_Ki,noncliff,384,1
fixed_endpoint_disjoint,CHEMBL236_Ki,noncliff,390,1
fixed_endpoint_disjoint,CHEMBL236_Ki,noncliff,392,1
fixed_endpoint_disjoint,CHEMBL236_Ki,noncliff,394,1
fixed_endpoint_disjoint,CHEMBL236_Ki,noncliff,409,2
fixed_endpoint_disjoint,CHEMBL236_Ki,noncliff,437,1
fixed_endpoint_disjoint,CHEMBL236_Ki,noncliff,439,1
fixed_endpoint_disjoint,CHEMBL236_Ki,noncliff,440,1
fixed_endpoint_disjoint,CHEMBL236_Ki,noncliff,441,1
fixed_endpoint_disjoint,CHEMBL236_Ki,noncliff,445,2
fixed_endpoint_disjoint,CHEMBL236_Ki,noncliff,452,1
fixed_endpoint_disjoint,CHEMBL236_Ki,noncliff,461,1
fixed_endpoint_disjoint,CHEMBL236_Ki,noncliff,468,1
fixed_endpoint_disjoint,CHEMBL236_Ki,noncliff,469,1
fixed_endpoint_disjoint,CHEMBL236_Ki,noncliff,471,1
fixed_endpoint_disjoint,CHEMBL236_Ki,noncliff,476,1
fixed_endpoint_disjoint,CHEMBL236_Ki,noncliff,483,1
fixed_endpoint_disjoint,CHEMBL236_Ki,noncliff,487,1
fixed_endpoint_disjoint,CHEMBL236_Ki,noncliff,491,1
fixed_endpoint_disjoint,CHEMBL236_Ki,noncliff,496,1
fixed_endpoint_disjoint,CHEMBL236_Ki,noncliff,497,1
fixed_endpoint_disjoint,CHEMBL236_Ki,noncliff,498,2
fixed_endpoint_disjoint,CHEMBL236_Ki,noncliff,506,1
fixed_endpoint_disjoint,CHEMBL236_Ki,noncliff,507,1
