source,loss,metric,mcs,explainer,target_median,rank
lin1,MSE,acc_test,50,cam,0.5492374757871137,
lin1,MSE,acc_test,50,diff,0.613914220072631,
lin1,MSE,acc_test,50,gradcam,0.5640360516753828,
lin1,MSE,acc_test,50,gradinput,0.5572976185399459,
lin1,MSE,acc_test,50,ig,0.5883345802143328,
lin1,MSE,acc_test,50,shap,,
lin1,MSE,acc_test,55,cam,0.5497058549268671,
lin1,MSE,acc_test,55,diff,0.617166930874914,
lin1,MSE,acc_test,55,gradcam,0.5653263968746871,
lin1,MSE,acc_test,55,gradinput,0.5579266923996468,
lin1,MSE,acc_test,55,ig,0.5901071481528937,
lin1,MSE,acc_test,55,shap,,
lin1,MSE,acc_test,60,cam,0.5502745747182791,
lin1,MSE,acc_test,60,diff,0.6187064549330449,
lin1,MSE,acc_test,60,gradcam,0.5694571311934609,
lin1,MSE,acc_test,60,gradinput,0.5615043128753234,
lin1,MSE,acc_test,60,ig,0.5920757538846481,
lin1,MSE,acc_test,60,shap,,
lin1,MSE,acc_test,65,cam,0.5497051658095691,
lin1,MSE,acc_test,65,diff,0.624113475177305,
lin1,MSE,acc_test,65,gradcam,0.5748682669789227,
lin1,MSE,acc_test,65,gradinput,0.5618080240173264,
lin1,MSE,acc_test,65,ig,0.5946733016087855,
lin1,MSE,acc_test,65,shap,,
lin1,MSE,acc_test,70,cam,0.5516425557564799,
lin1,MSE,acc_test,70,diff,0.6260199518616517,
lin1,MSE,acc_test,70,gradcam,0.5766731643924627,
lin1,MSE,acc_test,70,gradinput,0.5653747294372294,
lin1,MSE,acc_test,70,ig,0.595,
lin1,MSE,acc_test,70,shap,,
lin1,MSE,acc_test,75,cam,0.5586569243081849,
lin1,MSE,acc_test,75,diff,0.6358235037134117,
lin1,MSE,acc_test,75,gradcam,0.5842261904761905,
lin1,MSE,acc_test,75,gradinput,0.5717650949268596,
lin1,MSE,acc_test,75,ig,0.605571165568241,
lin1,MSE,acc_test,75,shap,,
lin1,MSE,acc_test,80,cam,0.5619047619047618,
lin1,MSE,acc_test,80,diff,0.6555885681946803,
lin1,MSE,acc_test,80,gradcam,0.5846483037659508,
lin1,MSE,acc_test,80,gradinput,0.570213032581454,
lin1,MSE,acc_test,80,ig,0.6123376623376623,
lin1,MSE,acc_test,80,shap,,
lin1,MSE,acc_test,85,cam,0.5651709401709402,
lin1,MSE,acc_test,85,diff,0.6666666666666666,
lin1,MSE,acc_test,85,gradcam,0.5909090909090909,
lin1,MSE,acc_test,85,gradinput,0.5806940371456502,
lin1,MSE,acc_test,85,ig,0.6166666666666666,
lin1,MSE,acc_test,85,shap,,
lin1,MSE,acc_test,90,cam,0.5666666666666667,
lin1,MSE,acc_test,90,diff,0.6866987179487178,
lin1,MSE,acc_test,90,gradcam,0.6185567010309279,
lin1,MSE,acc_test,90,gradinput,0.6052631578947368,
lin1,MSE,acc_test,90,ig,0.6292134831460674,
lin1,MSE,acc_test,90,shap,,
lin1,MSE,acc_test,95,cam,0.6,
lin1,MSE,acc_test,95,diff,0.75,
lin1,MSE,acc_test,95,gradcam,0.6666666666666666,
lin1,MSE,acc_test,95,gradinput,0.6348484848484848,
lin1,MSE,acc_test,95,ig,0.6666666666666666,
lin1,MSE,acc_test,95,shap,,
lin1,MSE,f1_test,50,cam,0.5007092511621498,
lin1,MSE,f1_test,50,diff,0.4849224772027303,
lin1,MSE,f1_test,50,gradcam,0.4799957715505364,
lin1,MSE,f1_test,50,gradinput,0.46065017906625827,
lin1,MSE,f1_test,50,ig,0.4727231417537918,
lin1,MSE,f1_test,50,shap,,
lin1,MSE,f1_test,55,cam,0.5011558530562928,
lin1,MSE,f1_test,55,diff,0.4890098180922177,
lin1,MSE,f1_test,55,gradcam,0.48083762144806586,
lin1,MSE,f1_test,55,gradinput,0.4617631463157664,
lin1,MSE,f1_test,55,ig,0.47669873985663436,
lin1,MSE,f1_test,55,shap,,
lin1,MSE,f1_test,60,cam,0.5025946844273235,
lin1,MSE,f1_test,60,diff,0.5036870254200847,
lin1,MSE,f1_test,60,gradcam,0.4876049771401466,
lin1,MSE,f1_test,60,gradinput,0.4658480496888281,
lin1,MSE,f1_test,60,ig,0.47937459843052826,
lin1,MSE,f1_test,60,shap,,
lin1,MSE,f1_test,65,cam,0.5028175979001386,
lin1,MSE,f1_test,65,diff,0.5136216391318432,
lin1,MSE,f1_test,65,gradcam,0.4889956079190264,
lin1,MSE,f1_test,65,gradinput,0.47079020100874674,
lin1,MSE,f1_test,65,ig,0.4895860041167833,
lin1,MSE,f1_test,65,shap,,
lin1,MSE,f1_test,70,cam,0.5038759689922481,
lin1,MSE,f1_test,70,diff,0.5294070870104929,
lin1,MSE,f1_test,70,gradcam,0.496349038378675,
lin1,MSE,f1_test,70,gradinput,0.4772979438542115,
lin1,MSE,f1_test,70,ig,0.4995314230453662,
lin1,MSE,f1_test,70,shap,,
lin1,MSE,f1_test,75,cam,0.5051997800481662,
lin1,MSE,f1_test,75,diff,0.5377134820172793,
lin1,MSE,f1_test,75,gradcam,0.5,
lin1,MSE,f1_test,75,gradinput,0.4803193373046314,
lin1,MSE,f1_test,75,ig,0.513490642513082,
lin1,MSE,f1_test,75,shap,,
lin1,MSE,f1_test,80,cam,0.5110435663627153,
lin1,MSE,f1_test,80,diff,0.5776747062461348,
lin1,MSE,f1_test,80,gradcam,0.5063992885421457,
lin1,MSE,f1_test,80,gradinput,0.4995727849386382,
lin1,MSE,f1_test,80,ig,0.543859649122807,
lin1,MSE,f1_test,80,shap,,
lin1,MSE,f1_test,85,cam,0.5205228758169934,
lin1,MSE,f1_test,85,diff,0.6182673069227691,
lin1,MSE,f1_test,85,gradcam,0.5153811759445562,
lin1,MSE,f1_test,85,gradinput,0.5,
lin1,MSE,f1_test,85,ig,0.575,
lin1,MSE,f1_test,85,shap,,
lin1,MSE,f1_test,90,cam,0.5384615384615384,
lin1,MSE,f1_test,90,diff,0.6659090909090909,
lin1,MSE,f1_test,90,gradcam,0.5641025641025641,
lin1,MSE,f1_test,90,gradinput,0.5532646048109967,
lin1,MSE,f1_test,90,ig,0.6,
lin1,MSE,f1_test,90,shap,,
lin1,MSE,f1_test,95,cam,0.6,
lin1,MSE,f1_test,95,diff,0.7453703703703703,
lin1,MSE,f1_test,95,gradcam,0.6666666666666666,
lin1,MSE,f1_test,95,gradinput,0.6390313390313391,
lin1,MSE,f1_test,95,ig,0.6666666666666666,
lin1,MSE,f1_test,95,shap,,
lin1,MSE,global_dir_test,50,cam,0.8545073731031341,
lin1,MSE,global_dir_test,50,diff,0.8115942028985508,
lin1,MSE,global_dir_test,50,gradcam,0.7465727699530517,
lin1,MSE,global_dir_test,50,gradinput,0.7117042954348528,
lin1,MSE,global_dir_test,50,ig,0.795816444701795,
lin1,MSE,global_dir_test,50,shap,,
lin1,MSE,global_dir_test,55,cam,0.8530813600485732,
lin1,MSE,global_dir_test,55,diff,0.813953488372093,
lin1,MSE,global_dir_test,55,gradcam,0.7418468628146048,
lin1,MSE,global_dir_test,55,gradinput,0.7106891318728356,
lin1,MSE,global_dir_test,55,ig,0.7934842394753543,
lin1,MSE,global_dir_test,55,shap,,
lin1,MSE,global_dir_test,60,cam,0.8444449144774877,
lin1,MSE,global_dir_test,60,diff,0.8108108108108109,
lin1,MSE,global_dir_test,60,gradcam,0.7471428571428571,
lin1,MSE,global_dir_test,60,gradinput,0.7002032520325203,
lin1,MSE,global_dir_test,60,ig,0.790699358776267,
lin1,MSE,global_dir_test,60,shap,,
lin1,MSE,global_dir_test,65,cam,0.8348042199229053,
lin1,MSE,global_dir_test,65,diff,0.8095238095238095,
lin1,MSE,global_dir_test,65,gradcam,0.7451264948019951,
lin1,MSE,global_dir_test,65,gradinput,0.709005376344086,
lin1,MSE,global_dir_test,65,ig,0.7867864783910996,
lin1,MSE,global_dir_test,65,shap,,
lin1,MSE,global_dir_test,70,cam,0.8289198606271777,
lin1,MSE,global_dir_test,70,diff,0.8,
lin1,MSE,global_dir_test,70,gradcam,0.7426075704704951,
lin1,MSE,global_dir_test,70,gradinput,0.6997757847533632,
lin1,MSE,global_dir_test,70,ig,0.7829167568647695,
lin1,MSE,global_dir_test,70,shap,,
lin1,MSE,global_dir_test,75,cam,0.8205128205128205,
lin1,MSE,global_dir_test,75,diff,0.8029680599774058,
lin1,MSE,global_dir_test,75,gradcam,0.7465753424657534,
lin1,MSE,global_dir_test,75,gradinput,0.6956521739130435,
lin1,MSE,global_dir_test,75,ig,0.782608695652174,
lin1,MSE,global_dir_test,75,shap,,
lin1,MSE,global_dir_test,80,cam,0.8128434065934066,
lin1,MSE,global_dir_test,80,diff,0.8125,
lin1,MSE,global_dir_test,80,gradcam,0.744745691467003,
lin1,MSE,global_dir_test,80,gradinput,0.7022848113964687,
lin1,MSE,global_dir_test,80,ig,0.7703296703296704,
lin1,MSE,global_dir_test,80,shap,,
lin1,MSE,global_dir_test,85,cam,0.8016528925619835,
lin1,MSE,global_dir_test,85,diff,0.8127540650406504,
lin1,MSE,global_dir_test,85,gradcam,0.7424242424242424,
lin1,MSE,global_dir_test,85,gradinput,0.7,
lin1,MSE,global_dir_test,85,ig,0.75,
lin1,MSE,global_dir_test,85,shap,,
lin1,MSE,global_dir_test,90,cam,0.771412111125336,
lin1,MSE,global_dir_test,90,diff,0.8333333333333334,
lin1,MSE,global_dir_test,90,gradcam,0.7333333333333333,
lin1,MSE,global_dir_test,90,gradinput,0.679144385026738,
lin1,MSE,global_dir_test,90,ig,0.75,
lin1,MSE,global_dir_test,90,shap,,
lin1,MSE,global_dir_test,95,cam,0.7222222222222222,
lin1,MSE,global_dir_test,95,diff,0.8571428571428571,
lin1,MSE,global_dir_test,95,gradcam,0.75,
lin1,MSE,global_dir_test,95,gradinput,0.6666666666666666,
lin1,MSE,global_dir_test,95,ig,0.75,
lin1,MSE,global_dir_test,95,shap,,
lin1,MSE,local_dir_test,50,cam,0.6276757725033587,
lin1,MSE,local_dir_test,50,diff,0.6666666666666666,
lin1,MSE,local_dir_test,50,gradcam,0.6246468926553672,
lin1,MSE,local_dir_test,50,gradinput,0.6160894785916446,
lin1,MSE,local_dir_test,50,ig,0.6370333852178874,
lin1,MSE,local_dir_test,50,shap,,
lin1,MSE,local_dir_test,55,cam,0.62674433698968,
lin1,MSE,local_dir_test,55,diff,0.6701030927835051,
lin1,MSE,local_dir_test,55,gradcam,0.6257130214259685,
lin1,MSE,local_dir_test,55,gradinput,0.6165023302755761,
lin1,MSE,local_dir_test,55,ig,0.6370333852178874,
lin1,MSE,local_dir_test,55,shap,,
lin1,MSE,local_dir_test,60,cam,0.6289809341215317,
lin1,MSE,local_dir_test,60,diff,0.6756756756756757,
lin1,MSE,local_dir_test,60,gradcam,0.6263158530107682,
lin1,MSE,local_dir_test,60,gradinput,0.6201923076923077,
lin1,MSE,local_dir_test,60,ig,0.6434799944525345,
lin1,MSE,local_dir_test,60,shap,,
lin1,MSE,local_dir_test,65,cam,0.6315608091363429,
lin1,MSE,local_dir_test,65,diff,0.6814671814671814,
lin1,MSE,local_dir_test,65,gradcam,0.6311623602869016,
lin1,MSE,local_dir_test,65,gradinput,0.6210911561178485,
lin1,MSE,local_dir_test,65,ig,0.645155494004628,
lin1,MSE,local_dir_test,65,shap,,
lin1,MSE,local_dir_test,70,cam,0.6294664708761625,
lin1,MSE,local_dir_test,70,diff,0.681647918085531,
lin1,MSE,local_dir_test,70,gradcam,0.625,
lin1,MSE,local_dir_test,70,gradinput,0.625,
lin1,MSE,local_dir_test,70,ig,0.6484848484848484,
lin1,MSE,local_dir_test,70,shap,,
lin1,MSE,local_dir_test,75,cam,0.6259328358208955,
lin1,MSE,local_dir_test,75,diff,0.6883116883116883,
lin1,MSE,local_dir_test,75,gradcam,0.625,
lin1,MSE,local_dir_test,75,gradinput,0.6238530668677728,
lin1,MSE,local_dir_test,75,ig,0.6552430243024303,
lin1,MSE,local_dir_test,75,shap,,
lin1,MSE,local_dir_test,80,cam,0.6296296296296297,
lin1,MSE,local_dir_test,80,diff,0.7005059797608095,
lin1,MSE,local_dir_test,80,gradcam,0.6419753086419753,
lin1,MSE,local_dir_test,80,gradinput,0.6313868613138686,
lin1,MSE,local_dir_test,80,ig,0.6625,
lin1,MSE,local_dir_test,80,shap,,
lin1,MSE,local_dir_test,85,cam,0.6363636363636364,
lin1,MSE,local_dir_test,85,diff,0.7106079404466501,
lin1,MSE,local_dir_test,85,gradcam,0.6491228070175439,
lin1,MSE,local_dir_test,85,gradinput,0.6316590563165906,
lin1,MSE,local_dir_test,85,ig,0.6666666666666666,
lin1,MSE,local_dir_test,85,shap,,
lin1,MSE,local_dir_test,90,cam,0.6363636363636364,
lin1,MSE,local_dir_test,90,diff,0.75,
lin1,MSE,local_dir_test,90,gradcam,0.6666666666666666,
lin1,MSE,local_dir_test,90,gradinput,0.6632653061224489,
lin1,MSE,local_dir_test,90,ig,0.6818181818181818,
lin1,MSE,local_dir_test,90,shap,,
lin1,MSE,local_dir_test,95,cam,0.6666666666666666,
lin1,MSE,local_dir_test,95,diff,0.820855614973262,
lin1,MSE,local_dir_test,95,gradcam,0.75,
lin1,MSE,local_dir_test,95,gradinput,0.6909814323607427,
lin1,MSE,local_dir_test,95,ig,0.7777777777777778,
lin1,MSE,local_dir_test,95,shap,,
lin1,MSE+AC,acc_test,50,cam,0.5519730780260186,
lin1,MSE+AC,acc_test,50,diff,0.6140926257205326,
lin1,MSE+AC,acc_test,50,gradcam,0.5633027247050684,
lin1,MSE+AC,acc_test,50,gradinput,0.5625497766752463,
lin1,MSE+AC,acc_test,50,ig,0.5828449932898536,
lin1,MSE+AC,acc_test,50,shap,,
lin1,MSE+AC,acc_test,55,cam,0.5521641513592599,
lin1,MSE+AC,acc_test,55,diff,0.6140926257205326,
lin1,MSE+AC,acc_test,55,gradcam,0.5651108499161228,
lin1,MSE+AC,acc_test,55,gradinput,0.5623936962919343,
lin1,MSE+AC,acc_test,55,ig,0.5849586677578461,
lin1,MSE+AC,acc_test,55,shap,,
lin1,MSE+AC,acc_test,60,cam,0.5538649893467357,
lin1,MSE+AC,acc_test,60,diff,0.6158730158730158,
lin1,MSE+AC,acc_test,60,gradcam,0.5675384699909836,
lin1,MSE+AC,acc_test,60,gradinput,0.5635811944002638,
lin1,MSE+AC,acc_test,60,ig,0.5902809973672647,
lin1,MSE+AC,acc_test,60,shap,,
lin1,MSE+AC,acc_test,65,cam,0.5543259985106789,
lin1,MSE+AC,acc_test,65,diff,0.6190608492475711,
lin1,MSE+AC,acc_test,65,gradcam,0.5722002960002956,
lin1,MSE+AC,acc_test,65,gradinput,0.565064935064935,
lin1,MSE+AC,acc_test,65,ig,0.5928128998883717,
lin1,MSE+AC,acc_test,65,shap,,
lin1,MSE+AC,acc_test,70,cam,0.5586324944485564,
lin1,MSE+AC,acc_test,70,diff,0.6274824723110632,
lin1,MSE+AC,acc_test,70,gradcam,0.5747727272727273,
lin1,MSE+AC,acc_test,70,gradinput,0.569047619047619,
lin1,MSE+AC,acc_test,70,ig,0.594723255527276,
lin1,MSE+AC,acc_test,70,shap,,
lin1,MSE+AC,acc_test,75,cam,0.5606781903329601,
lin1,MSE+AC,acc_test,75,diff,0.6315115440115437,
lin1,MSE+AC,acc_test,75,gradcam,0.5818518716832068,
lin1,MSE+AC,acc_test,75,gradinput,0.57499716614198,
lin1,MSE+AC,acc_test,75,ig,0.6007936507936509,
lin1,MSE+AC,acc_test,75,shap,,
lin1,MSE+AC,acc_test,80,cam,0.5630243764172336,
lin1,MSE+AC,acc_test,80,diff,0.6531911675741077,
lin1,MSE+AC,acc_test,80,gradcam,0.589447731755423,
lin1,MSE+AC,acc_test,80,gradinput,0.5916666666666667,
lin1,MSE+AC,acc_test,80,ig,0.616050903119869,
lin1,MSE+AC,acc_test,80,shap,,
lin1,MSE+AC,acc_test,85,cam,0.5675279931093885,
lin1,MSE+AC,acc_test,85,diff,0.6666666666666666,
lin1,MSE+AC,acc_test,85,gradcam,0.5909090909090909,
lin1,MSE+AC,acc_test,85,gradinput,0.5945945945945945,
lin1,MSE+AC,acc_test,85,ig,0.6154929577464788,
lin1,MSE+AC,acc_test,85,shap,,
lin1,MSE+AC,acc_test,90,cam,0.5769230769230769,
lin1,MSE+AC,acc_test,90,diff,0.6911393633540373,
lin1,MSE+AC,acc_test,90,gradcam,0.6197916666666665,
lin1,MSE+AC,acc_test,90,gradinput,0.6142857142857144,
lin1,MSE+AC,acc_test,90,ig,0.625,
lin1,MSE+AC,acc_test,90,shap,,
lin1,MSE+AC,acc_test,95,cam,0.6,
lin1,MSE+AC,acc_test,95,diff,0.75,
lin1,MSE+AC,acc_test,95,gradcam,0.6324561403508772,
lin1,MSE+AC,acc_test,95,gradinput,0.6111111111111112,
lin1,MSE+AC,acc_test,95,ig,0.6282894736842105,
lin1,MSE+AC,acc_test,95,shap,,
lin1,MSE+AC,f1_test,50,cam,0.500014091861128,
lin1,MSE+AC,f1_test,50,diff,0.4834874252801832,
lin1,MSE+AC,f1_test,50,gradcam,0.4764509478442088,
lin1,MSE+AC,f1_test,50,gradinput,0.4517452740175424,
lin1,MSE+AC,f1_test,50,ig,0.46147964236199535,
lin1,MSE+AC,f1_test,50,shap,,
lin1,MSE+AC,f1_test,55,cam,0.5001600228374619,
lin1,MSE+AC,f1_test,55,diff,0.4862050960735172,
lin1,MSE+AC,f1_test,55,gradcam,0.47850302147151935,
lin1,MSE+AC,f1_test,55,gradinput,0.45291712125126127,
lin1,MSE+AC,f1_test,55,ig,0.46357872024952307,
lin1,MSE+AC,f1_test,55,shap,,
lin1,MSE+AC,f1_test,60,cam,0.500282105761199,
lin1,MSE+AC,f1_test,60,diff,0.4948605173063379,
lin1,MSE+AC,f1_test,60,gradcam,0.4817726594677286,
lin1,MSE+AC,f1_test,60,gradinput,0.4546662109820004,
lin1,MSE+AC,f1_test,60,ig,0.473037889408504,
lin1,MSE+AC,f1_test,60,shap,,
lin1,MSE+AC,f1_test,65,cam,0.5020374837900073,
lin1,MSE+AC,f1_test,65,diff,0.5066666666666667,
lin1,MSE+AC,f1_test,65,gradcam,0.48446233436685177,
lin1,MSE+AC,f1_test,65,gradinput,0.4600410325255525,
lin1,MSE+AC,f1_test,65,ig,0.4843407413242637,
lin1,MSE+AC,f1_test,65,shap,,
lin1,MSE+AC,f1_test,70,cam,0.5038759689922481,
lin1,MSE+AC,f1_test,70,diff,0.5258622553689954,
lin1,MSE+AC,f1_test,70,gradcam,0.4867115521950282,
lin1,MSE+AC,f1_test,70,gradinput,0.4669947281152922,
lin1,MSE+AC,f1_test,70,ig,0.4972027972027971,
lin1,MSE+AC,f1_test,70,shap,,
lin1,MSE+AC,f1_test,75,cam,0.506655166760657,
lin1,MSE+AC,f1_test,75,diff,0.5433611167027936,
lin1,MSE+AC,f1_test,75,gradcam,0.49802575185262354,
lin1,MSE+AC,f1_test,75,gradinput,0.4772337962962965,
lin1,MSE+AC,f1_test,75,ig,0.521176517032762,
lin1,MSE+AC,f1_test,75,shap,,
lin1,MSE+AC,f1_test,80,cam,0.5107407407407407,
lin1,MSE+AC,f1_test,80,diff,0.5719780219780219,
lin1,MSE+AC,f1_test,80,gradcam,0.5076923076923077,
lin1,MSE+AC,f1_test,80,gradinput,0.4954391692096611,
lin1,MSE+AC,f1_test,80,ig,0.5473321059527954,
lin1,MSE+AC,f1_test,80,shap,,
lin1,MSE+AC,f1_test,85,cam,0.5223710317460317,
lin1,MSE+AC,f1_test,85,diff,0.6004273504273504,
lin1,MSE+AC,f1_test,85,gradcam,0.52,
lin1,MSE+AC,f1_test,85,gradinput,0.5143745143745144,
lin1,MSE+AC,f1_test,85,ig,0.5709426627793975,
lin1,MSE+AC,f1_test,85,shap,,
lin1,MSE+AC,f1_test,90,cam,0.5454545454545454,
lin1,MSE+AC,f1_test,90,diff,0.6666666666666666,
lin1,MSE+AC,f1_test,90,gradcam,0.5641025641025641,
lin1,MSE+AC,f1_test,90,gradinput,0.5666666666666668,
lin1,MSE+AC,f1_test,90,ig,0.5897435897435898,
lin1,MSE+AC,f1_test,90,shap,,
lin1,MSE+AC,f1_test,95,cam,0.6,
lin1,MSE+AC,f1_test,95,diff,0.75,
lin1,MSE+AC,f1_test,95,gradcam,0.6405317417254477,
lin1,MSE+AC,f1_test,95,gradinput,0.6150793650793651,
lin1,MSE+AC,f1_test,95,ig,0.6282894736842105,
lin1,MSE+AC,f1_test,95,shap,,
lin1,MSE+AC,global_dir_test,50,cam,0.85,
lin1,MSE+AC,global_dir_test,50,diff,0.8125,
lin1,MSE+AC,global_dir_test,50,gradcam,0.75,
lin1,MSE+AC,global_dir_test,50,gradinput,0.6811868686868687,
lin1,MSE+AC,global_dir_test,50,ig,0.8,
lin1,MSE+AC,global_dir_test,50,shap,,
lin1,MSE+AC,global_dir_test,55,cam,0.8478844209380104,
lin1,MSE+AC,global_dir_test,55,diff,0.8108108108108109,
lin1,MSE+AC,global_dir_test,55,gradcam,0.7515314043754411,
lin1,MSE+AC,global_dir_test,55,gradinput,0.6811868686868687,
lin1,MSE+AC,global_dir_test,55,ig,0.7963068181818183,
lin1,MSE+AC,global_dir_test,55,shap,,
lin1,MSE+AC,global_dir_test,60,cam,0.8406754225382094,
lin1,MSE+AC,global_dir_test,60,diff,0.8125,
lin1,MSE+AC,global_dir_test,60,gradcam,0.752698714712849,
lin1,MSE+AC,global_dir_test,60,gradinput,0.6818181818181818,
lin1,MSE+AC,global_dir_test,60,ig,0.8,
lin1,MSE+AC,global_dir_test,60,shap,,
lin1,MSE+AC,global_dir_test,65,cam,0.8298125750415827,
lin1,MSE+AC,global_dir_test,65,diff,0.8125,
lin1,MSE+AC,global_dir_test,65,gradcam,0.7591916734252501,
lin1,MSE+AC,global_dir_test,65,gradinput,0.6968826907301067,
lin1,MSE+AC,global_dir_test,65,ig,0.786405529953917,
lin1,MSE+AC,global_dir_test,65,shap,,
lin1,MSE+AC,global_dir_test,70,cam,0.8269230769230769,
lin1,MSE+AC,global_dir_test,70,diff,0.8021621621621622,
lin1,MSE+AC,global_dir_test,70,gradcam,0.7409999383653367,
lin1,MSE+AC,global_dir_test,70,gradinput,0.6880656108597285,
lin1,MSE+AC,global_dir_test,70,ig,0.7704421562689279,
lin1,MSE+AC,global_dir_test,70,shap,,
lin1,MSE+AC,global_dir_test,75,cam,0.8214285714285714,
lin1,MSE+AC,global_dir_test,75,diff,0.8,
lin1,MSE+AC,global_dir_test,75,gradcam,0.7391304347826086,
lin1,MSE+AC,global_dir_test,75,gradinput,0.6836007130124777,
lin1,MSE+AC,global_dir_test,75,ig,0.7582417582417582,
lin1,MSE+AC,global_dir_test,75,shap,,
lin1,MSE+AC,global_dir_test,80,cam,0.8043437862950058,
lin1,MSE+AC,global_dir_test,80,diff,0.8125,
lin1,MSE+AC,global_dir_test,80,gradcam,0.7469319002165717,
lin1,MSE+AC,global_dir_test,80,gradinput,0.7,
lin1,MSE+AC,global_dir_test,80,ig,0.7692307692307693,
lin1,MSE+AC,global_dir_test,80,shap,,
lin1,MSE+AC,global_dir_test,85,cam,0.8125,
lin1,MSE+AC,global_dir_test,85,diff,0.8333333333333334,
lin1,MSE+AC,global_dir_test,85,gradcam,0.75,
lin1,MSE+AC,global_dir_test,85,gradinput,0.7111111111111111,
lin1,MSE+AC,global_dir_test,85,ig,0.7647058823529411,
lin1,MSE+AC,global_dir_test,85,shap,,
lin1,MSE+AC,global_dir_test,90,cam,0.7777777777777778,
lin1,MSE+AC,global_dir_test,90,diff,0.8461538461538461,
lin1,MSE+AC,global_dir_test,90,gradcam,0.7366946778711485,
lin1,MSE+AC,global_dir_test,90,gradinput,0.6817279046673287,
lin1,MSE+AC,global_dir_test,90,ig,0.75,
lin1,MSE+AC,global_dir_test,90,shap,,
lin1,MSE+AC,global_dir_test,95,cam,0.75,
lin1,MSE+AC,global_dir_test,95,diff,0.8461538461538461,
lin1,MSE+AC,global_dir_test,95,gradcam,0.7272727272727273,
lin1,MSE+AC,global_dir_test,95,gradinput,0.6666666666666666,
lin1,MSE+AC,global_dir_test,95,ig,0.75,
lin1,MSE+AC,global_dir_test,95,shap,,
lin1,MSE+AC,local_dir_test,50,cam,0.6218375942071819,
lin1,MSE+AC,local_dir_test,50,diff,0.6735537190082644,
lin1,MSE+AC,local_dir_test,50,gradcam,0.6272727272727273,
lin1,MSE+AC,local_dir_test,50,gradinput,0.606968489677653,
lin1,MSE+AC,local_dir_test,50,ig,0.6412035964042331,
lin1,MSE+AC,local_dir_test,50,shap,,
lin1,MSE+AC,local_dir_test,55,cam,0.6235520910701366,
lin1,MSE+AC,local_dir_test,55,diff,0.6740011580775912,
lin1,MSE+AC,local_dir_test,55,gradcam,0.6288412806674252,
lin1,MSE+AC,local_dir_test,55,gradinput,0.606056466302368,
lin1,MSE+AC,local_dir_test,55,ig,0.6436569265776015,
lin1,MSE+AC,local_dir_test,55,shap,,
lin1,MSE+AC,local_dir_test,60,cam,0.6244961934617107,
lin1,MSE+AC,local_dir_test,60,diff,0.6787878787878788,
lin1,MSE+AC,local_dir_test,60,gradcam,0.6297453859625488,
lin1,MSE+AC,local_dir_test,60,gradinput,0.6097429136453527,
lin1,MSE+AC,local_dir_test,60,ig,0.644853855721393,
lin1,MSE+AC,local_dir_test,60,shap,,
lin1,MSE+AC,local_dir_test,65,cam,0.6265364212705395,
lin1,MSE+AC,local_dir_test,65,diff,0.6808510638297872,
lin1,MSE+AC,local_dir_test,65,gradcam,0.632527787387008,
lin1,MSE+AC,local_dir_test,65,gradinput,0.6117142857142857,
lin1,MSE+AC,local_dir_test,65,ig,0.6430338983050847,
lin1,MSE+AC,local_dir_test,65,shap,,
lin1,MSE+AC,local_dir_test,70,cam,0.625,
lin1,MSE+AC,local_dir_test,70,diff,0.6850621969217794,
lin1,MSE+AC,local_dir_test,70,gradcam,0.6297229219143576,
lin1,MSE+AC,local_dir_test,70,gradinput,0.6122448979591837,
lin1,MSE+AC,local_dir_test,70,ig,0.6458333333333334,
lin1,MSE+AC,local_dir_test,70,shap,,
lin1,MSE+AC,local_dir_test,75,cam,0.625,
lin1,MSE+AC,local_dir_test,75,diff,0.6938053097345133,
lin1,MSE+AC,local_dir_test,75,gradcam,0.6382595595092905,
lin1,MSE+AC,local_dir_test,75,gradinput,0.6164120903543864,
lin1,MSE+AC,local_dir_test,75,ig,0.6486363636363637,
lin1,MSE+AC,local_dir_test,75,shap,,
lin1,MSE+AC,local_dir_test,80,cam,0.625,
lin1,MSE+AC,local_dir_test,80,diff,0.7142857142857143,
lin1,MSE+AC,local_dir_test,80,gradcam,0.6497695852534562,
lin1,MSE+AC,local_dir_test,80,gradinput,0.625,
lin1,MSE+AC,local_dir_test,80,ig,0.6696574225122349,
lin1,MSE+AC,local_dir_test,80,shap,,
lin1,MSE+AC,local_dir_test,85,cam,0.625,
lin1,MSE+AC,local_dir_test,85,diff,0.7254901960784313,
lin1,MSE+AC,local_dir_test,85,gradcam,0.6593059936908517,
lin1,MSE+AC,local_dir_test,85,gradinput,0.64,
lin1,MSE+AC,local_dir_test,85,ig,0.6875,
lin1,MSE+AC,local_dir_test,85,shap,,
lin1,MSE+AC,local_dir_test,90,cam,0.6428571428571429,
lin1,MSE+AC,local_dir_test,90,diff,0.75,
lin1,MSE+AC,local_dir_test,90,gradcam,0.6666666666666666,
lin1,MSE+AC,local_dir_test,90,gradinput,0.6578947368421053,
lin1,MSE+AC,local_dir_test,90,ig,0.7,
lin1,MSE+AC,local_dir_test,90,shap,,
lin1,MSE+AC,local_dir_test,95,cam,0.6666666666666666,
lin1,MSE+AC,local_dir_test,95,diff,0.8333333333333334,
lin1,MSE+AC,local_dir_test,95,gradcam,0.7071428571428571,
lin1,MSE+AC,local_dir_test,95,gradinput,0.743421052631579,
lin1,MSE+AC,local_dir_test,95,ig,0.7279220779220779,
lin1,MSE+AC,local_dir_test,95,shap,,
lin1,MSE+UCN,acc_test,50,cam,0.6151896060297186,
lin1,MSE+UCN,acc_test,50,diff,0.6094704276337122,
lin1,MSE+UCN,acc_test,50,gradcam,0.5724043421831437,
lin1,MSE+UCN,acc_test,50,gradinput,0.5746505640606485,
lin1,MSE+UCN,acc_test,50,ig,0.595497461158812,
lin1,MSE+UCN,acc_test,50,shap,,
lin1,MSE+UCN,acc_test,55,cam,0.6179470980262296,
lin1,MSE+UCN,acc_test,55,diff,0.6118651924207481,
lin1,MSE+UCN,acc_test,55,gradcam,0.5755592006515651,
lin1,MSE+UCN,acc_test,55,gradinput,0.5770402042271336,
lin1,MSE+UCN,acc_test,55,ig,0.5961623850459044,
lin1,MSE+UCN,acc_test,55,shap,,
lin1,MSE+UCN,acc_test,60,cam,0.6200012025012026,
lin1,MSE+UCN,acc_test,60,diff,0.6114403712229798,
lin1,MSE+UCN,acc_test,60,gradcam,0.5780266068725897,
lin1,MSE+UCN,acc_test,60,gradinput,0.5796969813876688,
lin1,MSE+UCN,acc_test,60,ig,0.5995234079484043,
lin1,MSE+UCN,acc_test,60,shap,,
lin1,MSE+UCN,acc_test,65,cam,0.6254383263529606,
lin1,MSE+UCN,acc_test,65,diff,0.6169836599714646,
lin1,MSE+UCN,acc_test,65,gradcam,0.5833310262089331,
lin1,MSE+UCN,acc_test,65,gradinput,0.5818685530599923,
lin1,MSE+UCN,acc_test,65,ig,0.6013421788128577,
lin1,MSE+UCN,acc_test,65,shap,,
lin1,MSE+UCN,acc_test,70,cam,0.6258262260127927,
lin1,MSE+UCN,acc_test,70,diff,0.6221741533440037,
lin1,MSE+UCN,acc_test,70,gradcam,0.5848861283643891,
lin1,MSE+UCN,acc_test,70,gradinput,0.5801326714419269,
lin1,MSE+UCN,acc_test,70,ig,0.6047619047619047,
lin1,MSE+UCN,acc_test,70,shap,,
lin1,MSE+UCN,acc_test,75,cam,0.6346917331881954,
lin1,MSE+UCN,acc_test,75,diff,0.6318299637117677,
lin1,MSE+UCN,acc_test,75,gradcam,0.5946769867330615,
lin1,MSE+UCN,acc_test,75,gradinput,0.5823274942675838,
lin1,MSE+UCN,acc_test,75,ig,0.6035999643303016,
lin1,MSE+UCN,acc_test,75,shap,,
lin1,MSE+UCN,acc_test,80,cam,0.6461538461538462,
lin1,MSE+UCN,acc_test,80,diff,0.6394468001080834,
lin1,MSE+UCN,acc_test,80,gradcam,0.6060606060606061,
lin1,MSE+UCN,acc_test,80,gradinput,0.5949275362318841,
lin1,MSE+UCN,acc_test,80,ig,0.6092474489795927,
lin1,MSE+UCN,acc_test,80,shap,,
lin1,MSE+UCN,acc_test,85,cam,0.6655768671897699,
lin1,MSE+UCN,acc_test,85,diff,0.6535087719298245,
lin1,MSE+UCN,acc_test,85,gradcam,0.6125586854460096,
lin1,MSE+UCN,acc_test,85,gradinput,0.5948275862068966,
lin1,MSE+UCN,acc_test,85,ig,0.615,
lin1,MSE+UCN,acc_test,85,shap,,
lin1,MSE+UCN,acc_test,90,cam,0.6714975845410628,
lin1,MSE+UCN,acc_test,90,diff,0.6666666666666666,
lin1,MSE+UCN,acc_test,90,gradcam,0.6308724832214764,
lin1,MSE+UCN,acc_test,90,gradinput,0.6098484848484848,
lin1,MSE+UCN,acc_test,90,ig,0.625,
lin1,MSE+UCN,acc_test,90,shap,,
lin1,MSE+UCN,acc_test,95,cam,0.75,
lin1,MSE+UCN,acc_test,95,diff,0.7272727272727273,
lin1,MSE+UCN,acc_test,95,gradcam,0.6666666666666666,
lin1,MSE+UCN,acc_test,95,gradinput,0.6436507936507937,
lin1,MSE+UCN,acc_test,95,ig,0.6396103896103896,
lin1,MSE+UCN,acc_test,95,shap,,
lin1,MSE+UCN,f1_test,50,cam,0.5050716713200594,
lin1,MSE+UCN,f1_test,50,diff,0.4642857142857143,
lin1,MSE+UCN,f1_test,50,gradcam,0.48680148873482076,
lin1,MSE+UCN,f1_test,50,gradinput,0.47283477293120973,
lin1,MSE+UCN,f1_test,50,ig,0.4635912668568541,
lin1,MSE+UCN,f1_test,50,shap,,
lin1,MSE+UCN,f1_test,55,cam,0.5061373839930248,
lin1,MSE+UCN,f1_test,55,diff,0.4660332322899442,
lin1,MSE+UCN,f1_test,55,gradcam,0.48766681266611034,
lin1,MSE+UCN,f1_test,55,gradinput,0.4741008012680613,
lin1,MSE+UCN,f1_test,55,ig,0.4645415948632369,
lin1,MSE+UCN,f1_test,55,shap,,
lin1,MSE+UCN,f1_test,60,cam,0.5124620367848722,
lin1,MSE+UCN,f1_test,60,diff,0.4720261492690199,
lin1,MSE+UCN,f1_test,60,gradcam,0.49197223774706744,
lin1,MSE+UCN,f1_test,60,gradinput,0.47708037299859396,
lin1,MSE+UCN,f1_test,60,ig,0.47170850969448225,
lin1,MSE+UCN,f1_test,60,shap,,
lin1,MSE+UCN,f1_test,65,cam,0.5224203301045407,
lin1,MSE+UCN,f1_test,65,diff,0.4833333333333333,
lin1,MSE+UCN,f1_test,65,gradcam,0.49469970218672965,
lin1,MSE+UCN,f1_test,65,gradinput,0.48056086461215713,
lin1,MSE+UCN,f1_test,65,ig,0.4811624251254194,
lin1,MSE+UCN,f1_test,65,shap,,
lin1,MSE+UCN,f1_test,70,cam,0.5310014830848165,
lin1,MSE+UCN,f1_test,70,diff,0.5010139422572848,
lin1,MSE+UCN,f1_test,70,gradcam,0.5,
lin1,MSE+UCN,f1_test,70,gradinput,0.4865190405003891,
lin1,MSE+UCN,f1_test,70,ig,0.4920600238107457,
lin1,MSE+UCN,f1_test,70,shap,,
lin1,MSE+UCN,f1_test,75,cam,0.5442159965295065,
lin1,MSE+UCN,f1_test,75,diff,0.5262779083391623,
lin1,MSE+UCN,f1_test,75,gradcam,0.5004209918178548,
lin1,MSE+UCN,f1_test,75,gradinput,0.48886287954469765,
lin1,MSE+UCN,f1_test,75,ig,0.5012476073860002,
lin1,MSE+UCN,f1_test,75,shap,,
lin1,MSE+UCN,f1_test,80,cam,0.5673341473341473,
lin1,MSE+UCN,f1_test,80,diff,0.5542617960426179,
lin1,MSE+UCN,f1_test,80,gradcam,0.5140765342933715,
lin1,MSE+UCN,f1_test,80,gradinput,0.5,
lin1,MSE+UCN,f1_test,80,ig,0.5166666666666667,
lin1,MSE+UCN,f1_test,80,shap,,
lin1,MSE+UCN,f1_test,85,cam,0.5949604159281581,
lin1,MSE+UCN,f1_test,85,diff,0.5831872795414461,
lin1,MSE+UCN,f1_test,85,gradcam,0.5217391304347826,
lin1,MSE+UCN,f1_test,85,gradinput,0.5004079254079254,
lin1,MSE+UCN,f1_test,85,ig,0.5418300653594772,
lin1,MSE+UCN,f1_test,85,shap,,
lin1,MSE+UCN,f1_test,90,cam,0.6296296296296295,
lin1,MSE+UCN,f1_test,90,diff,0.6398422090729783,
lin1,MSE+UCN,f1_test,90,gradcam,0.5713221601489757,
lin1,MSE+UCN,f1_test,90,gradinput,0.5506802721088434,
lin1,MSE+UCN,f1_test,90,ig,0.6,
lin1,MSE+UCN,f1_test,90,shap,,
lin1,MSE+UCN,f1_test,95,cam,0.75,
lin1,MSE+UCN,f1_test,95,diff,0.7272727272727273,
lin1,MSE+UCN,f1_test,95,gradcam,0.6666666666666666,
lin1,MSE+UCN,f1_test,95,gradinput,0.6306818181818181,
lin1,MSE+UCN,f1_test,95,ig,0.625,
lin1,MSE+UCN,f1_test,95,shap,,
lin1,MSE+UCN,global_dir_test,50,cam,0.9042840938836053,
lin1,MSE+UCN,global_dir_test,50,diff,0.8260869565217391,
lin1,MSE+UCN,global_dir_test,50,gradcam,0.7964614499424626,
lin1,MSE+UCN,global_dir_test,50,gradinput,0.7852622061482821,
lin1,MSE+UCN,global_dir_test,50,ig,0.8125,
lin1,MSE+UCN,global_dir_test,50,shap,,
lin1,MSE+UCN,global_dir_test,55,cam,0.903069213905418,
lin1,MSE+UCN,global_dir_test,55,diff,0.8278688524590164,
lin1,MSE+UCN,global_dir_test,55,gradcam,0.7927055702917771,
lin1,MSE+UCN,global_dir_test,55,gradinput,0.7811910377358491,
lin1,MSE+UCN,global_dir_test,55,ig,0.8070719602977667,
lin1,MSE+UCN,global_dir_test,55,shap,,
lin1,MSE+UCN,global_dir_test,60,cam,0.8990362338986193,
lin1,MSE+UCN,global_dir_test,60,diff,0.8113207547169812,
lin1,MSE+UCN,global_dir_test,60,gradcam,0.7857142857142857,
lin1,MSE+UCN,global_dir_test,60,gradinput,0.7730207382287726,
lin1,MSE+UCN,global_dir_test,60,ig,0.8,
lin1,MSE+UCN,global_dir_test,60,shap,,
lin1,MSE+UCN,global_dir_test,65,cam,0.8955720420050168,
lin1,MSE+UCN,global_dir_test,65,diff,0.8,
lin1,MSE+UCN,global_dir_test,65,gradcam,0.7923850574712643,
lin1,MSE+UCN,global_dir_test,65,gradinput,0.7760905895234254,
lin1,MSE+UCN,global_dir_test,65,ig,0.792572463768116,
lin1,MSE+UCN,global_dir_test,65,shap,,
lin1,MSE+UCN,global_dir_test,70,cam,0.8888888888888888,
lin1,MSE+UCN,global_dir_test,70,diff,0.8,
lin1,MSE+UCN,global_dir_test,70,gradcam,0.7798305084745762,
lin1,MSE+UCN,global_dir_test,70,gradinput,0.7719772103819371,
lin1,MSE+UCN,global_dir_test,70,ig,0.787780371460469,
lin1,MSE+UCN,global_dir_test,70,shap,,
lin1,MSE+UCN,global_dir_test,75,cam,0.875,
lin1,MSE+UCN,global_dir_test,75,diff,0.7830422395639787,
lin1,MSE+UCN,global_dir_test,75,gradcam,0.7666666666666667,
lin1,MSE+UCN,global_dir_test,75,gradinput,0.7619047619047619,
lin1,MSE+UCN,global_dir_test,75,ig,0.7777777777777778,
lin1,MSE+UCN,global_dir_test,75,shap,,
lin1,MSE+UCN,global_dir_test,80,cam,0.875,
lin1,MSE+UCN,global_dir_test,80,diff,0.8,
lin1,MSE+UCN,global_dir_test,80,gradcam,0.7587878787878788,
lin1,MSE+UCN,global_dir_test,80,gradinput,0.75,
lin1,MSE+UCN,global_dir_test,80,ig,0.7736185383244207,
lin1,MSE+UCN,global_dir_test,80,shap,,
lin1,MSE+UCN,global_dir_test,85,cam,0.8666666666666667,
lin1,MSE+UCN,global_dir_test,85,diff,0.7838827838827839,
lin1,MSE+UCN,global_dir_test,85,gradcam,0.75,
lin1,MSE+UCN,global_dir_test,85,gradinput,0.75,
lin1,MSE+UCN,global_dir_test,85,ig,0.7606837606837606,
lin1,MSE+UCN,global_dir_test,85,shap,,
lin1,MSE+UCN,global_dir_test,90,cam,0.8702408702408703,
lin1,MSE+UCN,global_dir_test,90,diff,0.7857142857142857,
lin1,MSE+UCN,global_dir_test,90,gradcam,0.7474215842636895,
lin1,MSE+UCN,global_dir_test,90,gradinput,0.7323232323232323,
lin1,MSE+UCN,global_dir_test,90,ig,0.732051282051282,
lin1,MSE+UCN,global_dir_test,90,shap,,
lin1,MSE+UCN,global_dir_test,95,cam,0.875,
lin1,MSE+UCN,global_dir_test,95,diff,0.75,
lin1,MSE+UCN,global_dir_test,95,gradcam,0.7142857142857143,
lin1,MSE+UCN,global_dir_test,95,gradinput,0.6842105263157895,
lin1,MSE+UCN,global_dir_test,95,ig,0.7368421052631579,
lin1,MSE+UCN,global_dir_test,95,shap,,
lin1,MSE+UCN,local_dir_test,50,cam,0.6584925861285071,
lin1,MSE+UCN,local_dir_test,50,diff,0.6955445544554455,
lin1,MSE+UCN,local_dir_test,50,gradcam,0.6346584177964987,
lin1,MSE+UCN,local_dir_test,50,gradinput,0.6357040548374995,
lin1,MSE+UCN,local_dir_test,50,ig,0.6661255411255411,
lin1,MSE+UCN,local_dir_test,50,shap,,
lin1,MSE+UCN,local_dir_test,55,cam,0.6591354215101943,
lin1,MSE+UCN,local_dir_test,55,diff,0.6962025316455697,
lin1,MSE+UCN,local_dir_test,55,gradcam,0.6360688834516599,
lin1,MSE+UCN,local_dir_test,55,gradinput,0.6384104341643336,
lin1,MSE+UCN,local_dir_test,55,ig,0.6666666666666666,
lin1,MSE+UCN,local_dir_test,55,shap,,
lin1,MSE+UCN,local_dir_test,60,cam,0.6637429140493335,
lin1,MSE+UCN,local_dir_test,60,diff,0.696969696969697,
lin1,MSE+UCN,local_dir_test,60,gradcam,0.6338271424748838,
lin1,MSE+UCN,local_dir_test,60,gradinput,0.6375904966582739,
lin1,MSE+UCN,local_dir_test,60,ig,0.6714314274290284,
lin1,MSE+UCN,local_dir_test,60,shap,,
lin1,MSE+UCN,local_dir_test,65,cam,0.6632693861775762,
lin1,MSE+UCN,local_dir_test,65,diff,0.6979591836734694,
lin1,MSE+UCN,local_dir_test,65,gradcam,0.6353385056215245,
lin1,MSE+UCN,local_dir_test,65,gradinput,0.6381673410781883,
lin1,MSE+UCN,local_dir_test,65,ig,0.6717752984928558,
lin1,MSE+UCN,local_dir_test,65,shap,,
lin1,MSE+UCN,local_dir_test,70,cam,0.6643835616438356,
lin1,MSE+UCN,local_dir_test,70,diff,0.7029413315059828,
lin1,MSE+UCN,local_dir_test,70,gradcam,0.6398988302244705,
lin1,MSE+UCN,local_dir_test,70,gradinput,0.6352941176470588,
lin1,MSE+UCN,local_dir_test,70,ig,0.6723985890652557,
lin1,MSE+UCN,local_dir_test,70,shap,,
lin1,MSE+UCN,local_dir_test,75,cam,0.6666666666666666,
lin1,MSE+UCN,local_dir_test,75,diff,0.7129015808261091,
lin1,MSE+UCN,local_dir_test,75,gradcam,0.6448060870621886,
lin1,MSE+UCN,local_dir_test,75,gradinput,0.641207541761462,
lin1,MSE+UCN,local_dir_test,75,ig,0.6685560427397726,
lin1,MSE+UCN,local_dir_test,75,shap,,
lin1,MSE+UCN,local_dir_test,80,cam,0.6685236768802229,
lin1,MSE+UCN,local_dir_test,80,diff,0.7222222222222222,
lin1,MSE+UCN,local_dir_test,80,gradcam,0.6521739130434783,
lin1,MSE+UCN,local_dir_test,80,gradinput,0.642089093701997,
lin1,MSE+UCN,local_dir_test,80,ig,0.6799163179916318,
lin1,MSE+UCN,local_dir_test,80,shap,,
lin1,MSE+UCN,local_dir_test,85,cam,0.684931506849315,
lin1,MSE+UCN,local_dir_test,85,diff,0.7327380952380952,
lin1,MSE+UCN,local_dir_test,85,gradcam,0.65625,
lin1,MSE+UCN,local_dir_test,85,gradinput,0.6456582633053222,
lin1,MSE+UCN,local_dir_test,85,ig,0.6950886766712142,
lin1,MSE+UCN,local_dir_test,85,shap,,
lin1,MSE+UCN,local_dir_test,90,cam,0.7,
lin1,MSE+UCN,local_dir_test,90,diff,0.75,
lin1,MSE+UCN,local_dir_test,90,gradcam,0.6666666666666666,
lin1,MSE+UCN,local_dir_test,90,gradinput,0.6666666666666666,
lin1,MSE+UCN,local_dir_test,90,ig,0.7142857142857143,
lin1,MSE+UCN,local_dir_test,90,shap,,
lin1,MSE+UCN,local_dir_test,95,cam,0.75,
lin1,MSE+UCN,local_dir_test,95,diff,0.8,
lin1,MSE+UCN,local_dir_test,95,gradcam,0.6666666666666666,
lin1,MSE+UCN,local_dir_test,95,gradinput,0.6666666666666666,
lin1,MSE+UCN,local_dir_test,95,ig,0.7478813559322034,
lin1,MSE+UCN,local_dir_test,95,shap,,
lin2,MSE,acc_test,50,cam,0.5492374757871137,4.0
lin2,MSE,acc_test,50,diff,0.6183736253196108,1.0
lin2,MSE,acc_test,50,gradcam,0.5570286195286195,3.0
lin2,MSE,acc_test,50,gradinput,0.5459523082212511,5.0
lin2,MSE,acc_test,50,ig,0.5889194139194138,2.0
lin2,MSE,acc_test,50,shap,0.49940688671766814,6.0
lin2,MSE,acc_test,55,cam,0.5497058549268671,4.0
lin2,MSE,acc_test,55,diff,0.6199615899451426,1.0
lin2,MSE,acc_test,55,gradcam,0.5582252637209535,3.0
lin2,MSE,acc_test,55,gradinput,0.5468900913264754,5.0
lin2,MSE,acc_test,55,ig,0.5879287943312332,2.0
lin2,MSE,acc_test,55,shap,0.49976874848461134,6.0
lin2,MSE,acc_test,60,cam,0.5502745747182791,5.0
lin2,MSE,acc_test,60,diff,0.6192023340528778,1.0
lin2,MSE,acc_test,60,gradcam,0.560444699333587,3.0
lin2,MSE,acc_test,60,gradinput,0.5503667281792282,4.0
lin2,MSE,acc_test,60,ig,0.5892431530985747,2.0
lin2,MSE,acc_test,60,shap,0.49961895038471105,6.0
lin2,MSE,acc_test,65,cam,0.5497051658095691,5.0
lin2,MSE,acc_test,65,diff,0.620142170161148,1.0
lin2,MSE,acc_test,65,gradcam,0.5618099230623691,3.0
lin2,MSE,acc_test,65,gradinput,0.5520604395604396,4.0
lin2,MSE,acc_test,65,ig,0.5919535467367104,2.0
lin2,MSE,acc_test,65,shap,0.49959280400388917,6.0
lin2,MSE,acc_test,70,cam,0.5516425557564799,4.0
lin2,MSE,acc_test,70,diff,0.6282051282051283,1.0
lin2,MSE,acc_test,70,gradcam,0.5645359347442681,3.0
lin2,MSE,acc_test,70,gradinput,0.55,5.0
lin2,MSE,acc_test,70,ig,0.6001995113843834,2.0
lin2,MSE,acc_test,70,shap,0.5002289106745931,6.0
lin2,MSE,acc_test,75,cam,0.5586569243081849,5.0
lin2,MSE,acc_test,75,diff,0.6384632876486807,1.0
lin2,MSE,acc_test,75,gradcam,0.5694940476190474,3.0
lin2,MSE,acc_test,75,gradinput,0.5635327635327635,4.0
lin2,MSE,acc_test,75,ig,0.6017890979308396,2.0
lin2,MSE,acc_test,75,shap,0.5,6.0
lin2,MSE,acc_test,80,cam,0.5619047619047618,5.0
lin2,MSE,acc_test,80,diff,0.6607843137254897,1.0
lin2,MSE,acc_test,80,gradcam,0.5830023547880692,3.0
lin2,MSE,acc_test,80,gradinput,0.577704678362573,4.0
lin2,MSE,acc_test,80,ig,0.6181985294117642,2.0
lin2,MSE,acc_test,80,shap,0.5,6.0
lin2,MSE,acc_test,85,cam,0.5651709401709402,5.0
lin2,MSE,acc_test,85,diff,0.6845238095238095,1.0
lin2,MSE,acc_test,85,gradcam,0.5915849673202614,3.0
lin2,MSE,acc_test,85,gradinput,0.5833333333333333,4.0
lin2,MSE,acc_test,85,ig,0.6291848617176127,2.0
lin2,MSE,acc_test,85,shap,0.5,6.0
lin2,MSE,acc_test,90,cam,0.5666666666666667,5.0
lin2,MSE,acc_test,90,diff,0.715686274509804,1.0
lin2,MSE,acc_test,90,gradcam,0.6213778211200891,3.0
lin2,MSE,acc_test,90,gradinput,0.6,4.0
lin2,MSE,acc_test,90,ig,0.6462365591397848,2.0
lin2,MSE,acc_test,90,shap,0.5,6.0
lin2,MSE,acc_test,95,cam,0.6,5.0
lin2,MSE,acc_test,95,diff,0.8,1.0
lin2,MSE,acc_test,95,gradcam,0.639344262295082,3.0
lin2,MSE,acc_test,95,gradinput,0.603030303030303,4.0
lin2,MSE,acc_test,95,ig,0.6666666666666666,2.0
lin2,MSE,acc_test,95,shap,0.5,6.0
lin2,MSE,f1_test,50,cam,0.5007092511621498,1.0
lin2,MSE,f1_test,50,diff,0.4916755116962582,2.0
lin2,MSE,f1_test,50,gradcam,0.4764587200522002,3.0
lin2,MSE,f1_test,50,gradinput,0.45184522482017,5.0
lin2,MSE,f1_test,50,ig,0.46068730290571436,4.0
lin2,MSE,f1_test,50,shap,0.3653313233975705,6.0
lin2,MSE,f1_test,55,cam,0.5011558530562928,1.0
lin2,MSE,f1_test,55,diff,0.4927838906545373,2.0
lin2,MSE,f1_test,55,gradcam,0.4770726129216695,3.0
lin2,MSE,f1_test,55,gradinput,0.45473362474616175,5.0
lin2,MSE,f1_test,55,ig,0.4666000485984121,4.0
lin2,MSE,f1_test,55,shap,0.3674881388938984,6.0
lin2,MSE,f1_test,60,cam,0.5025946844273235,1.0
lin2,MSE,f1_test,60,diff,0.49993532797661433,2.0
lin2,MSE,f1_test,60,gradcam,0.4782608695652174,3.0
lin2,MSE,f1_test,60,gradinput,0.45935209420238293,5.0
lin2,MSE,f1_test,60,ig,0.47227907290032634,4.0
lin2,MSE,f1_test,60,shap,0.3724707639034087,6.0
lin2,MSE,f1_test,65,cam,0.5028175979001386,2.0
lin2,MSE,f1_test,65,diff,0.5071585535868592,1.0
lin2,MSE,f1_test,65,gradcam,0.4792517551592871,4.0
lin2,MSE,f1_test,65,gradinput,0.46044606143833305,5.0
lin2,MSE,f1_test,65,ig,0.47995792221047406,3.0
lin2,MSE,f1_test,65,shap,0.37667695144651037,6.0
lin2,MSE,f1_test,70,cam,0.5038759689922481,2.0
lin2,MSE,f1_test,70,diff,0.5206767101211548,1.0
lin2,MSE,f1_test,70,gradcam,0.48669665194390466,4.0
lin2,MSE,f1_test,70,gradinput,0.4689756400152728,5.0
lin2,MSE,f1_test,70,ig,0.4958333333333333,3.0
lin2,MSE,f1_test,70,shap,0.383871269692165,6.0
lin2,MSE,f1_test,75,cam,0.5051997800481662,3.0
lin2,MSE,f1_test,75,diff,0.5419876575730557,1.0
lin2,MSE,f1_test,75,gradcam,0.499100363617947,4.0
lin2,MSE,f1_test,75,gradinput,0.47713075706697133,5.0
lin2,MSE,f1_test,75,ig,0.5143005045431205,2.0
lin2,MSE,f1_test,75,shap,0.388064127962433,6.0
lin2,MSE,f1_test,80,cam,0.5110435663627153,3.0
lin2,MSE,f1_test,80,diff,0.5811161501637693,1.0
lin2,MSE,f1_test,80,gradcam,0.5014569160997733,4.0
lin2,MSE,f1_test,80,gradinput,0.49,5.0
lin2,MSE,f1_test,80,ig,0.53421768707483,2.0
lin2,MSE,f1_test,80,shap,0.3948853615520282,6.0
lin2,MSE,f1_test,85,cam,0.5205228758169934,3.0
lin2,MSE,f1_test,85,diff,0.6225806451612902,1.0
lin2,MSE,f1_test,85,gradcam,0.5180713383838385,4.0
lin2,MSE,f1_test,85,gradinput,0.5,5.0
lin2,MSE,f1_test,85,ig,0.5661016949152543,2.0
lin2,MSE,f1_test,85,shap,0.4103174603174602,6.0
lin2,MSE,f1_test,90,cam,0.5384615384615384,5.0
lin2,MSE,f1_test,90,diff,0.684126984126984,1.0
lin2,MSE,f1_test,90,gradcam,0.5555555555555556,3.0
lin2,MSE,f1_test,90,gradinput,0.541513292433538,4.0
lin2,MSE,f1_test,90,ig,0.6,2.0
lin2,MSE,f1_test,90,shap,0.4510569105691056,6.0
lin2,MSE,f1_test,95,cam,0.6,5.0
lin2,MSE,f1_test,95,diff,0.7958333333333334,1.0
lin2,MSE,f1_test,95,gradcam,0.6363636363636364,3.0
lin2,MSE,f1_test,95,gradinput,0.603030303030303,4.0
lin2,MSE,f1_test,95,ig,0.6666666666666666,2.0
lin2,MSE,f1_test,95,shap,0.5,6.0
lin2,MSE,global_dir_test,50,cam,0.8545073731031341,1.0
lin2,MSE,global_dir_test,50,diff,0.8181818181818182,2.0
lin2,MSE,global_dir_test,50,gradcam,0.7531645569620253,4.0
lin2,MSE,global_dir_test,50,gradinput,0.7065057073233295,5.0
lin2,MSE,global_dir_test,50,ig,0.7963150349945189,3.0
lin2,MSE,global_dir_test,50,shap,0.5,6.0
lin2,MSE,global_dir_test,55,cam,0.8530813600485732,1.0
lin2,MSE,global_dir_test,55,diff,0.8181818181818182,2.0
lin2,MSE,global_dir_test,55,gradcam,0.7531645569620253,4.0
lin2,MSE,global_dir_test,55,gradinput,0.7061197103770256,5.0
lin2,MSE,global_dir_test,55,ig,0.790994623655914,3.0
lin2,MSE,global_dir_test,55,shap,0.5,6.0
lin2,MSE,global_dir_test,60,cam,0.8444449144774877,1.0
lin2,MSE,global_dir_test,60,diff,0.8181818181818182,2.0
lin2,MSE,global_dir_test,60,gradcam,0.7507530120481928,4.0
lin2,MSE,global_dir_test,60,gradinput,0.708579922518628,5.0
lin2,MSE,global_dir_test,60,ig,0.7857142857142857,3.0
lin2,MSE,global_dir_test,60,shap,0.5,6.0
lin2,MSE,global_dir_test,65,cam,0.8348042199229053,1.0
lin2,MSE,global_dir_test,65,diff,0.8190909090909091,2.0
lin2,MSE,global_dir_test,65,gradcam,0.75,4.0
lin2,MSE,global_dir_test,65,gradinput,0.7054780606717226,5.0
lin2,MSE,global_dir_test,65,ig,0.7857142857142857,3.0
lin2,MSE,global_dir_test,65,shap,0.5,6.0
lin2,MSE,global_dir_test,70,cam,0.8289198606271777,1.0
lin2,MSE,global_dir_test,70,diff,0.8141870684243566,2.0
lin2,MSE,global_dir_test,70,gradcam,0.7375,4.0
lin2,MSE,global_dir_test,70,gradinput,0.7042925278219396,5.0
lin2,MSE,global_dir_test,70,ig,0.7816728564508316,3.0
lin2,MSE,global_dir_test,70,shap,0.5,6.0
lin2,MSE,global_dir_test,75,cam,0.8205128205128205,1.0
lin2,MSE,global_dir_test,75,diff,0.8161434977578476,2.0
lin2,MSE,global_dir_test,75,gradcam,0.7247265876298135,4.0
lin2,MSE,global_dir_test,75,gradinput,0.7,5.0
lin2,MSE,global_dir_test,75,ig,0.7777777777777778,3.0
lin2,MSE,global_dir_test,75,shap,0.5,6.0
lin2,MSE,global_dir_test,80,cam,0.8128434065934066,2.0
lin2,MSE,global_dir_test,80,diff,0.8333333333333334,1.0
lin2,MSE,global_dir_test,80,gradcam,0.7368421052631579,4.0
lin2,MSE,global_dir_test,80,gradinput,0.7034500253678335,5.0
lin2,MSE,global_dir_test,80,ig,0.7782331511839709,3.0
lin2,MSE,global_dir_test,80,shap,0.5,6.0
lin2,MSE,global_dir_test,85,cam,0.8016528925619835,2.0
lin2,MSE,global_dir_test,85,diff,0.8421052631578947,1.0
lin2,MSE,global_dir_test,85,gradcam,0.75,4.0
lin2,MSE,global_dir_test,85,gradinput,0.7083333333333334,5.0
lin2,MSE,global_dir_test,85,ig,0.7777777777777778,3.0
lin2,MSE,global_dir_test,85,shap,0.5,6.0
lin2,MSE,global_dir_test,90,cam,0.771412111125336,3.0
lin2,MSE,global_dir_test,90,diff,0.8633250311332503,1.0
lin2,MSE,global_dir_test,90,gradcam,0.75,4.0
lin2,MSE,global_dir_test,90,gradinput,0.7142857142857143,5.0
lin2,MSE,global_dir_test,90,ig,0.7867965367965368,2.0
lin2,MSE,global_dir_test,90,shap,0.5,6.0
lin2,MSE,global_dir_test,95,cam,0.7222222222222222,3.0
lin2,MSE,global_dir_test,95,diff,0.9047619047619048,1.0
lin2,MSE,global_dir_test,95,gradcam,0.7207792207792207,4.0
lin2,MSE,global_dir_test,95,gradinput,0.6666666666666666,5.0
lin2,MSE,global_dir_test,95,ig,0.75,2.0
lin2,MSE,global_dir_test,95,shap,0.5,6.0
lin2,MSE,local_dir_test,50,cam,0.6276757725033587,3.0
lin2,MSE,local_dir_test,50,diff,0.694741081703107,1.0
lin2,MSE,local_dir_test,50,gradcam,0.6081081081081081,4.0
lin2,MSE,local_dir_test,50,gradinput,0.6067089779244552,5.0
lin2,MSE,local_dir_test,50,ig,0.6452336409959587,2.0
lin2,MSE,local_dir_test,50,shap,0.5,6.0
lin2,MSE,local_dir_test,55,cam,0.62674433698968,3.0
lin2,MSE,local_dir_test,55,diff,0.6973892853097746,1.0
lin2,MSE,local_dir_test,55,gradcam,0.6118143459915611,4.0
lin2,MSE,local_dir_test,55,gradinput,0.6081123264619268,5.0
lin2,MSE,local_dir_test,55,ig,0.6468782140897422,2.0
lin2,MSE,local_dir_test,55,shap,0.5,6.0
lin2,MSE,local_dir_test,60,cam,0.6289809341215317,3.0
lin2,MSE,local_dir_test,60,diff,0.6962066375307293,1.0
lin2,MSE,local_dir_test,60,gradcam,0.6084905660377359,5.0
lin2,MSE,local_dir_test,60,gradinput,0.6150303341023668,4.0
lin2,MSE,local_dir_test,60,ig,0.6558452120423492,2.0
lin2,MSE,local_dir_test,60,shap,0.5,6.0
lin2,MSE,local_dir_test,65,cam,0.6315608091363429,3.0
lin2,MSE,local_dir_test,65,diff,0.6988727661938245,1.0
lin2,MSE,local_dir_test,65,gradcam,0.6153846153846154,4.0
lin2,MSE,local_dir_test,65,gradinput,0.6150217706821481,5.0
lin2,MSE,local_dir_test,65,ig,0.6530374238468233,2.0
lin2,MSE,local_dir_test,65,shap,0.5,6.0
lin2,MSE,local_dir_test,70,cam,0.6294664708761625,3.0
lin2,MSE,local_dir_test,70,diff,0.7008547008547008,1.0
lin2,MSE,local_dir_test,70,gradcam,0.6144578313253012,5.0
lin2,MSE,local_dir_test,70,gradinput,0.6146926536731634,4.0
lin2,MSE,local_dir_test,70,ig,0.656063077759652,2.0
lin2,MSE,local_dir_test,70,shap,0.4993989662219016,6.0
lin2,MSE,local_dir_test,75,cam,0.6259328358208955,3.0
lin2,MSE,local_dir_test,75,diff,0.699274177059906,1.0
lin2,MSE,local_dir_test,75,gradcam,0.6212121212121212,4.0
lin2,MSE,local_dir_test,75,gradinput,0.6144155844155844,5.0
lin2,MSE,local_dir_test,75,ig,0.657545353197527,2.0
lin2,MSE,local_dir_test,75,shap,0.5,6.0
lin2,MSE,local_dir_test,80,cam,0.6296296296296297,3.0
lin2,MSE,local_dir_test,80,diff,0.7142857142857143,1.0
lin2,MSE,local_dir_test,80,gradcam,0.6268169131506451,4.0
lin2,MSE,local_dir_test,80,gradinput,0.625,5.0
lin2,MSE,local_dir_test,80,ig,0.6666666666666666,2.0
lin2,MSE,local_dir_test,80,shap,0.5,6.0
lin2,MSE,local_dir_test,85,cam,0.6363636363636364,5.0
lin2,MSE,local_dir_test,85,diff,0.7412177985948478,1.0
lin2,MSE,local_dir_test,85,gradcam,0.6387365650361921,3.0
lin2,MSE,local_dir_test,85,gradinput,0.6370370370370371,4.0
lin2,MSE,local_dir_test,85,ig,0.68,2.0
lin2,MSE,local_dir_test,85,shap,0.5,6.0
lin2,MSE,local_dir_test,90,cam,0.6363636363636364,5.0
lin2,MSE,local_dir_test,90,diff,0.75,1.0
lin2,MSE,local_dir_test,90,gradcam,0.646940732306586,3.0
lin2,MSE,local_dir_test,90,gradinput,0.640625,4.0
lin2,MSE,local_dir_test,90,ig,0.7058823529411765,2.0
lin2,MSE,local_dir_test,90,shap,0.5,6.0
lin2,MSE,local_dir_test,95,cam,0.6666666666666666,5.0
lin2,MSE,local_dir_test,95,diff,0.8333333333333334,1.0
lin2,MSE,local_dir_test,95,gradcam,0.7142857142857143,3.0
lin2,MSE,local_dir_test,95,gradinput,0.7100840336134454,4.0
lin2,MSE,local_dir_test,95,ig,0.75,2.0
lin2,MSE,local_dir_test,95,shap,0.5,6.0
lin2,MSE+AC,acc_test,50,cam,0.5519730780260186,3.0
lin2,MSE+AC,acc_test,50,diff,0.6205821489675745,1.0
lin2,MSE+AC,acc_test,50,gradcam,0.5501012184787815,4.0
lin2,MSE+AC,acc_test,50,gradinput,0.5500970000230492,5.0
lin2,MSE+AC,acc_test,50,ig,0.5956483822323058,2.0
lin2,MSE+AC,acc_test,50,shap,0.4999588277144803,6.0
lin2,MSE+AC,acc_test,55,cam,0.5521641513592599,3.0
lin2,MSE+AC,acc_test,55,diff,0.6227681842843676,1.0
lin2,MSE+AC,acc_test,55,gradcam,0.5495767945689077,5.0
lin2,MSE+AC,acc_test,55,gradinput,0.5512023853993235,4.0
lin2,MSE+AC,acc_test,55,ig,0.595227258839858,2.0
lin2,MSE+AC,acc_test,55,shap,0.5001067374570042,6.0
lin2,MSE+AC,acc_test,60,cam,0.5538649893467357,4.0
lin2,MSE+AC,acc_test,60,diff,0.6250921474358975,1.0
lin2,MSE+AC,acc_test,60,gradcam,0.5531190263201334,5.0
lin2,MSE+AC,acc_test,60,gradinput,0.5548886733348021,3.0
lin2,MSE+AC,acc_test,60,ig,0.5996737216862325,2.0
lin2,MSE+AC,acc_test,60,shap,0.4999135849485229,6.0
lin2,MSE+AC,acc_test,65,cam,0.5543259985106789,5.0
lin2,MSE+AC,acc_test,65,diff,0.6290152584808253,1.0
lin2,MSE+AC,acc_test,65,gradcam,0.5556472887563054,3.0
lin2,MSE+AC,acc_test,65,gradinput,0.5554476131573558,4.0
lin2,MSE+AC,acc_test,65,ig,0.6017097264437689,2.0
lin2,MSE+AC,acc_test,65,shap,0.49959280400388917,6.0
lin2,MSE+AC,acc_test,70,cam,0.5586324944485564,5.0
lin2,MSE+AC,acc_test,70,diff,0.63574450045969,1.0
lin2,MSE+AC,acc_test,70,gradcam,0.5610603219855905,4.0
lin2,MSE+AC,acc_test,70,gradinput,0.5616296296296298,3.0
lin2,MSE+AC,acc_test,70,ig,0.6040458937198067,2.0
lin2,MSE+AC,acc_test,70,shap,0.5007151624458306,6.0
lin2,MSE+AC,acc_test,75,cam,0.5606781903329601,5.0
lin2,MSE+AC,acc_test,75,diff,0.6511191434803869,1.0
lin2,MSE+AC,acc_test,75,gradcam,0.5641079508726567,4.0
lin2,MSE+AC,acc_test,75,gradinput,0.566668915272531,3.0
lin2,MSE+AC,acc_test,75,ig,0.6114799253034547,2.0
lin2,MSE+AC,acc_test,75,shap,0.49890432098765436,6.0
lin2,MSE+AC,acc_test,80,cam,0.5630243764172336,5.0
lin2,MSE+AC,acc_test,80,diff,0.6578947368421053,1.0
lin2,MSE+AC,acc_test,80,gradcam,0.5730958500189264,4.0
lin2,MSE+AC,acc_test,80,gradinput,0.5759272553242406,3.0
lin2,MSE+AC,acc_test,80,ig,0.6180555555555556,2.0
lin2,MSE+AC,acc_test,80,shap,0.5,6.0
lin2,MSE+AC,acc_test,85,cam,0.5675279931093885,5.0
lin2,MSE+AC,acc_test,85,diff,0.6715136054421775,1.0
lin2,MSE+AC,acc_test,85,gradcam,0.5805026617526615,4.0
lin2,MSE+AC,acc_test,85,gradinput,0.5952380952380951,3.0
lin2,MSE+AC,acc_test,85,ig,0.6292233560090712,2.0
lin2,MSE+AC,acc_test,85,shap,0.5,6.0
lin2,MSE+AC,acc_test,90,cam,0.5769230769230769,5.0
lin2,MSE+AC,acc_test,90,diff,0.6923076923076923,1.0
lin2,MSE+AC,acc_test,90,gradcam,0.5991573033707864,4.0
lin2,MSE+AC,acc_test,90,gradinput,0.618249534450652,3.0
lin2,MSE+AC,acc_test,90,ig,0.6593959731543624,2.0
lin2,MSE+AC,acc_test,90,shap,0.5,6.0
lin2,MSE+AC,acc_test,95,cam,0.6,4.5
lin2,MSE+AC,acc_test,95,diff,0.7857142857142857,1.0
lin2,MSE+AC,acc_test,95,gradcam,0.6111111111111112,3.0
lin2,MSE+AC,acc_test,95,gradinput,0.6,4.5
lin2,MSE+AC,acc_test,95,ig,0.6666666666666666,2.0
lin2,MSE+AC,acc_test,95,shap,0.5,6.0
lin2,MSE+AC,f1_test,50,cam,0.500014091861128,1.0
lin2,MSE+AC,f1_test,50,diff,0.4862192281439822,2.0
lin2,MSE+AC,f1_test,50,gradcam,0.4782676642717206,3.0
lin2,MSE+AC,f1_test,50,gradinput,0.4571153995410162,5.0
lin2,MSE+AC,f1_test,50,ig,0.4726621396802473,4.0
lin2,MSE+AC,f1_test,50,shap,0.36379542045418906,6.0
lin2,MSE+AC,f1_test,55,cam,0.5001600228374619,1.0
lin2,MSE+AC,f1_test,55,diff,0.48727942860206075,2.0
lin2,MSE+AC,f1_test,55,gradcam,0.48,3.0
lin2,MSE+AC,f1_test,55,gradinput,0.4579959234360509,5.0
lin2,MSE+AC,f1_test,55,ig,0.4783177025202541,4.0
lin2,MSE+AC,f1_test,55,shap,0.36488733538659057,6.0
lin2,MSE+AC,f1_test,60,cam,0.500282105761199,1.0
lin2,MSE+AC,f1_test,60,diff,0.4989230163443338,2.0
lin2,MSE+AC,f1_test,60,gradcam,0.48,4.0
lin2,MSE+AC,f1_test,60,gradinput,0.4599500654515465,5.0
lin2,MSE+AC,f1_test,60,ig,0.4839048955276266,3.0
lin2,MSE+AC,f1_test,60,shap,0.3671896913536648,6.0
lin2,MSE+AC,f1_test,65,cam,0.5020374837900073,2.0
lin2,MSE+AC,f1_test,65,diff,0.506699235818954,1.0
lin2,MSE+AC,f1_test,65,gradcam,0.4834282766987524,4.0
lin2,MSE+AC,f1_test,65,gradinput,0.46527453931409,5.0
lin2,MSE+AC,f1_test,65,ig,0.48925459072517896,3.0
lin2,MSE+AC,f1_test,65,shap,0.3740495677831177,6.0
lin2,MSE+AC,f1_test,70,cam,0.5038759689922481,2.0
lin2,MSE+AC,f1_test,70,diff,0.5305134680134681,1.0
lin2,MSE+AC,f1_test,70,gradcam,0.4871869114057549,4.0
lin2,MSE+AC,f1_test,70,gradinput,0.4690304660229469,5.0
lin2,MSE+AC,f1_test,70,ig,0.49637165248025,3.0
lin2,MSE+AC,f1_test,70,shap,0.3794239308592134,6.0
lin2,MSE+AC,f1_test,75,cam,0.506655166760657,3.0
lin2,MSE+AC,f1_test,75,diff,0.5561224489795918,1.0
lin2,MSE+AC,f1_test,75,gradcam,0.4943181818181818,4.0
lin2,MSE+AC,f1_test,75,gradinput,0.4809445800019437,5.0
lin2,MSE+AC,f1_test,75,ig,0.5189306768111115,2.0
lin2,MSE+AC,f1_test,75,shap,0.38737375721355594,6.0
lin2,MSE+AC,f1_test,80,cam,0.5107407407407407,3.0
lin2,MSE+AC,f1_test,80,diff,0.587913208096694,1.0
lin2,MSE+AC,f1_test,80,gradcam,0.5,4.0
lin2,MSE+AC,f1_test,80,gradinput,0.4914070971763288,5.0
lin2,MSE+AC,f1_test,80,ig,0.5337421837421835,2.0
lin2,MSE+AC,f1_test,80,shap,0.3952141936207874,6.0
lin2,MSE+AC,f1_test,85,cam,0.5223710317460317,3.0
lin2,MSE+AC,f1_test,85,diff,0.6214285714285713,1.0
lin2,MSE+AC,f1_test,85,gradcam,0.5080433018873511,5.0
lin2,MSE+AC,f1_test,85,gradinput,0.5208333333333334,4.0
lin2,MSE+AC,f1_test,85,ig,0.5668053629218679,2.0
lin2,MSE+AC,f1_test,85,shap,0.4173971861471859,6.0
lin2,MSE+AC,f1_test,90,cam,0.5454545454545454,4.0
lin2,MSE+AC,f1_test,90,diff,0.6666666666666666,1.0
lin2,MSE+AC,f1_test,90,gradcam,0.5382516339869281,5.0
lin2,MSE+AC,f1_test,90,gradinput,0.5499999999999999,3.0
lin2,MSE+AC,f1_test,90,ig,0.6125,2.0
lin2,MSE+AC,f1_test,90,shap,0.4496453900709219,6.0
lin2,MSE+AC,f1_test,95,cam,0.6,4.5
lin2,MSE+AC,f1_test,95,diff,0.7759856630824372,1.0
lin2,MSE+AC,f1_test,95,gradcam,0.6086956521739131,3.0
lin2,MSE+AC,f1_test,95,gradinput,0.6,4.5
lin2,MSE+AC,f1_test,95,ig,0.6666666666666666,2.0
lin2,MSE+AC,f1_test,95,shap,0.5,6.0
lin2,MSE+AC,global_dir_test,50,cam,0.85,1.0
lin2,MSE+AC,global_dir_test,50,diff,0.8261708913882827,2.0
lin2,MSE+AC,global_dir_test,50,gradcam,0.735632183908046,4.0
lin2,MSE+AC,global_dir_test,50,gradinput,0.7057470642350776,5.0
lin2,MSE+AC,global_dir_test,50,ig,0.8070719602977667,3.0
lin2,MSE+AC,global_dir_test,50,shap,0.5,6.0
lin2,MSE+AC,global_dir_test,55,cam,0.8478844209380104,1.0
lin2,MSE+AC,global_dir_test,55,diff,0.8230783115580023,2.0
lin2,MSE+AC,global_dir_test,55,gradcam,0.7383309759547383,4.0
lin2,MSE+AC,global_dir_test,55,gradinput,0.7060446247464502,5.0
lin2,MSE+AC,global_dir_test,55,ig,0.8067587752053771,3.0
lin2,MSE+AC,global_dir_test,55,shap,0.5,6.0
lin2,MSE+AC,global_dir_test,60,cam,0.8406754225382094,1.0
lin2,MSE+AC,global_dir_test,60,diff,0.8181818181818182,2.0
lin2,MSE+AC,global_dir_test,60,gradcam,0.7371675943104514,4.0
lin2,MSE+AC,global_dir_test,60,gradinput,0.7058823529411765,5.0
lin2,MSE+AC,global_dir_test,60,ig,0.8005376344086022,3.0
lin2,MSE+AC,global_dir_test,60,shap,0.5,6.0
lin2,MSE+AC,global_dir_test,65,cam,0.8298125750415827,1.0
lin2,MSE+AC,global_dir_test,65,diff,0.8255434782608695,2.0
lin2,MSE+AC,global_dir_test,65,gradcam,0.7326343381389253,4.0
lin2,MSE+AC,global_dir_test,65,gradinput,0.7047930283224402,5.0
lin2,MSE+AC,global_dir_test,65,ig,0.7976623062015504,3.0
lin2,MSE+AC,global_dir_test,65,shap,0.5,6.0
lin2,MSE+AC,global_dir_test,70,cam,0.8269230769230769,2.0
lin2,MSE+AC,global_dir_test,70,diff,0.8278133903133903,1.0
lin2,MSE+AC,global_dir_test,70,gradcam,0.7283950617283951,4.0
lin2,MSE+AC,global_dir_test,70,gradinput,0.7,5.0
lin2,MSE+AC,global_dir_test,70,ig,0.7845090078660238,3.0
lin2,MSE+AC,global_dir_test,70,shap,0.5,6.0
lin2,MSE+AC,global_dir_test,75,cam,0.8214285714285714,1.0
lin2,MSE+AC,global_dir_test,75,diff,0.8190630048465266,2.0
lin2,MSE+AC,global_dir_test,75,gradcam,0.7169790758500436,4.0
lin2,MSE+AC,global_dir_test,75,gradinput,0.6907216494845361,5.0
lin2,MSE+AC,global_dir_test,75,ig,0.7740585774058577,3.0
lin2,MSE+AC,global_dir_test,75,shap,0.5,6.0
lin2,MSE+AC,global_dir_test,80,cam,0.8043437862950058,2.0
lin2,MSE+AC,global_dir_test,80,diff,0.823852617970265,1.0
lin2,MSE+AC,global_dir_test,80,gradcam,0.7272727272727273,4.0
lin2,MSE+AC,global_dir_test,80,gradinput,0.7110323886639676,5.0
lin2,MSE+AC,global_dir_test,80,ig,0.7734604105571847,3.0
lin2,MSE+AC,global_dir_test,80,shap,0.5,6.0
lin2,MSE+AC,global_dir_test,85,cam,0.8125,2.0
lin2,MSE+AC,global_dir_test,85,diff,0.8333333333333334,1.0
lin2,MSE+AC,global_dir_test,85,gradcam,0.75,4.0
lin2,MSE+AC,global_dir_test,85,gradinput,0.7,5.0
lin2,MSE+AC,global_dir_test,85,ig,0.7795527156549521,3.0
lin2,MSE+AC,global_dir_test,85,shap,0.5,6.0
lin2,MSE+AC,global_dir_test,90,cam,0.7777777777777778,2.0
lin2,MSE+AC,global_dir_test,90,diff,0.8333333333333334,1.0
lin2,MSE+AC,global_dir_test,90,gradcam,0.75,4.0
lin2,MSE+AC,global_dir_test,90,gradinput,0.7142857142857143,5.0
lin2,MSE+AC,global_dir_test,90,ig,0.7752525252525253,3.0
lin2,MSE+AC,global_dir_test,90,shap,0.5,6.0
lin2,MSE+AC,global_dir_test,95,cam,0.75,3.0
lin2,MSE+AC,global_dir_test,95,diff,0.8461538461538461,1.0
lin2,MSE+AC,global_dir_test,95,gradcam,0.75,3.0
lin2,MSE+AC,global_dir_test,95,gradinput,0.7407407407407407,5.0
lin2,MSE+AC,global_dir_test,95,ig,0.75,3.0
lin2,MSE+AC,global_dir_test,95,shap,0.5,6.0
lin2,MSE+AC,local_dir_test,50,cam,0.6218375942071819,3.0
lin2,MSE+AC,local_dir_test,50,diff,0.6806380859051584,1.0
lin2,MSE+AC,local_dir_test,50,gradcam,0.6086956521739131,4.0
lin2,MSE+AC,local_dir_test,50,gradinput,0.5926813881999637,5.0
lin2,MSE+AC,local_dir_test,50,ig,0.6426406926406927,2.0
lin2,MSE+AC,local_dir_test,50,shap,0.500933555769004,6.0
lin2,MSE+AC,local_dir_test,55,cam,0.6235520910701366,3.0
lin2,MSE+AC,local_dir_test,55,diff,0.6833437565144882,1.0
lin2,MSE+AC,local_dir_test,55,gradcam,0.6111111111111112,4.0
lin2,MSE+AC,local_dir_test,55,gradinput,0.5914146908763505,5.0
lin2,MSE+AC,local_dir_test,55,ig,0.643930920740839,2.0
lin2,MSE+AC,local_dir_test,55,shap,0.5005630042550483,6.0
lin2,MSE+AC,local_dir_test,60,cam,0.6244961934617107,3.0
lin2,MSE+AC,local_dir_test,60,diff,0.6832911826482061,1.0
lin2,MSE+AC,local_dir_test,60,gradcam,0.6170622193713919,4.0
lin2,MSE+AC,local_dir_test,60,gradinput,0.5955221785513756,5.0
lin2,MSE+AC,local_dir_test,60,ig,0.646969696969697,2.0
lin2,MSE+AC,local_dir_test,60,shap,0.5,6.0
lin2,MSE+AC,local_dir_test,65,cam,0.6265364212705395,3.0
lin2,MSE+AC,local_dir_test,65,diff,0.6916443077460026,1.0
lin2,MSE+AC,local_dir_test,65,gradcam,0.6202239789196311,4.0
lin2,MSE+AC,local_dir_test,65,gradinput,0.5984611708968539,5.0
lin2,MSE+AC,local_dir_test,65,ig,0.6506684491978609,2.0
lin2,MSE+AC,local_dir_test,65,shap,0.5,6.0
lin2,MSE+AC,local_dir_test,70,cam,0.625,3.0
lin2,MSE+AC,local_dir_test,70,diff,0.6904680560300649,1.0
lin2,MSE+AC,local_dir_test,70,gradcam,0.6188021600392735,4.0
lin2,MSE+AC,local_dir_test,70,gradinput,0.6044191019244476,5.0
lin2,MSE+AC,local_dir_test,70,ig,0.6462395543175488,2.0
lin2,MSE+AC,local_dir_test,70,shap,0.5,6.0
lin2,MSE+AC,local_dir_test,75,cam,0.625,3.0
lin2,MSE+AC,local_dir_test,75,diff,0.696969696969697,1.0
lin2,MSE+AC,local_dir_test,75,gradcam,0.6231884057971014,4.0
lin2,MSE+AC,local_dir_test,75,gradinput,0.6081898613103778,5.0
lin2,MSE+AC,local_dir_test,75,ig,0.6575637206223105,2.0
lin2,MSE+AC,local_dir_test,75,shap,0.5,6.0
lin2,MSE+AC,local_dir_test,80,cam,0.625,3.0
lin2,MSE+AC,local_dir_test,80,diff,0.7142857142857143,1.0
lin2,MSE+AC,local_dir_test,80,gradcam,0.6228742353969214,4.0
lin2,MSE+AC,local_dir_test,80,gradinput,0.616822429906542,5.0
lin2,MSE+AC,local_dir_test,80,ig,0.6666666666666666,2.0
lin2,MSE+AC,local_dir_test,80,shap,0.5,6.0
lin2,MSE+AC,local_dir_test,85,cam,0.625,4.0
lin2,MSE+AC,local_dir_test,85,diff,0.7391304347826086,1.0
lin2,MSE+AC,local_dir_test,85,gradcam,0.6296296296296297,3.0
lin2,MSE+AC,local_dir_test,85,gradinput,0.6231884057971014,5.0
lin2,MSE+AC,local_dir_test,85,ig,0.6875,2.0
lin2,MSE+AC,local_dir_test,85,shap,0.5,6.0
lin2,MSE+AC,local_dir_test,90,cam,0.6428571428571429,5.0
lin2,MSE+AC,local_dir_test,90,diff,0.7692307692307693,1.0
lin2,MSE+AC,local_dir_test,90,gradcam,0.6508196721311476,4.0
lin2,MSE+AC,local_dir_test,90,gradinput,0.6511627906976745,3.0
lin2,MSE+AC,local_dir_test,90,ig,0.7142857142857143,2.0
lin2,MSE+AC,local_dir_test,90,shap,0.5,6.0
lin2,MSE+AC,local_dir_test,95,cam,0.6666666666666666,4.0
lin2,MSE+AC,local_dir_test,95,diff,0.8333333333333334,1.0
lin2,MSE+AC,local_dir_test,95,gradcam,0.6666666666666666,4.0
lin2,MSE+AC,local_dir_test,95,gradinput,0.6666666666666666,4.0
lin2,MSE+AC,local_dir_test,95,ig,0.7448462929475588,2.0
lin2,MSE+AC,local_dir_test,95,shap,0.5,6.0
lin2,MSE+UCN,acc_test,50,cam,0.6151896060297186,2.0
lin2,MSE+UCN,acc_test,50,diff,0.6333330462820571,1.0
lin2,MSE+UCN,acc_test,50,gradcam,0.5611089731524516,5.0
lin2,MSE+UCN,acc_test,50,gradinput,0.5624909961243028,4.0
lin2,MSE+UCN,acc_test,50,ig,0.6004676600222582,3.0
lin2,MSE+UCN,acc_test,50,shap,0.49904136802154514,6.0
lin2,MSE+UCN,acc_test,55,cam,0.6179470980262296,2.0
lin2,MSE+UCN,acc_test,55,diff,0.6341521704260783,1.0
lin2,MSE+UCN,acc_test,55,gradcam,0.5620204730669848,5.0
lin2,MSE+UCN,acc_test,55,gradinput,0.5627552153621233,4.0
lin2,MSE+UCN,acc_test,55,ig,0.6024884715674189,3.0
lin2,MSE+UCN,acc_test,55,shap,0.4986736786163891,6.0
lin2,MSE+UCN,acc_test,60,cam,0.6200012025012026,2.0
lin2,MSE+UCN,acc_test,60,diff,0.6350027512166976,1.0
lin2,MSE+UCN,acc_test,60,gradcam,0.5646825396825397,4.0
lin2,MSE+UCN,acc_test,60,gradinput,0.5632351901142361,5.0
lin2,MSE+UCN,acc_test,60,ig,0.6051751368447738,3.0
lin2,MSE+UCN,acc_test,60,shap,0.4978722781404772,6.0
lin2,MSE+UCN,acc_test,65,cam,0.6254383263529606,2.0
lin2,MSE+UCN,acc_test,65,diff,0.6394112657956474,1.0
lin2,MSE+UCN,acc_test,65,gradcam,0.5682025608284599,4.0
lin2,MSE+UCN,acc_test,65,gradinput,0.5646306682537535,5.0
lin2,MSE+UCN,acc_test,65,ig,0.6125368211356815,3.0
lin2,MSE+UCN,acc_test,65,shap,0.4988463617964815,6.0
lin2,MSE+UCN,acc_test,70,cam,0.6258262260127927,2.0
lin2,MSE+UCN,acc_test,70,diff,0.6419394841269844,1.0
lin2,MSE+UCN,acc_test,70,gradcam,0.5708317190288346,4.0
lin2,MSE+UCN,acc_test,70,gradinput,0.5682448979591839,5.0
lin2,MSE+UCN,acc_test,70,ig,0.6183768488455988,3.0
lin2,MSE+UCN,acc_test,70,shap,0.4984508659902367,6.0
lin2,MSE+UCN,acc_test,75,cam,0.6346917331881954,2.0
lin2,MSE+UCN,acc_test,75,diff,0.654826331370957,1.0
lin2,MSE+UCN,acc_test,75,gradcam,0.5750000000000002,4.0
lin2,MSE+UCN,acc_test,75,gradinput,0.5687710789318976,5.0
lin2,MSE+UCN,acc_test,75,ig,0.6254036852941279,3.0
lin2,MSE+UCN,acc_test,75,shap,0.49753489056961575,6.0
lin2,MSE+UCN,acc_test,80,cam,0.6461538461538462,2.0
lin2,MSE+UCN,acc_test,80,diff,0.6666666666666666,1.0
lin2,MSE+UCN,acc_test,80,gradcam,0.5848861703772419,4.0
lin2,MSE+UCN,acc_test,80,gradinput,0.5810502283105023,5.0
lin2,MSE+UCN,acc_test,80,ig,0.6354166666666666,3.0
lin2,MSE+UCN,acc_test,80,shap,0.5000387371683135,6.0
lin2,MSE+UCN,acc_test,85,cam,0.6655768671897699,2.0
lin2,MSE+UCN,acc_test,85,diff,0.6730769230769231,1.0
lin2,MSE+UCN,acc_test,85,gradcam,0.5881906496660595,4.0
lin2,MSE+UCN,acc_test,85,gradinput,0.5845391903531437,5.0
lin2,MSE+UCN,acc_test,85,ig,0.6364035087719299,3.0
lin2,MSE+UCN,acc_test,85,shap,0.5008454106280195,6.0
lin2,MSE+UCN,acc_test,90,cam,0.6714975845410628,2.0
lin2,MSE+UCN,acc_test,90,diff,0.7,1.0
lin2,MSE+UCN,acc_test,90,gradcam,0.6100473897424139,5.0
lin2,MSE+UCN,acc_test,90,gradinput,0.6138613861386139,4.0
lin2,MSE+UCN,acc_test,90,ig,0.6481481481481481,3.0
lin2,MSE+UCN,acc_test,90,shap,0.5,6.0
lin2,MSE+UCN,acc_test,95,cam,0.75,1.5
lin2,MSE+UCN,acc_test,95,diff,0.75,1.5
lin2,MSE+UCN,acc_test,95,gradcam,0.6666666666666666,3.5
lin2,MSE+UCN,acc_test,95,gradinput,0.6530054644808743,5.0
lin2,MSE+UCN,acc_test,95,ig,0.6666666666666666,3.5
lin2,MSE+UCN,acc_test,95,shap,0.5,6.0
lin2,MSE+UCN,f1_test,50,cam,0.5050716713200594,1.0
lin2,MSE+UCN,f1_test,50,diff,0.487820188244927,3.0
lin2,MSE+UCN,f1_test,50,gradcam,0.4916204089071627,2.0
lin2,MSE+UCN,f1_test,50,gradinput,0.4795139950909234,5.0
lin2,MSE+UCN,f1_test,50,ig,0.4820830345417046,4.0
lin2,MSE+UCN,f1_test,50,shap,0.3619633807006143,6.0
lin2,MSE+UCN,f1_test,55,cam,0.5061373839930248,1.0
lin2,MSE+UCN,f1_test,55,diff,0.48978814068686793,3.0
lin2,MSE+UCN,f1_test,55,gradcam,0.4919771442685395,2.0
lin2,MSE+UCN,f1_test,55,gradinput,0.47988363192546946,5.0
lin2,MSE+UCN,f1_test,55,ig,0.4835583515846351,4.0
lin2,MSE+UCN,f1_test,55,shap,0.36198873953315047,6.0
lin2,MSE+UCN,f1_test,60,cam,0.5124620367848722,1.0
lin2,MSE+UCN,f1_test,60,diff,0.49702975077205214,2.0
lin2,MSE+UCN,f1_test,60,gradcam,0.4924641148325358,3.0
lin2,MSE+UCN,f1_test,60,gradinput,0.4812903738686145,5.0
lin2,MSE+UCN,f1_test,60,ig,0.49048679151524244,4.0
lin2,MSE+UCN,f1_test,60,shap,0.36621780078114297,6.0
lin2,MSE+UCN,f1_test,65,cam,0.5224203301045407,1.0
lin2,MSE+UCN,f1_test,65,diff,0.5078113860945055,2.0
lin2,MSE+UCN,f1_test,65,gradcam,0.4938870964569801,4.0
lin2,MSE+UCN,f1_test,65,gradinput,0.4840842198040557,5.0
lin2,MSE+UCN,f1_test,65,ig,0.49926380204157983,3.0
lin2,MSE+UCN,f1_test,65,shap,0.37335489869306615,6.0
lin2,MSE+UCN,f1_test,70,cam,0.5310014830848165,1.0
lin2,MSE+UCN,f1_test,70,diff,0.5291451335650229,2.0
lin2,MSE+UCN,f1_test,70,gradcam,0.5,4.0
lin2,MSE+UCN,f1_test,70,gradinput,0.4900712962251421,5.0
lin2,MSE+UCN,f1_test,70,ig,0.5092229484386347,3.0
lin2,MSE+UCN,f1_test,70,shap,0.3774974363209658,6.0
lin2,MSE+UCN,f1_test,75,cam,0.5442159965295065,2.0
lin2,MSE+UCN,f1_test,75,diff,0.5453715009270564,1.0
lin2,MSE+UCN,f1_test,75,gradcam,0.5004433582945977,4.0
lin2,MSE+UCN,f1_test,75,gradinput,0.49796725977166656,5.0
lin2,MSE+UCN,f1_test,75,ig,0.5167043948958843,3.0
lin2,MSE+UCN,f1_test,75,shap,0.38218076202687845,6.0
lin2,MSE+UCN,f1_test,80,cam,0.5673341473341473,2.0
lin2,MSE+UCN,f1_test,80,diff,0.577133683093948,1.0
lin2,MSE+UCN,f1_test,80,gradcam,0.5120550034300673,4.0
lin2,MSE+UCN,f1_test,80,gradinput,0.5016918455693967,5.0
lin2,MSE+UCN,f1_test,80,ig,0.5518512481670372,3.0
lin2,MSE+UCN,f1_test,80,shap,0.3952141936207874,6.0
lin2,MSE+UCN,f1_test,85,cam,0.5949604159281581,2.0
lin2,MSE+UCN,f1_test,85,diff,0.6040496540496539,1.0
lin2,MSE+UCN,f1_test,85,gradcam,0.5236190476190477,4.0
lin2,MSE+UCN,f1_test,85,gradinput,0.5092835692835697,5.0
lin2,MSE+UCN,f1_test,85,ig,0.5652215114901683,3.0
lin2,MSE+UCN,f1_test,85,shap,0.4125,6.0
lin2,MSE+UCN,f1_test,90,cam,0.6296296296296295,2.0
lin2,MSE+UCN,f1_test,90,diff,0.6666666666666666,1.0
lin2,MSE+UCN,f1_test,90,gradcam,0.5675536881419234,4.0
lin2,MSE+UCN,f1_test,90,gradinput,0.5588235294117647,5.0
lin2,MSE+UCN,f1_test,90,ig,0.6004901960784315,3.0
lin2,MSE+UCN,f1_test,90,shap,0.4444444444444444,6.0
lin2,MSE+UCN,f1_test,95,cam,0.75,1.5
lin2,MSE+UCN,f1_test,95,diff,0.75,1.5
lin2,MSE+UCN,f1_test,95,gradcam,0.6666666666666666,3.5
lin2,MSE+UCN,f1_test,95,gradinput,0.6592592592592592,5.0
lin2,MSE+UCN,f1_test,95,ig,0.6666666666666666,3.5
lin2,MSE+UCN,f1_test,95,shap,0.5,6.0
lin2,MSE+UCN,global_dir_test,50,cam,0.9042840938836053,1.0
lin2,MSE+UCN,global_dir_test,50,diff,0.85,2.0
lin2,MSE+UCN,global_dir_test,50,gradcam,0.7846153846153846,4.0
lin2,MSE+UCN,global_dir_test,50,gradinput,0.7596758356903146,5.0
lin2,MSE+UCN,global_dir_test,50,ig,0.8276620357048309,3.0
lin2,MSE+UCN,global_dir_test,50,shap,0.5,6.0
lin2,MSE+UCN,global_dir_test,55,cam,0.903069213905418,1.0
lin2,MSE+UCN,global_dir_test,55,diff,0.85,2.0
lin2,MSE+UCN,global_dir_test,55,gradcam,0.782608695652174,4.0
lin2,MSE+UCN,global_dir_test,55,gradinput,0.7602873030583874,5.0
lin2,MSE+UCN,global_dir_test,55,ig,0.823898597095742,3.0
lin2,MSE+UCN,global_dir_test,55,shap,0.5,6.0
lin2,MSE+UCN,global_dir_test,60,cam,0.8990362338986193,1.0
lin2,MSE+UCN,global_dir_test,60,diff,0.8441005400914001,2.0
lin2,MSE+UCN,global_dir_test,60,gradcam,0.7777777777777778,4.0
lin2,MSE+UCN,global_dir_test,60,gradinput,0.7497228381374723,5.0
lin2,MSE+UCN,global_dir_test,60,ig,0.8218520241973011,3.0
lin2,MSE+UCN,global_dir_test,60,shap,0.4997643732327992,6.0
lin2,MSE+UCN,global_dir_test,65,cam,0.8955720420050168,1.0
lin2,MSE+UCN,global_dir_test,65,diff,0.838621010948055,2.0
lin2,MSE+UCN,global_dir_test,65,gradcam,0.7865168539325843,4.0
lin2,MSE+UCN,global_dir_test,65,gradinput,0.7555296266233766,5.0
lin2,MSE+UCN,global_dir_test,65,ig,0.8181818181818182,3.0
lin2,MSE+UCN,global_dir_test,65,shap,0.5,6.0
lin2,MSE+UCN,global_dir_test,70,cam,0.8888888888888888,1.0
lin2,MSE+UCN,global_dir_test,70,diff,0.8381048387096774,2.0
lin2,MSE+UCN,global_dir_test,70,gradcam,0.7857142857142857,4.0
lin2,MSE+UCN,global_dir_test,70,gradinput,0.75,5.0
lin2,MSE+UCN,global_dir_test,70,ig,0.8126671122994653,3.0
lin2,MSE+UCN,global_dir_test,70,shap,0.5,6.0
lin2,MSE+UCN,global_dir_test,75,cam,0.875,1.0
lin2,MSE+UCN,global_dir_test,75,diff,0.8313253012048193,2.0
lin2,MSE+UCN,global_dir_test,75,gradcam,0.764375413086583,4.0
lin2,MSE+UCN,global_dir_test,75,gradinput,0.7272727272727273,5.0
lin2,MSE+UCN,global_dir_test,75,ig,0.8011695906432749,3.0
lin2,MSE+UCN,global_dir_test,75,shap,0.5,6.0
lin2,MSE+UCN,global_dir_test,80,cam,0.875,1.0
lin2,MSE+UCN,global_dir_test,80,diff,0.8409485377071944,2.0
lin2,MSE+UCN,global_dir_test,80,gradcam,0.7613636363636364,4.0
lin2,MSE+UCN,global_dir_test,80,gradinput,0.7373021715126978,5.0
lin2,MSE+UCN,global_dir_test,80,ig,0.8097619047619048,3.0
lin2,MSE+UCN,global_dir_test,80,shap,0.5,6.0
lin2,MSE+UCN,global_dir_test,85,cam,0.8666666666666667,1.0
lin2,MSE+UCN,global_dir_test,85,diff,0.8404815650865313,2.0
lin2,MSE+UCN,global_dir_test,85,gradcam,0.75615788411064,4.0
lin2,MSE+UCN,global_dir_test,85,gradinput,0.71875,5.0
lin2,MSE+UCN,global_dir_test,85,ig,0.8,3.0
lin2,MSE+UCN,global_dir_test,85,shap,0.5,6.0
lin2,MSE+UCN,global_dir_test,90,cam,0.8702408702408703,1.0
lin2,MSE+UCN,global_dir_test,90,diff,0.8571428571428571,2.0
lin2,MSE+UCN,global_dir_test,90,gradcam,0.75,4.0
lin2,MSE+UCN,global_dir_test,90,gradinput,0.7446969696969696,5.0
lin2,MSE+UCN,global_dir_test,90,ig,0.7857142857142857,3.0
lin2,MSE+UCN,global_dir_test,90,shap,0.5,6.0
lin2,MSE+UCN,global_dir_test,95,cam,0.875,1.5
lin2,MSE+UCN,global_dir_test,95,diff,0.875,1.5
lin2,MSE+UCN,global_dir_test,95,gradcam,0.75,4.0
lin2,MSE+UCN,global_dir_test,95,gradinput,0.7142857142857143,5.0
lin2,MSE+UCN,global_dir_test,95,ig,0.7753623188405797,3.0
lin2,MSE+UCN,global_dir_test,95,shap,0.5,6.0
lin2,MSE+UCN,local_dir_test,50,cam,0.6584925861285071,3.0
lin2,MSE+UCN,local_dir_test,50,diff,0.7184445470638037,1.0
lin2,MSE+UCN,local_dir_test,50,gradcam,0.6183206106870229,4.0
lin2,MSE+UCN,local_dir_test,50,gradinput,0.6124794336141995,5.0
lin2,MSE+UCN,local_dir_test,50,ig,0.6666666666666666,2.0
lin2,MSE+UCN,local_dir_test,50,shap,0.5,6.0
lin2,MSE+UCN,local_dir_test,55,cam,0.6591354215101943,3.0
lin2,MSE+UCN,local_dir_test,55,diff,0.7192212959454338,1.0
lin2,MSE+UCN,local_dir_test,55,gradcam,0.6224489795918368,4.0
lin2,MSE+UCN,local_dir_test,55,gradinput,0.6150276772392544,5.0
lin2,MSE+UCN,local_dir_test,55,ig,0.6666666666666666,2.0
lin2,MSE+UCN,local_dir_test,55,shap,0.5,6.0
lin2,MSE+UCN,local_dir_test,60,cam,0.6637429140493335,3.0
lin2,MSE+UCN,local_dir_test,60,diff,0.7183140763702973,1.0
lin2,MSE+UCN,local_dir_test,60,gradcam,0.6252771618625277,4.0
lin2,MSE+UCN,local_dir_test,60,gradinput,0.6165003638454056,5.0
lin2,MSE+UCN,local_dir_test,60,ig,0.6666666666666666,2.0
lin2,MSE+UCN,local_dir_test,60,shap,0.500869124413869,6.0
lin2,MSE+UCN,local_dir_test,65,cam,0.6632693861775762,3.0
lin2,MSE+UCN,local_dir_test,65,diff,0.7210453480945285,1.0
lin2,MSE+UCN,local_dir_test,65,gradcam,0.6265822784810127,4.0
lin2,MSE+UCN,local_dir_test,65,gradinput,0.6172754808812488,5.0
lin2,MSE+UCN,local_dir_test,65,ig,0.6676400809961316,2.0
lin2,MSE+UCN,local_dir_test,65,shap,0.5020008616515497,6.0
lin2,MSE+UCN,local_dir_test,70,cam,0.6643835616438356,3.0
lin2,MSE+UCN,local_dir_test,70,diff,0.7178423236514523,1.0
lin2,MSE+UCN,local_dir_test,70,gradcam,0.6257530120481928,4.0
lin2,MSE+UCN,local_dir_test,70,gradinput,0.6190476190476191,5.0
lin2,MSE+UCN,local_dir_test,70,ig,0.6710367892976589,2.0
lin2,MSE+UCN,local_dir_test,70,shap,0.5,6.0
lin2,MSE+UCN,local_dir_test,75,cam,0.6666666666666666,3.0
lin2,MSE+UCN,local_dir_test,75,diff,0.7180527112456594,1.0
lin2,MSE+UCN,local_dir_test,75,gradcam,0.6293469041560644,4.0
lin2,MSE+UCN,local_dir_test,75,gradinput,0.61552812858783,5.0
lin2,MSE+UCN,local_dir_test,75,ig,0.6817446119771702,2.0
lin2,MSE+UCN,local_dir_test,75,shap,0.5,6.0
lin2,MSE+UCN,local_dir_test,80,cam,0.6685236768802229,3.0
lin2,MSE+UCN,local_dir_test,80,diff,0.7354838709677419,1.0
lin2,MSE+UCN,local_dir_test,80,gradcam,0.6276057647605765,4.0
lin2,MSE+UCN,local_dir_test,80,gradinput,0.6190476190476191,5.0
lin2,MSE+UCN,local_dir_test,80,ig,0.696927374301676,2.0
lin2,MSE+UCN,local_dir_test,80,shap,0.5,6.0
lin2,MSE+UCN,local_dir_test,85,cam,0.684931506849315,3.0
lin2,MSE+UCN,local_dir_test,85,diff,0.7548291233283804,1.0
lin2,MSE+UCN,local_dir_test,85,gradcam,0.6359556063326262,4.0
lin2,MSE+UCN,local_dir_test,85,gradinput,0.6153846153846154,5.0
lin2,MSE+UCN,local_dir_test,85,ig,0.7142857142857143,2.0
lin2,MSE+UCN,local_dir_test,85,shap,0.5023741690408358,6.0
lin2,MSE+UCN,local_dir_test,90,cam,0.7,3.0
lin2,MSE+UCN,local_dir_test,90,diff,0.7692307692307693,1.0
lin2,MSE+UCN,local_dir_test,90,gradcam,0.6492924528301887,4.0
lin2,MSE+UCN,local_dir_test,90,gradinput,0.6363636363636364,5.0
lin2,MSE+UCN,local_dir_test,90,ig,0.7142857142857143,2.0
lin2,MSE+UCN,local_dir_test,90,shap,0.5,6.0
lin2,MSE+UCN,local_dir_test,95,cam,0.75,3.0
lin2,MSE+UCN,local_dir_test,95,diff,0.8571428571428571,1.0
lin2,MSE+UCN,local_dir_test,95,gradcam,0.6666666666666666,4.5
lin2,MSE+UCN,local_dir_test,95,gradinput,0.6666666666666666,4.5
lin2,MSE+UCN,local_dir_test,95,ig,0.7523234200743494,2.0
lin2,MSE+UCN,local_dir_test,95,shap,0.5,6.0
