target,seed,acc_test_mcs50
1CKP-PVB,20260809,0.4861361209174911
1CKP-PVB,20260810,0.4992213451300476
1CKP-PVB,20260811,0.4975862527066059
1D3G-BRE,20260809,0.5212190006376053
1D3G-BRE,20260810,0.4662877948924461
1D3G-BRE,20260811,0.5094368938554984
1D7X-SPC,20260809,0.49676592532831393
1D7X-SPC,20260810,0.4956684328991178
1D7X-SPC,20260811,0.5030005299073663
1D8M-BBH,20260809,0.5354717504717504
1D8M-BBH,20260810,0.5274846819846819
1D8M-BBH,20260811,0.5296827061827062
1DB4-8IN,20260809,0.4973473233546994
1DB4-8IN,20260810,0.5002719873218544
1DB4-8IN,20260811,0.49589957344191166
1DYR-TOP,20260809,0.48202644659745253
1DYR-TOP,20260810,0.53488628399871
1DYR-TOP,20260811,0.4857947854249629
1EZQ-RPR,20260809,0.4242673992673993
1EZQ-RPR,20260810,0.46575091575091576
1EZQ-RPR,20260811,0.46272893772893775
1F0R-815,20260809,0.4997529831875584
1F0R-815,20260810,0.5032837505317801
1F0R-815,20260811,0.5122538900126709
1F40-GPI,20260809,0.4954486556527373
1F40-GPI,20260810,0.47396155431869713
1F40-GPI,20260811,0.4563433165473981
1FLS-WAY,20260809,0.49662306740045586
1FLS-WAY,20260810,0.49493652380486336
1FLS-WAY,20260811,0.49235056466113986
1FM9-570,20260809,0.4896567919232795
1FM9-570,20260810,0.5145521840771271
1FM9-570,20260811,0.5089556867346166
1G5S-I17,20260809,0.5005377375711297
1G5S-I17,20260810,0.5001471522435698
1G5S-I17,20260811,0.5104240599939405
1H00-FAP,20260809,0.5186302784517071
1H00-FAP,20260810,0.4795669442990871
1H00-FAP,20260811,0.5038561801954659
1H01-FAL,20260809,0.5475091148168073
1H01-FAL,20260810,0.5039493839493838
1H01-FAL,20260811,0.4911063295678681
1H1Q-2A6,20260809,0.5159090584529181
1H1Q-2A6,20260810,0.5067229554071659
1H1Q-2A6,20260811,0.47967636651847173
1H1R-6CP,20260809,0.5076534576534576
1H1R-6CP,20260810,0.521845619083188
1H1R-6CP,20260811,0.503588231903149
1HVY-D16,20260809,0.49481303908378627
1HVY-D16,20260810,0.5007375010098759
1HVY-D16,20260811,0.5255564300867309
1HY7-MBS,20260809,0.48651829936627305
1HY7-MBS,20260810,0.48384105101840696
1HY7-MBS,20260811,0.48809735169414487
1IPC-MGP,20260809,0.5263304744003273
1IPC-MGP,20260810,0.5113035742171772
1IPC-MGP,20260811,0.5356014322006969
1KE5-LS1,20260809,0.45208002264964287
1KE5-LS1,20260810,0.4589406725482674
1KE5-LS1,20260811,0.4717148884870405
1KE9-LS5,20260809,0.49901213285359636
1KE9-LS5,20260810,0.4533188356359088
1KE9-LS5,20260811,0.5020403715525669
1KLK-PMD,20260809,0.4704829898420768
1KLK-PMD,20260810,0.5109283665802542
1KLK-PMD,20260811,0.5206838254906736
1KMS-LIH,20260809,0.508783041453496
1KMS-LIH,20260810,0.4784025318116227
1KMS-LIH,20260811,0.5066517447199265
1LD8-U49,20260809,0.5096698781133835
1LD8-U49,20260810,0.5140596947566258
1LD8-U49,20260811,0.5030167471490508
1LJT-HDI,20260809,0.4622568172568172
1LJT-HDI,20260810,0.5000407000407
1LJT-HDI,20260811,0.49845543345543336
1LY3-COG,20260809,0.5107076221725902
1LY3-COG,20260810,0.49933939026295704
1LY3-COG,20260811,0.4876262626262626
1M17-AQ4,20260809,0.5010696180047338
1M17-AQ4,20260810,0.49867519496553425
1M17-AQ4,20260811,0.5005727606501983
1MS6-BLN,20260809,0.5039891363632371
1MS6-BLN,20260810,0.5097909484600133
1MS6-BLN,20260811,0.5097398005671386
1MZC-BNE,20260809,0.5429606625258799
1MZC-BNE,20260810,0.5142339544513457
1MZC-BNE,20260811,0.5139751552795032
1N1M-A3M,20260809,0.49594706023277446
1N1M-A3M,20260810,0.5558234022519737
1N1M-A3M,20260811,0.4845933131647417
1NAV-IH5,20260809,0.534736251402918
1NAV-IH5,20260810,0.5410961466517021
1NAV-IH5,20260811,0.5161990273101384
1NAX-IH5,20260809,0.5119162003308344
1NAX-IH5,20260810,0.4715535142364411
1NAX-IH5,20260811,0.49228786119030016
1NFU-RRP,20260809,0.516416597663646
1NFU-RRP,20260810,0.4857828001935154
1NFU-RRP,20260811,0.48862039750492814
1O42-843,20260809,0.4900908946167794
1O42-843,20260810,0.5117204406715472
1O42-843,20260811,0.5023261698894527
1O46-903,20260809,0.5182888919591047
1O46-903,20260810,0.5178471646556754
1O46-903,20260811,0.5132080685272175
1O86-LPR,20260809,0.49757596064058823
1O86-LPR,20260810,0.49527461100599107
1O86-LPR,20260811,0.5180368846365835
1OHJ-COP,20260809,0.5262129845463179
1OHJ-COP,20260810,0.44257964257964255
1OHJ-COP,20260811,0.49097276180609506
1OIQ-HDU,20260809,0.4970615243342516
1OIQ-HDU,20260810,0.43414338187065454
1OIQ-HDU,20260811,0.5217106126197034
1OIR-HDY,20260809,0.4345898892773893
1OIR-HDY,20260810,0.5782433712121211
1OIR-HDY,20260811,0.5334850912975913
1OYN-4RR,20260809,0.5128650652322132
1OYN-4RR,20260810,0.5028552170197079
1OYN-4RR,20260811,0.505534917990762
1P2A-5BN,20260809,0.5408874458874459
1P2A-5BN,20260810,0.4775649350649351
1P2A-5BN,20260811,0.4343903318903318
1PYE-PM1,20260809,0.48358625501482644
1PYE-PM1,20260810,0.5007213874560813
1PYE-PM1,20260811,0.49764373948047413
1Q3W-ATU,20260809,0.4672377985462097
1Q3W-ATU,20260810,0.46408915591158584
1Q3W-ATU,20260811,0.49102507046432287
1Q4L-679,20260809,0.48377812663526953
1Q4L-679,20260810,0.5083202511773941
1Q4L-679,20260811,0.4934065934065934
1Q6K-TCO,20260809,0.4274488304093568
1Q6K-TCO,20260810,0.4910139933166249
1Q6K-TCO,20260811,0.48105158730158726
1R0E-DFN,20260809,0.4998877013424895
1R0E-DFN,20260810,0.49997970677366016
1R0E-DFN,20260811,0.5054656152857313
1RDT-570,20260809,0.46308438638446653
1RDT-570,20260810,0.5150323973910719
1RDT-570,20260811,0.5219559592051278
1RHR-CNE,20260809,0.4969516594516594
1RHR-CNE,20260810,0.6002044252044252
1RHR-CNE,20260811,0.5066558441558441
1RNE-C60,20260809,0.4988822093434768
1RNE-C60,20260810,0.5006507132574748
1RNE-C60,20260811,0.502498049994521
1RWQ-5AP,20260809,0.5153082091732399
1RWQ-5AP,20260810,0.5150306748466258
1RWQ-5AP,20260811,0.5202088810984515
1S63-778,20260809,0.49234637421947125
1S63-778,20260810,0.500165617110573
1S63-778,20260811,0.502431671679269
1SA4-JAN,20260809,0.5132665945165945
1SA4-JAN,20260810,0.4822691197691197
1SA4-JAN,20260811,0.48548681257014586
1T69-SHH,20260809,0.5148729357062689
1T69-SHH,20260810,0.46424229063117955
1T69-SHH,20260811,0.4610055582277805
1TFQ-998,20260809,0.5057021085438814
1TFQ-998,20260810,0.5094238612321292
1TFQ-998,20260811,0.47839287396941466
1TFT-997,20260809,0.418025818025818
1TFT-997,20260810,0.4959108459108458
1TFT-997,20260811,0.43325825825825826
1TU6-FSP,20260809,0.5030283544635529
1TU6-FSP,20260810,0.4887325785319002
1TU6-FSP,20260811,0.5003082263284214
1UDT-VIA,20260809,0.49952802764663634
1UDT-VIA,20260810,0.49843649844614807
1UDT-VIA,20260811,0.4959086376066292
1UDU-CIA,20260809,0.5117845381893845
1UDU-CIA,20260810,0.4846122198421816
1UDU-CIA,20260811,0.5131973268653754
1UHO-VDN,20260809,0.49774609194591984
1UHO-VDN,20260810,0.49578275931396903
1UHO-VDN,20260811,0.5076070121625083
1UMT-0DS,20260809,0.5023257909061651
1UMT-0DS,20260810,0.4939245505932926
1UMT-0DS,20260811,0.4905652395037893
1UZF-X8Z,20260809,0.48143608688721473
1UZF-X8Z,20260810,0.49754513448122467
1UZF-X8Z,20260811,0.5013628497651055
1VYW-292,20260809,0.5014848512207667
1VYW-292,20260810,0.49776597619907487
1VYW-292,20260811,0.5121780996780996
1W0X-OLO,20260809,0.5045995499348359
1W0X-OLO,20260810,0.4988540752673147
1W0X-OLO,20260811,0.49573695285589026
1X0N-DTF,20260809,0.49681547053011615
1X0N-DTF,20260810,0.4921319942128201
1X0N-DTF,20260811,0.508735009314218
1X8B-824,20260809,0.500191332144254
1X8B-824,20260810,0.5016003187949716
1X8B-824,20260811,0.49553488700042453
1XJD-STO,20260809,0.519328612390252
1XJD-STO,20260810,0.5164912901380361
1XJD-STO,20260811,0.4827803766946446
1XKK-FMM,20260809,0.5045290337701155
1XKK-FMM,20260810,0.4942494163813074
1XKK-FMM,20260811,0.4997660298937389
1XOW-R18,20260809,0.5528870999801232
1XOW-R18,20260810,0.5302275889485192
1XOW-R18,20260811,0.626436096203538
1XS7-MMI,20260809,0.5303703026188795
1XS7-MMI,20260810,0.4780823022995699
1XS7-MMI,20260811,0.4896277934940174
1Y91-CT9,20260809,0.4882554507554507
1Y91-CT9,20260810,0.5002723252723252
1Y91-CT9,20260811,0.48374369624369623
1YHO-TOP,20260809,0.5164428164428165
1YHO-TOP,20260810,0.4747964997964998
1YHO-TOP,20260811,0.5152329152329153
1YRS-L47,20260809,0.47934276980329615
1YRS-L47,20260810,0.5428642629300523
1YRS-L47,20260811,0.4954075529733424
1Z6E-IK8,20260809,0.4824419283901957
1Z6E-IK8,20260810,0.5094739669210357
1Z6E-IK8,20260811,0.540119022676448
1Z6J-PY3,20260809,0.4846575602160178
1Z6J-PY3,20260810,0.5140292912706909
1Z6J-PY3,20260811,0.5210082378139147
1ZD2-NC3,20260809,0.4891122317225258
1ZD2-NC3,20260810,0.4987758975685921
1ZD2-NC3,20260811,0.5042840407273519
1ZFQ-ZEC,20260809,0.5374831649831651
1ZFQ-ZEC,20260810,0.5284559884559885
1ZFQ-ZEC,20260811,0.576449013949014
1ZTQ-033,20260809,0.5092974282281362
1ZTQ-033,20260810,0.4996025050611292
1ZTQ-033,20260811,0.4948133468946031
2A4L-RRC,20260809,0.5063004230819397
2A4L-RRC,20260810,0.5034845288224794
2A4L-RRC,20260811,0.5033970193887113
2AEI-03R,20260809,0.5043278507371286
2AEI-03R,20260810,0.5060453868507557
2AEI-03R,20260811,0.5220680944421277
2AUX-CT1,20260809,0.47313489540762266
2AUX-CT1,20260810,0.47633033633033633
2AUX-CT1,20260811,0.4061060151969243
2AYP-43A,20260809,0.5382521645021645
2AYP-43A,20260810,0.40300264550264553
2AYP-43A,20260811,0.5070165945165945
2B36-5PP,20260809,0.4140997023809524
2B36-5PP,20260810,0.4465029761904762
2B36-5PP,20260811,0.6271205357142857
2B52-D42,20260809,0.5097202825258892
2B52-D42,20260810,0.5053871667038027
2B52-D42,20260811,0.5675645471256685
2B53-D23,20260809,0.49147247551502876
2B53-D23,20260810,0.5220702465383317
2B53-D23,20260811,0.5100050658561297
2B54-D05,20260809,0.5264149252173057
2B54-D05,20260810,0.5205781624653355
2B54-D05,20260811,0.48434792823195344
2B55-D31,20260809,0.47295911015273767
2B55-D31,20260810,0.4809676253303704
2B55-D31,20260811,0.5172864036834626
2BKT-RPF,20260809,0.5086092482954854
2BKT-RPF,20260810,0.5359817526184838
2BKT-RPF,20260811,0.49350297802531745
2BUB-FPB,20260809,0.496960458599047
2BUB-FPB,20260810,0.49863028139668936
2BUB-FPB,20260811,0.5001565414361776
2CJI-GSK,20260809,0.4857954053608037
2CJI-GSK,20260810,0.48895805111474727
2CJI-GSK,20260811,0.4822886938744657
2CNF-F32,20260809,0.5170352019012733
2CNF-F32,20260810,0.5200960696049981
2CNF-F32,20260811,0.4993839939822083
2CNG-IZE,20260809,0.48672741375072814
2CNG-IZE,20260810,0.4963356205639901
2CNG-IZE,20260811,0.5013795500478081
2CNH-IZB,20260809,0.5417636304264211
2CNH-IZB,20260810,0.48892364095852464
2CNH-IZB,20260811,0.4991931195419568
2E2B-406,20260809,0.49417914459478934
2E2B-406,20260810,0.48240070226181053
2E2B-406,20260811,0.4917404643374397
2E9N-76A,20260809,0.48987151703627185
2E9N-76A,20260810,0.4887251992816688
2E9N-76A,20260811,0.48503794341426554
2E9P-77A,20260809,0.4988779096041709
2E9P-77A,20260810,0.49784853155382147
2E9P-77A,20260811,0.4976735433108039
2EI6-D92,20260809,0.4933885858119771
2EI6-D92,20260810,0.5053488419522992
2EI6-D92,20260811,0.5049288378595695
2ETM-7PY,20260809,0.49077059215294505
2ETM-7PY,20260810,0.5094651622886917
2ETM-7PY,20260811,0.5038716251069193
2EUF-LQQ,20260809,0.49909747090378936
2EUF-LQQ,20260810,0.5041073435696258
2EUF-LQQ,20260811,0.49300319949163957
2F3E-AXQ,20260809,0.5234871707240127
2F3E-AXQ,20260810,0.4957232241442767
2F3E-AXQ,20260811,0.46180421369566105
2F89-210,20260809,0.5095320552463409
2F89-210,20260810,0.5162296433725004
2F89-210,20260811,0.5065921115921115
2F8C-ZOL,20260809,0.5122643696173108
2F8C-ZOL,20260810,0.5116537057713528
2F8C-ZOL,20260811,0.5396227138874199
2FME-3QC,20260809,0.41927223719676543
2FME-3QC,20260810,0.43562443845462706
2FME-3QC,20260811,0.47192273135669355
2FPT-ILB,20260809,0.4962006079027355
2FPT-ILB,20260810,0.514066193853428
2FPT-ILB,20260811,0.5027946639648768
2FWZ-H71,20260809,0.4999170801721034
2FWZ-H71,20260810,0.5162294128677437
2FWZ-H71,20260811,0.5056815586954689
2G19-4HG,20260809,0.5303645231836722
2G19-4HG,20260810,0.4956405296830828
2G19-4HG,20260811,0.4907409965920604
2G1R-3IG,20260809,0.4988477202497218
2G1R-3IG,20260810,0.5133936535045331
2G1R-3IG,20260811,0.4802803627108839
2GM1-2AZ,20260809,0.48722350001419773
2GM1-2AZ,20260810,0.48763665275293183
2GM1-2AZ,20260811,0.4938417525626827
2H8H-H8H,20260809,0.49553370763048177
2H8H-H8H,20260810,0.5039641362222007
2H8H-H8H,20260811,0.4897712204163817
2HXL-422,20260809,0.48728693181818183
2HXL-422,20260810,0.5207098890692641
2HXL-422,20260811,0.477373060966811
2HYY-STI,20260809,0.4969017373048871
2HYY-STI,20260810,0.49715552956339065
2HYY-STI,20260811,0.5070091060283549
2ICA-2IC,20260809,0.43280380333951757
2ICA-2IC,20260810,0.497117218099361
2ICA-2IC,20260811,0.5296259791795507
2ITW-STO,20260809,0.5408142159817513
2ITW-STO,20260810,0.49735430036993705
2ITW-STO,20260811,0.42775000295476845
2J5F-DJK,20260809,0.49874891168105945
2J5F-DJK,20260810,0.5020340077344582
2J5F-DJK,20260811,0.49782665583561353
2J6M-AEE,20260809,0.5146464646464646
2J6M-AEE,20260810,0.4585858585858586
2J6M-AEE,20260811,0.502020202020202
2JBO-P4O,20260809,0.5404688397635106
2JBO-P4O,20260810,0.4913699023025041
2JBO-P4O,20260811,0.47353265421447244
2OAG-DLI,20260809,0.5382750406559931
2OAG-DLI,20260810,0.5423812959527244
2OAG-DLI,20260811,0.5062329645662978
2OJ9-BMI,20260809,0.4984085136314449
2OJ9-BMI,20260810,0.4921644374382048
2OJ9-BMI,20260811,0.4984685230201858
2P4I-MR9,20260809,0.47962069935754154
2P4I-MR9,20260810,0.49130596762175716
2P4I-MR9,20260811,0.5067310080467975
2P4J-23I,20260809,0.48599386253099197
2P4J-23I,20260810,0.5168615609023653
2P4J-23I,20260811,0.4897577643727163
2PHB-230,20260809,0.4989910246035473
2PHB-230,20260810,0.5478976530687324
2PHB-230,20260811,0.48130260210768916
2PZY-B18,20260809,0.5003874963838784
2PZY-B18,20260810,0.4815026615817709
2PZY-B18,20260811,0.4996910275467048
2Q59-240,20260809,0.5129340726323485
2Q59-240,20260810,0.4977457767328457
2Q59-240,20260811,0.5143764162083128
2Q8S-L92,20260809,0.4611111111111111
2Q8S-L92,20260810,0.50625
2Q8S-L92,20260811,0.4458333333333333
2QN1-0AS,20260809,0.49418679410866906
2QN1-0AS,20260810,0.4928103537087912
2QN1-0AS,20260811,0.4983299469627595
2QU2-251,20260809,0.5471367016821562
2QU2-251,20260810,0.4353773331046058
2QU2-251,20260811,0.458687062096153
2R3R-6SC,20260809,0.5013414281796634
2R3R-6SC,20260810,0.5452529285315524
2R3R-6SC,20260811,0.4864104419448432
2R64-740,20260809,0.4116732804232804
2R64-740,20260810,0.6137676366843033
2R64-740,20260811,0.5221450617283951
2RGU-356,20260809,0.4974512174759042
2RGU-356,20260810,0.5050136659131108
2RGU-356,20260811,0.4995298964036323
2TCL-RO4,20260809,0.5014048125625308
2TCL-RO4,20260810,0.5026737244858049
2TCL-RO4,20260811,0.524193228471752
2UWL-895,20260809,0.5109817951584592
2UWL-895,20260810,0.5034495307037876
2UWL-895,20260811,0.5012774255614812
2V0M-KKK,20260809,0.5239469862018883
2V0M-KKK,20260810,0.5330843448490508
2V0M-KKK,20260811,0.5422450461666147
2V0Z-C41,20260809,0.5030588757177648
2V0Z-C41,20260810,0.5002574274847594
2V0Z-C41,20260811,0.5107514776156795
2VCI-2GJ,20260809,0.5312557509951731
2VCI-2GJ,20260810,0.5100523975317577
2VCI-2GJ,20260811,0.5141285812093345
2VCJ-2EQ,20260809,0.5224012099012099
2VCJ-2EQ,20260810,0.4570786852036852
2VCJ-2EQ,20260811,0.4759542540792541
2VV9-IM9,20260809,0.46103792812126143
2VV9-IM9,20260810,0.5205711264044597
2VV9-IM9,20260811,0.4962147574647575
2W26-RIV,20260809,0.5046409088622759
2W26-RIV,20260810,0.4915760264657157
2W26-RIV,20260811,0.49374712337225324
2W8Y-NDR,20260809,0.4792403628117915
2W8Y-NDR,20260810,0.4438038548752834
2W8Y-NDR,20260811,0.422171201814059
2WEY-EV1,20260809,0.5227831502048723
2WEY-EV1,20260810,0.5093195372794198
2WEY-EV1,20260811,0.5102100470740393
2WIH-P48,20260809,0.5180361471334881
2WIH-P48,20260810,0.47203568400550716
2WIH-P48,20260811,0.5063700058540398
2WOG-ZZD,20260809,0.4286446886446887
2WOG-ZZD,20260810,0.4721367521367521
2WOG-ZZD,20260811,0.4997252747252747
2X6D-X6D,20260809,0.4857809571963983
2X6D-X6D,20260810,0.49116037870745544
2X6D-X6D,20260811,0.5057621126084182
2X8D-X8D,20260809,0.49850698511866026
2X8D-X8D,20260810,0.4920276071925817
2X8D-X8D,20260811,0.49249092700869357
2XB7-GUI,20260809,0.4973745874777999
2XB7-GUI,20260810,0.4986681233868092
2XB7-GUI,20260811,0.5020690100170815
2Y0J-AXC,20260809,0.4766276652640289
2Y0J-AXC,20260810,0.49751263046717603
2Y0J-AXC,20260811,0.4557387477842023
2YAC-937,20260809,0.4989956438014926
2YAC-937,20260810,0.48840069144852516
2YAC-937,20260811,0.5038566476761206
2YDI-YDI,20260809,0.5145297197928776
2YDI-YDI,20260810,0.47592469664838083
2YDI-YDI,20260811,0.48674792556371504
2YDK-YDK,20260809,0.4904376034051844
2YDK-YDK,20260810,0.5358481225064766
2YDK-YDK,20260811,0.5093216287730004
2YM8-YM8,20260809,0.505217086834734
2YM8-YM8,20260810,0.4835434173669468
2YM8-YM8,20260811,0.5650210084033613
2YWP-A42,20260809,0.49920688085446585
2YWP-A42,20260810,0.5010917658665962
2YWP-A42,20260811,0.499596153892476
3A2C-PDY,20260809,0.5249240746333769
3A2C-PDY,20260810,0.5114219436893855
3A2C-PDY,20260811,0.5184926507600925
3AOX-EMH,20260809,0.5037800097835816
3AOX-EMH,20260810,0.5039384022064531
3AOX-EMH,20260811,0.4987446426664824
3ARN-MSJ,20260809,0.5697012138188607
3ARN-MSJ,20260810,0.47320261437908495
3ARN-MSJ,20260811,0.5536881419234361
3AYK-CGS,20260809,0.4648853682887297
3AYK-CGS,20260810,0.505883566120187
3AYK-CGS,20260811,0.5050978013583056
3BZ3-YAM,20260809,0.4996026502497598
3BZ3-YAM,20260810,0.5311894882708972
3BZ3-YAM,20260811,0.4164748778208657
3CHO-4BG,20260809,0.4311642743221691
3CHO-4BG,20260810,0.5544683678894204
3CHO-4BG,20260811,0.5232251082251083
3D4Q-SM5,20260809,0.4888400488400489
3D4Q-SM5,20260810,0.4972853072853073
3D4Q-SM5,20260811,0.4954599104599105
3DBS-GD9,20260809,0.5688623876123876
3DBS-GD9,20260810,0.5063048063048063
3DBS-GD9,20260811,0.4181933517871018
3DD0-EZL,20260809,0.42984817115251894
3DD0-EZL,20260810,0.4839199447895099
3DD0-EZL,20260811,0.5267080745341615
3DUY-AFJ,20260809,0.5024981551238757
3DUY-AFJ,20260810,0.49274813146594054
3DUY-AFJ,20260811,0.5339041918435791
3DV3-MEK,20260809,0.45631261941941553
3DV3-MEK,20260810,0.5197746158911208
3DV3-MEK,20260811,0.4825709888816686
3E32-ED2,20260809,0.4224747474747475
3E32-ED2,20260810,0.4874071598336305
3E32-ED2,20260811,0.4682847381376793
3E37-ED5,20260809,0.45059237094341453
3E37-ED5,20260810,0.62880444981963
3E37-ED5,20260811,0.5008307789617088
3EID-PO5,20260809,0.5014838231943495
3EID-PO5,20260810,0.5141604010025062
3EID-PO5,20260811,0.48384597858282075
3EJ1-5BP,20260809,0.5169172286519226
3EJ1-5BP,20260810,0.47868873379077465
3EJ1-5BP,20260811,0.5170956405650282
3ELM-24F,20260809,0.4648216339216339
3ELM-24F,20260810,0.5040862581862582
3ELM-24F,20260811,0.4915295149295149
3EQM-ASD,20260809,0.5209515925575529
3EQM-ASD,20260810,0.5262023021128981
3EQM-ASD,20260811,0.5002277585059042
3EYG-MI1,20260809,0.5033713141247389
3EYG-MI1,20260810,0.4916369272533655
3EYG-MI1,20260811,0.509643788479405
3F5P-741,20260809,0.5111840569561158
3F5P-741,20260810,0.48360469187675076
3F5P-741,20260811,0.5517970319440908
3F7Z-34O,20260809,0.4424144721019721
3F7Z-34O,20260810,0.4295582311207311
3F7Z-34O,20260811,0.43300189393939387
3FH5-24P,20260809,0.502872679257044
3FH5-24P,20260810,0.48838967312094345
3FH5-24P,20260811,0.5029856363325419
3FPM-793,20260809,0.5504128055852193
3FPM-793,20260810,0.5577956526232388
3FPM-793,20260811,0.5650435771125426
3FYJ-B97,20260809,0.4705826239545348
3FYJ-B97,20260810,0.5247925248360333
3FYJ-B97,20260811,0.4369237706254761
3G0B-T22,20260809,0.4884439621733578
3G0B-T22,20260810,0.4697173819769973
3G0B-T22,20260811,0.5211353016641479
3G3E-G3E,20260809,0.36
3G3E-G3E,20260810,0.44666666666666666
3G3E-G3E,20260811,0.43999999999999995
3G6Z-A7T,20260809,0.5021095580436112
3G6Z-A7T,20260810,0.49352595136360944
3G6Z-A7T,20260811,0.5050569481531305
3GW5-72X,20260809,0.5014244589152678
3GW5-72X,20260810,0.5123423985342972
3GW5-72X,20260811,0.49632334540751033
3HPT-YET,20260809,0.46693015528242804
3HPT-YET,20260810,0.48558458586867675
3HPT-YET,20260811,0.4860794298294299
3I7G-732,20260809,0.49925520333129036
3I7G-732,20260810,0.5113508472204125
3I7G-732,20260811,0.5154328561937258
3IG6-438,20260809,0.48846153846153845
3IG6-438,20260810,0.40106837606837603
3IG6-438,20260811,0.5017094017094016
3IGB-454,20260809,0.4755497521801869
3IGB-454,20260810,0.6063021519543258
3IGB-454,20260811,0.5473916180437921
3II5-831,20260809,0.522848004618838
3II5-831,20260810,0.5028759242300909
3II5-831,20260811,0.49646034906451575
3IN3-472,20260809,0.5044726795317178
3IN3-472,20260810,0.5018623455881935
3IN3-472,20260811,0.49422682834554876
3IND-593,20260809,0.5017365192855018
3IND-593,20260810,0.5017035683535491
3IND-593,20260811,0.5020392531607343
3IO7-1P5,20260809,0.4989650760198705
3IO7-1P5,20260810,0.5573369932958974
3IO7-1P5,20260811,0.4771985624725351
3IWE-646,20260809,0.5123215045451549
3IWE-646,20260810,0.5150929476122278
3IWE-646,20260811,0.48464302050420305
3JSI-WTC,20260809,0.49260614977234946
3JSI-WTC,20260810,0.5036390477800374
3JSI-WTC,20260811,0.5047585476390332
3K3B-L31,20260809,0.5149019607843137
3K3B-L31,20260810,0.5210084033613446
3K3B-L31,20260811,0.5566176470588236
3K5F-AYH,20260809,0.48463482397088353
3K5F-AYH,20260810,0.5061946147618965
3K5F-AYH,20260811,0.5006043523411388
3KFC-61X,20260809,0.5125241904568664
3KFC-61X,20260810,0.486552491295776
3KFC-61X,20260811,0.5008913118314683
3KWB-ORH,20260809,0.5851851851851853
3KWB-ORH,20260810,0.4484126984126984
3KWB-ORH,20260811,0.4822751322751322
3KWF-B1Q,20260809,0.49409857428433274
3KWF-B1Q,20260810,0.5101371452764641
3KWF-B1Q,20260811,0.5085354703775756
3KWZ-KWZ,20260809,0.5345264523835953
3KWZ-KWZ,20260810,0.47810267334076856
3KWZ-KWZ,20260811,0.5086643808866032
3KYR-038,20260809,0.48748307248307243
3KYR-038,20260810,0.4918894993894994
3KYR-038,20260811,0.5126577589077589
3L08-ZIG,20260809,0.523280779121354
3L08-ZIG,20260810,0.47030775133214975
3L08-ZIG,20260811,0.49819049878374744
3L9H-EMQ,20260809,0.4952014955746299
3L9H-EMQ,20260810,0.5072772722026453
3L9H-EMQ,20260811,0.47356815379203443
3M6F-BJZ,20260809,0.455688061938062
3M6F-BJZ,20260810,0.48504273504273504
3M6F-BJZ,20260811,0.5426337551337551
3N0T-OPY,20260809,0.49117508908325236
3N0T-OPY,20260810,0.5177364755425979
3N0T-OPY,20260811,0.47741658568189177
3N3G-93N,20260809,0.45330117037434114
3N3G-93N,20260810,0.5682271657881414
3N3G-93N,20260811,0.5514249977664611
3N7R-N7R,20260809,0.5193059445108625
3N7R-N7R,20260810,0.49444123726910616
3N7R-N7R,20260811,0.5436579586169751
3NC9-TR3,20260809,0.48848949991807133
3NC9-TR3,20260810,0.4814383764383764
3NC9-TR3,20260811,0.5226174354745784
3NUN-JMZ,20260809,0.5101381951381951
3NUN-JMZ,20260810,0.5643176268176269
3NUN-JMZ,20260811,0.5261363636363636
3O9L-LPN,20260809,0.4944576391051354
3O9L-LPN,20260810,0.5066870499494057
3O9L-LPN,20260811,0.5015583946090518
3OCS-746,20260809,0.5016861390019295
3OCS-746,20260810,0.5007519309554874
3OCS-746,20260811,0.4908303895428525
3OOT-SSR,20260809,0.4763188465440229
3OOT-SSR,20260810,0.483820298890836
3OOT-SSR,20260811,0.489081433628368
3OQK-S52,20260809,0.5103846661534932
3OQK-S52,20260810,0.49830389783322315
3OQK-S52,20260811,0.5188742584791717
3OT8-MI5,20260809,0.4816883116883117
3OT8-MI5,20260810,0.5027533351002739
3OT8-MI5,20260811,0.5036083870777748
3OY1-589,20260809,0.4241719123546855
3OY1-589,20260810,0.47783953324919715
3OY1-589,20260811,0.463599542381055
3PA3-C70,20260809,0.5210965885965886
3PA3-C70,20260810,0.45606709648376315
3PA3-C70,20260811,0.49977252685586016
3PBB-PBD,20260809,0.4945169332831671
3PBB-PBD,20260810,0.5231472567836204
3PBB-PBD,20260811,0.4797323527843009
3PI5-3P5,20260809,0.49451768427435994
3PI5-3P5,20260810,0.4944792552111631
3PI5-3P5,20260811,0.49493265082226
3POZ-03P,20260809,0.48482712067049427
3POZ-03P,20260810,0.5224647842117721
3POZ-03P,20260811,0.48774160912715137
3Q32-J2I,20260809,0.49324028461959496
3Q32-J2I,20260810,0.5071291735084839
3Q32-J2I,20260811,0.5251231527093596
3Q3K-D90,20260809,0.4956944813581373
3Q3K-D90,20260810,0.503217983966343
3Q3K-D90,20260811,0.53193012616911
3Q3T-RX0,20260809,0.5526108394529445
3Q3T-RX0,20260810,0.5492166459271722
3Q3T-RX0,20260811,0.5337202271412798
3Q8W-AZV,20260809,0.4865422936851508
3Q8W-AZV,20260810,0.5042396756682471
3Q8W-AZV,20260811,0.5685357763929193
3Q92-XNB,20260809,0.5369700474963632
3Q92-XNB,20260810,0.5005355755355756
3Q92-XNB,20260811,0.5026108394529447
3QAQ-QAQ,20260809,0.4606744133059922
3QAQ-QAQ,20260810,0.5299403812561707
3QAQ-QAQ,20260811,0.4967684362421203
3R43-ID8,20260809,0.5060185185185185
3R43-ID8,20260810,0.5104751729751731
3R43-ID8,20260811,0.5134361009361009
3RO4-LJ9,20260809,0.4128629600851823
3RO4-LJ9,20260810,0.5406799990133323
3RO4-LJ9,20260811,0.5342046328157439
3RUK-AER,20260809,0.5026960784313725
3RUK-AER,20260810,0.43186274509803924
3RUK-AER,20260811,0.49313725490196075
3S7S-EXM,20260809,0.5171711807399539
3S7S-EXM,20260810,0.5393653744025492
3S7S-EXM,20260811,0.49331297574792
3SHY-5FO,20260809,0.5024366901957513
3SHY-5FO,20260810,0.48845461141054475
3SHY-5FO,20260811,0.4922929122816568
3SWZ-TOK,20260809,0.6397452788757135
3SWZ-TOK,20260810,0.549802371541502
3SWZ-TOK,20260811,0.4850680720245938
3TJC-0TP,20260809,0.5249904507257448
3TJC-0TP,20260810,0.47049274255156603
3TJC-0TP,20260811,0.4805162974280621
3TK5-D1Q,20260809,0.4636855132047439
3TK5-D1Q,20260810,0.5479605330566869
3TK5-D1Q,20260811,0.40314589256896954
3TKH-07S,20260809,0.5171988434068265
3TKH-07S,20260810,0.5107008887471072
3TKH-07S,20260811,0.47463459742871505
3TV7-07Q,20260809,0.49577667516175583
3TV7-07Q,20260810,0.5387714995577899
3TV7-07Q,20260811,0.5105779133500907
3U6H-03X,20260809,0.49363496548012836
3U6H-03X,20260810,0.4978221491195677
3U6H-03X,20260811,0.510411777601424
3U9N-09H,20260809,0.5573247148589614
3U9N-09H,20260810,0.488173812488881
3U9N-09H,20260811,0.5214740358575973
3UFL-508,20260809,0.5789554531490014
3UFL-508,20260810,0.4710189452124936
3UFL-508,20260811,0.4954941116231439
3UMW-596,20260809,0.5337619047619047
3UMW-596,20260810,0.5087142857142858
3UMW-596,20260811,0.5064761904761904
3VHE-42Q,20260809,0.5161593831515706
3VHE-42Q,20260810,0.5102749961435623
3VHE-42Q,20260811,0.4858727388828492
3VJC-ZGA,20260809,0.5064697646479767
3VJC-ZGA,20260810,0.4646776924485903
3VJC-ZGA,20260811,0.4513542295982312
3VSW-R31,20260809,0.49432639899578507
3VSW-R31,20260810,0.5282626996828371
3VSW-R31,20260811,0.503030930354889
3VV6-B00,20260809,0.5545030806935568
3VV6-B00,20260810,0.48403135665040437
3VV6-B00,20260811,0.6051988135321469
3W2T-LF7,20260809,0.4964344978692804
3W2T-LF7,20260810,0.5036573667878016
3W2T-LF7,20260811,0.5079257312735573
3WBL-PDY,20260809,0.4956341761219809
3WBL-PDY,20260810,0.4599433087237965
3WBL-PDY,20260811,0.5922722264185679
3WK4-S0A,20260809,0.5343164394184803
3WK4-S0A,20260810,0.5420433685739809
3WK4-S0A,20260811,0.513582619194864
3WV1-WHH,20260809,0.48492250712117185
3WV1-WHH,20260810,0.48855408954425555
3WV1-WHH,20260811,0.4773190012701922
3WZJ-O43,20260809,0.5094620464412132
3WZJ-O43,20260810,0.4872006658464991
3WZJ-O43,20260811,0.5027561173394507
3WZK-O23,20260809,0.49993676052781644
3WZK-O23,20260810,0.5082671375034489
3WZK-O23,20260811,0.4996247290114527
3ZIM-KKR,20260809,0.5009528785390855
3ZIM-KKR,20260810,0.5185126415729864
3ZIM-KKR,20260811,0.5348430305326857
3ZXH-E41,20260809,0.4994718253034462
3ZXH-E41,20260810,0.4954720010750064
3ZXH-E41,20260811,0.5004864756405983
4A7C-E46,20260809,0.5317550505050505
4A7C-E46,20260810,0.39686748436748437
4A7C-E46,20260811,0.48575336700336696
4AEL-4HN,20260809,0.4890574737249614
4AEL-4HN,20260810,0.5278270579994717
4AEL-4HN,20260811,0.5011241358531999
4ANW-O92,20260809,0.4720107478728168
4ANW-O92,20260810,0.4901851022540678
4ANW-O92,20260811,0.4770637408568443
4AOF-7L0,20260809,0.5019444564214839
4AOF-7L0,20260810,0.4515431729580703
4AOF-7L0,20260811,0.5005411178140032
4AQC-88A,20260809,0.505556347405865
4AQC-88A,20260810,0.505921020407741
4AQC-88A,20260811,0.49463592472203327
4AZ0-S61,20260809,0.4444805194805195
4AZ0-S61,20260810,0.4828553391053392
4AZ0-S61,20260811,0.44244227994227997
4COD-KV1,20260809,0.5466386429928096
4COD-KV1,20260810,0.4737641602224935
4COD-KV1,20260811,0.5571526081942749
4D08-Q2T,20260809,0.496329109140497
4D08-Q2T,20260810,0.5052685737442558
4D08-Q2T,20260811,0.4948014157978571
4D2R-DYK,20260809,0.5097717758432043
4D2R-DYK,20260810,0.4232654250511394
4D2R-DYK,20260811,0.5711223300509015
4DDL-0JQ,20260809,0.5273247724889937
4DDL-0JQ,20260810,0.5098345706444037
4DDL-0JQ,20260811,0.4898968042745805
4EK6-10K,20260809,0.5242819349962207
4EK6-10K,20260810,0.48105631141345434
4EK6-10K,20260811,0.5380291005291005
4EY5-HUP,20260809,0.5443921978404738
4EY5-HUP,20260810,0.609185450564761
4EY5-HUP,20260811,0.4333059660645867
4FAL-0T0,20260809,0.4909060179194408
4FAL-0T0,20260810,0.497426734339486
4FAL-0T0,20260811,0.45827920215504103
4FKQ-42K,20260809,0.4861170338782278
4FKQ-42K,20260810,0.5174840085287846
4FKQ-42K,20260811,0.42939469320066337
4FSR-HKC,20260809,0.4901574829486363
4FSR-HKC,20260810,0.4902912739303622
4FSR-HKC,20260811,0.4989572250572843
4FSW-HK6,20260809,0.44588407774051947
4FSW-HK6,20260810,0.48952968159965327
4FSW-HK6,20260811,0.5056877430211805
4FZ7-0VH,20260809,0.5163814817660972
4FZ7-0VH,20260810,0.5747931982547366
4FZ7-0VH,20260811,0.46880995073302767
4GG5-0J3,20260809,0.4934529822029822
4GG5-0J3,20260810,0.526281265031265
4GG5-0J3,20260811,0.5093338143338143
4GJ7-0LT,20260809,0.5054801636184643
4GJ7-0LT,20260810,0.4982818097565497
4GJ7-0LT,20260811,0.5141082813264499
4GL5-G29,20260809,0.41578947368421054
4GL5-G29,20260810,0.3675438596491228
4GL5-G29,20260811,0.5763157894736842
4HAI-I23,20260809,0.4862930373275713
4HAI-I23,20260810,0.5004450082845511
4HAI-I23,20260811,0.4993953927730279
4HBP-17J,20260809,0.5097796839176151
4HBP-17J,20260810,0.488324855221407
4HBP-17J,20260811,0.5114796314796314
4HF4-15H,20260809,0.5573523250942606
4HF4-15H,20260810,0.42762067681422516
4HF4-15H,20260811,0.5694514267094912
4HMN-16J,20260809,0.6477777777777778
4HMN-16J,20260810,0.4974074074074074
4HMN-16J,20260811,0.4981481481481481
4I8V-BHF,20260809,0.536442479089538
4I8V-BHF,20260810,0.4470009293538706
4I8V-BHF,20260811,0.5449932964638847
4ID7-1G0,20260809,0.49983694567816944
4ID7-1G0,20260810,0.4949663267585507
4ID7-1G0,20260811,0.4940661925207064
4IS9-LTF,20260809,0.507051282051282
4IS9-LTF,20260810,0.41370573870573873
4IS9-LTF,20260811,0.5821733821733821
4JAI-XU2,20260809,0.5155778943278944
4JAI-XU2,20260810,0.45314296814296817
4JAI-XU2,20260811,0.5218123543123543
4JIA-1K3,20260809,0.5009953165415351
4JIA-1K3,20260810,0.5006491711517143
4JIA-1K3,20260811,0.5018450706254776
4JNC-1LF,20260809,0.5124769866149177
4JNC-1LF,20260810,0.48471973428869986
4JNC-1LF,20260811,0.5503396029258097
4JNM-1LJ,20260809,0.41382113821138217
4JNM-1LJ,20260810,0.4024390243902439
4JNM-1LJ,20260811,0.6113821138211383
4JOO-1M4,20260809,0.48513289036544854
4JOO-1M4,20260810,0.5186877076411961
4JOO-1M4,20260811,0.4572259136212624
4JQ7-KJQ,20260809,0.5106091473617993
4JQ7-KJQ,20260810,0.5013589713083445
4JQ7-KJQ,20260811,0.5263198014885575
4JQA-ID8,20260809,0.5146252440370088
4JQA-ID8,20260810,0.4870511841100077
4JQA-ID8,20260811,0.515628978864273
4JR5-1LS,20260809,0.5603028728028728
4JR5-1LS,20260810,0.5108659358659359
4JR5-1LS,20260811,0.4915060165060165
4JZE-1NK,20260809,0.46728290725716354
4JZE-1NK,20260810,0.501282432102529
4JZE-1NK,20260811,0.5110648865587282
4KAK-06U,20260809,0.47299548277809145
4KAK-06U,20260810,0.47588717140347575
4KAK-06U,20260811,0.47022711587928984
4KFN-1QR,20260809,0.4988337420155602
4KFN-1QR,20260810,0.548583436765255
4KFN-1QR,20260811,0.48138641661368936
4KFO-1QS,20260809,0.5416659472215027
4KFO-1QS,20260810,0.49506529136158756
4KFO-1QS,20260811,0.4994230734971476
4L23-X6K,20260809,0.4935729847494553
4L23-X6K,20260810,0.5074157868275515
4L23-X6K,20260811,0.5392031171442937
4L2Y-XXK,20260809,0.40789204756596065
4L2Y-XXK,20260810,0.586171497584541
4L2Y-XXK,20260811,0.4693468970642884
4LTS-LTS,20260809,0.45119047619047625
4LTS-LTS,20260810,0.49107142857142866
4LTS-LTS,20260811,0.5898809523809524
4LY1-20Y,20260809,0.4566162971826301
4LY1-20Y,20260810,0.4821528133480573
4LY1-20Y,20260811,0.5171415770758699
4LYN-1YG,20260809,0.47335443032679214
4LYN-1YG,20260810,0.5270518565744696
4LYN-1YG,20260811,0.5045375478792564
4M0F-1YK,20260809,0.6013814616755794
4M0F-1YK,20260810,0.5486408199643493
4M0F-1YK,20260811,0.524108734402852
4MBI-26K,20260809,0.5100732698789237
4MBI-26K,20260810,0.4747524952471949
4MBI-26K,20260811,0.4798107271605505
4MPC-PV2,20260809,0.539018389018389
4MPC-PV2,20260810,0.44172031672031675
4MPC-PV2,20260811,0.5213989713989713
4MQ1-2C3,20260809,0.5345582414661363
4MQ1-2C3,20260810,0.48012104854210114
4MQ1-2C3,20260811,0.508767329162066
4MXC-DWF,20260809,0.49926931307203504
4MXC-DWF,20260810,0.4366040827501967
4MXC-DWF,20260811,0.5340927280002911
4MXO-DB8,20260809,0.4916317386958577
4MXO-DB8,20260810,0.5028037830841514
4MXO-DB8,20260811,0.502035511452401
4NR7-2LO,20260809,0.6128205128205128
4NR7-2LO,20260810,0.5423076923076923
4NR7-2LO,20260811,0.5314102564102564
4O04-2Q8,20260809,0.4810104529616725
4O04-2Q8,20260810,0.5193379790940766
4O04-2Q8,20260811,0.5041231126596981
4O1L-HO4,20260809,0.49313712621686545
4O1L-HO4,20260810,0.4960106968881067
4O1L-HO4,20260811,0.4929352887888324
4OBO-2QV,20260809,0.5775
4OBO-2QV,20260810,0.41694444444444445
4OBO-2QV,20260811,0.4833333333333334
4OBZ-2S4,20260809,0.5118831010371667
4OBZ-2S4,20260810,0.49821217376430205
4OBZ-2S4,20260811,0.5054204176064585
4OCZ-2RU,20260809,0.4975367247602825
4OCZ-2RU,20260810,0.5065228308016769
4OCZ-2RU,20260811,0.4992490815808124
4PHW-2W1,20260809,0.4984946522113559
4PHW-2W1,20260810,0.49523366940126096
4PHW-2W1,20260811,0.50174500361931
4PM0-32V,20260809,0.4854256854256854
4PM0-32V,20260810,0.5187636969246164
4PM0-32V,20260811,0.47177212953075015
4QHV-IXF,20260809,0.497854526425955
4QHV-IXF,20260810,0.47566718995290425
4QHV-IXF,20260811,0.531083202511774
4QO8-36U,20260809,0.48809523809523814
4QO8-36U,20260810,0.5129662698412698
4QO8-36U,20260811,0.4744940476190475
4QP7-363,20260809,0.5729760208926875
4QP7-363,20260810,0.4847667378917378
4QP7-363,20260811,0.49698650115316784
4RLI-3SH,20260809,0.5103832442067736
4RLI-3SH,20260810,0.46733511586452764
4RLI-3SH,20260811,0.5092840166369579
4RLS-49C,20260809,0.5442460317460317
4RLS-49C,20260810,0.5744047619047619
4RLS-49C,20260811,0.5675595238095238
4RSS-4MG,20260809,0.4847788855364613
4RSS-4MG,20260810,0.5151557664183928
4RSS-4MG,20260811,0.5054394352374151
4RX5-3YO,20260809,0.5329751131221719
4RX5-3YO,20260810,0.4929241568422241
4RX5-3YO,20260811,0.5454153456254296
4TPM-35E,20260809,0.4871544687950938
4TPM-35E,20260810,0.4656295093795094
4TPM-35E,20260811,0.4825949224386724
4TPT-35H,20260809,0.46000457875457873
4TPT-35H,20260810,0.548580586080586
4TPT-35H,20260811,0.5098672161172162
4TV3-ML9,20260809,0.50208884225644
4TV3-ML9,20260810,0.5073983248284925
4TV3-ML9,20260811,0.5008919572048063
4TY1-38W,20260809,0.5106803216908079
4TY1-38W,20260810,0.5038861599157118
4TY1-38W,20260811,0.5124060559713562
4U41-3C8,20260809,0.4866146688560481
4U41-3C8,20260810,0.4910153256704981
4U41-3C8,20260811,0.5541461412151067
4U43-3D8,20260809,0.5626841060174393
4U43-3D8,20260810,0.49792232458899127
4U43-3D8,20260811,0.4684684143017477
4UYE-9F9,20260809,0.51692501265672
4UYE-9F9,20260810,0.4698224201272982
4UYE-9F9,20260811,0.5415445665445665
4W4V-3H8,20260809,0.4707302339533745
4W4V-3H8,20260810,0.5102412394767766
4W4V-3H8,20260811,0.4892153645252819
4WOT-3SG,20260809,0.5171630000593165
4WOT-3SG,20260810,0.480928479289666
4WOT-3SG,20260811,0.5007888617353455
4WPF-3SN,20260809,0.5360997667601441
4WPF-3SN,20260810,0.5149908791418225
4WPF-3SN,20260811,0.5138981912566818
4WQP-3SX,20260809,0.5043051574883295
4WQP-3SX,20260810,0.5171430941442111
4WQP-3SX,20260811,0.4968739376781075
4WT6-3U6,20260809,0.49857492286689864
4WT6-3U6,20260810,0.506927164380756
4WT6-3U6,20260811,0.5026410796947468
4WY1-3VO,20260809,0.49931999870379734
4WY1-3VO,20260810,0.4981905537319222
4WY1-3VO,20260811,0.5030267429912523
4X6X-S74,20260809,0.5990044324790087
4X6X-S74,20260810,0.49256078196756165
4X6X-S74,20260811,0.48594244738312536
4X7I-3YS,20260809,0.5112912262536066
4X7I-3YS,20260810,0.48661491225330716
4X7I-3YS,20260811,0.5029169743887026
4XHK-3YR,20260809,0.5056421763770262
4XHK-3YR,20260810,0.5176910613821935
4XHK-3YR,20260811,0.5017729693444994
4XJ0-41B,20260809,0.5136675193493374
4XJ0-41B,20260810,0.4332882395382395
4XJ0-41B,20260811,0.5432088744588746
4XMO-46G,20260809,0.5518264143264143
4XMO-46G,20260810,0.5116185897435899
4XMO-46G,20260811,0.5713976224392892
4XT9-43V,20260809,0.5065163754895898
4XT9-43V,20260810,0.49523100907029477
4XT9-43V,20260811,0.5405370670995671
4Y73-XPY,20260809,0.47072189282086896
4Y73-XPY,20260810,0.503659570425782
4Y73-XPY,20260811,0.5059474181487833
4YFF-4CV,20260809,0.4831421502474134
4YFF-4CV,20260810,0.5150159051474842
4YFF-4CV,20260811,0.4770653505850874
4YL0-4DZ,20260809,0.5064660207517351
4YL0-4DZ,20260810,0.5347151525722954
4YL0-4DZ,20260811,0.495900483995722
4YPQ-4F1,20260809,0.5027057459736031
4YPQ-4F1,20260810,0.5007369773084058
4YPQ-4F1,20260811,0.4975649277970706
4ZAU-YY3,20260809,0.4464533937011001
4ZAU-YY3,20260810,0.461318625309451
4ZAU-YY3,20260811,0.5373052279015581
4ZIM-4OK,20260809,0.4519283940389517
4ZIM-4OK,20260810,0.4877626588778151
4ZIM-4OK,20260811,0.5086454530864379
4ZJW-4P1,20260809,0.54
4ZJW-4P1,20260810,0.5257142857142857
4ZJW-4P1,20260811,0.4710476190476191
4ZZI-1NS,20260809,0.5515879457843743
4ZZI-1NS,20260810,0.537723858482787
4ZZI-1NS,20260811,0.5047342042877757
5A09-JJD,20260809,0.5021497109773413
5A09-JJD,20260810,0.5007870931363873
5A09-JJD,20260811,0.4972869179040908
5AM3-AUB,20260809,0.515112863327149
5AM3-AUB,20260810,0.40434618291761154
5AM3-AUB,20260811,0.4748428159142445
5AXP-4LK,20260809,0.5072104086389799
5AXP-4LK,20260810,0.5002320695177838
5AXP-4LK,20260811,0.5304650904650905
5CF4-50Y,20260809,0.458196477796285
5CF4-50Y,20260810,0.4825597377550126
5CF4-50Y,20260811,0.4973117314486649
5D1J-56H,20260809,0.4862645070978404
5D1J-56H,20260810,0.5167260208926875
5D1J-56H,20260811,0.5152484860818194
5DXU-5H5,20260809,0.5021996578488239
5DXU-5H5,20260810,0.49997136219523847
5DXU-5H5,20260811,0.49014655915559285
5E1E-5JG,20260809,0.45666099773242635
5E1E-5JG,20260810,0.5353174603174603
5E1E-5JG,20260811,0.5079931972789116
5EDH-5MF,20260809,0.4812931893814247
5EDH-5MF,20260810,0.5054791885674238
5EDH-5MF,20260811,0.49294580691639517
5EK2-5PJ,20260809,0.489072039072039
5EK2-5PJ,20260810,0.4644078144078144
5EK2-5PJ,20260811,0.4823565323565323
5EOL-5QO,20260809,0.49951108755438517
5EOL-5QO,20260810,0.4984598562466356
5EOL-5QO,20260811,0.49907909221675734
5FTO-YMX,20260809,0.4435897435897435
5FTO-YMX,20260810,0.45222832722832723
5FTO-YMX,20260811,0.5950091575091575
5HDU-60W,20260809,0.5033593881855914
5HDU-60W,20260810,0.5175623965062468
5HDU-60W,20260811,0.5073600419188655
5IIS-6CB,20260809,0.48515476190476187
5IIS-6CB,20260810,0.48501785714285717
5IIS-6CB,20260811,0.4599583333333333
830C-RS1,20260809,0.48649907597276015
830C-RS1,20260810,0.5005740361003519
830C-RS1,20260811,0.48094225462646517
966C-RS2,20260809,0.4806691750616984
966C-RS2,20260810,0.5161862281021159
966C-RS2,20260811,0.46049783549783546
