target,explainer,acc_test_mcs50
1CKP-PVB,cam,0.49884829124253705
1CKP-PVB,diff,0.6644561214316235
1CKP-PVB,gradcam,0.48975149184164996
1CKP-PVB,gradinput,0.5254424902195876
1CKP-PVB,ig,0.6447479260362039
1CKP-PVB,shap,0.5379795847855954
1D3G-BRE,cam,0.5886786469344609
1D3G-BRE,diff,0.6394140742977953
1D3G-BRE,gradcam,0.4725693815228699
1D3G-BRE,gradinput,0.5149503339038223
1D3G-BRE,ig,0.6205129366757274
1D3G-BRE,shap,0.4812609483539716
1D7X-SPC,cam,0.5192828734127851
1D7X-SPC,diff,0.6524977181490894
1D7X-SPC,gradcam,0.6116143586818098
1D7X-SPC,gradinput,0.5992490383477669
1D7X-SPC,ig,0.6242440757191018
1D7X-SPC,shap,0.5168960538391134
1D8M-BBH,cam,0.62
1D8M-BBH,diff,0.5302742257742258
1D8M-BBH,gradcam,0.6145622155622156
1D8M-BBH,gradinput,0.5109366744366743
1D8M-BBH,ig,0.5697310467310467
1D8M-BBH,shap,0.5752374847374847
1DB4-8IN,cam,0.5267513538841159
1DB4-8IN,diff,0.563872805195678
1DB4-8IN,gradcam,0.5073731598005023
1DB4-8IN,gradinput,0.4604981674095338
1DB4-8IN,ig,0.5002053102269423
1DB4-8IN,shap,0.5110526393671144
1DYR-TOP,cam,0.49879706092723847
1DYR-TOP,diff,0.6014535185393174
1DYR-TOP,gradcam,0.5501620995703835
1DYR-TOP,gradinput,0.5509353893969279
1DYR-TOP,ig,0.542763465988318
1DYR-TOP,shap,0.5278516765942801
1EZQ-RPR,cam,0.5
1EZQ-RPR,diff,0.7
1EZQ-RPR,gradcam,0.7107142857142856
1EZQ-RPR,gradinput,0.8447802197802198
1EZQ-RPR,ig,0.7916666666666666
1EZQ-RPR,shap,0.6438644688644689
1F0R-815,cam,0.503935860058309
1F0R-815,diff,0.6484100515769934
1F0R-815,gradcam,0.6735757987802742
1F0R-815,gradinput,0.5609010004670443
1F0R-815,ig,0.6078312774646
1F0R-815,shap,0.5306256126606806
1F40-GPI,cam,0.6450680272108844
1F40-GPI,diff,0.36847667638483966
1F40-GPI,gradcam,0.6560311570515651
1F40-GPI,gradinput,0.5988433901699208
1F40-GPI,ig,0.5339053803339516
1F40-GPI,shap,0.553862237535707
1FLS-WAY,cam,0.5134578871420976
1FLS-WAY,diff,0.6735299394588677
1FLS-WAY,gradcam,0.47742109165334407
1FLS-WAY,gradinput,0.45244485915294125
1FLS-WAY,ig,0.5717000038487192
1FLS-WAY,shap,0.5243091813295767
1FM9-570,cam,0.5129022445060182
1FM9-570,diff,0.6865200684362142
1FM9-570,gradcam,0.5886048995886018
1FM9-570,gradinput,0.5383089356950271
1FM9-570,ig,0.5058282510370833
1FM9-570,shap,0.5302966769747832
1G5S-I17,cam,0.5141810363957645
1G5S-I17,diff,0.6267290556581799
1G5S-I17,gradcam,0.5113015336975973
1G5S-I17,gradinput,0.48729022016615997
1G5S-I17,ig,0.5770897734813039
1G5S-I17,shap,0.5140903237602708
1H00-FAP,cam,0.5119047619047619
1H00-FAP,diff,0.5576919277812136
1H00-FAP,gradcam,0.5760157831586403
1H00-FAP,gradinput,0.6076033093890236
1H00-FAP,ig,0.5638583143047429
1H00-FAP,shap,0.5473498227962512
1H01-FAL,cam,0.5230769230769231
1H01-FAL,diff,0.5753459361151669
1H01-FAL,gradcam,0.5082517482517482
1H01-FAL,gradinput,0.48200376546530393
1H01-FAL,ig,0.560309861079092
1H01-FAL,shap,0.5395128802821111
1H1Q-2A6,cam,0.5380116959064327
1H1Q-2A6,diff,0.5976754077631271
1H1Q-2A6,gradcam,0.41399054162212057
1H1Q-2A6,gradinput,0.6997212014755874
1H1Q-2A6,ig,0.6263871443696005
1H1Q-2A6,shap,0.5553162399653628
1H1R-6CP,cam,0.5524861878453039
1H1R-6CP,diff,0.728788660694738
1H1R-6CP,gradcam,0.5309211200095179
1H1R-6CP,gradinput,0.6472982051711332
1H1R-6CP,ig,0.550505541113276
1H1R-6CP,shap,0.5571419679154486
1HVY-D16,cam,0.5216855752613085
1HVY-D16,diff,0.6035088978896881
1HVY-D16,gradcam,0.7324438006127144
1HVY-D16,gradinput,0.6911138220624963
1HVY-D16,ig,0.6347431337975763
1HVY-D16,shap,0.5156946332686501
1HY7-MBS,cam,0.5290040088117012
1HY7-MBS,diff,0.6207557683752843
1HY7-MBS,gradcam,0.5624599688243205
1HY7-MBS,gradinput,0.5406196546529519
1HY7-MBS,ig,0.5891411559127475
1HY7-MBS,shap,0.5317057012598523
1IPC-MGP,cam,0.5
1IPC-MGP,diff,0.7302242470900558
1IPC-MGP,gradcam,0.6487211046034576
1IPC-MGP,gradinput,0.5722799344582433
1IPC-MGP,ig,0.614059759004612
1IPC-MGP,shap,0.5515333964782494
1KE5-LS1,cam,0.5569620253164557
1KE5-LS1,diff,0.6617663981588031
1KE5-LS1,gradcam,0.7166401811971432
1KE5-LS1,gradinput,0.7977651743474528
1KE5-LS1,ig,0.7183809158492702
1KE5-LS1,shap,0.5746785211975086
1KE9-LS5,cam,0.5365853658536586
1KE9-LS5,diff,0.7844286810750226
1KE9-LS5,gradcam,0.643583042973287
1KE9-LS5,gradinput,0.5735176070541923
1KE9-LS5,ig,0.7247652753750314
1KE9-LS5,shap,0.49444975755951354
1KLK-PMD,cam,0.6787955825269258
1KLK-PMD,diff,0.6246769448481476
1KLK-PMD,gradcam,0.5013591593266746
1KLK-PMD,gradinput,0.666834769951539
1KLK-PMD,ig,0.6299533677716295
1KLK-PMD,shap,0.48160328477492664
1KMS-LIH,cam,0.5065025252525251
1KMS-LIH,diff,0.6707902892561982
1KMS-LIH,gradcam,0.5080611307884036
1KMS-LIH,gradinput,0.49172262396694216
1KMS-LIH,ig,0.6168617998163453
1KMS-LIH,shap,0.5270905073461892
1LD8-U49,cam,0.5257553972125513
1LD8-U49,diff,0.5416873108809852
1LD8-U49,gradcam,0.540233045817589
1LD8-U49,gradinput,0.5379963040226222
1LD8-U49,ig,0.5040939296073164
1LD8-U49,shap,0.5003769634963456
1LJT-HDI,cam,0.5666666666666667
1LJT-HDI,diff,0.683609076109076
1LJT-HDI,gradcam,0.573992673992674
1LJT-HDI,gradinput,0.5729344729344729
1LJT-HDI,ig,0.43089743589743595
1LJT-HDI,shap,0.5138278388278388
1LY3-COG,cam,0.5031847133757962
1LY3-COG,diff,0.5646712805948474
1LY3-COG,gradcam,0.513724138564903
1LY3-COG,gradinput,0.47874491043280853
1LY3-COG,ig,0.5285631565886343
1LY3-COG,shap,0.508129980422974
1M17-AQ4,cam,0.5430552625333352
1M17-AQ4,diff,0.5965113021899879
1M17-AQ4,gradcam,0.5106712635148233
1M17-AQ4,gradinput,0.4947742385029536
1M17-AQ4,ig,0.5585284380861116
1M17-AQ4,shap,0.5186431187310072
1MS6-BLN,cam,0.5179856115107914
1MS6-BLN,diff,0.6773019346760354
1MS6-BLN,gradcam,0.3958849503813533
1MS6-BLN,gradinput,0.5819398028031121
1MS6-BLN,ig,0.595350432940361
1MS6-BLN,shap,0.5038040097392615
1MZC-BNE,cam,0.5652173913043478
1MZC-BNE,diff,0.5320910973084885
1MZC-BNE,gradcam,0.5683229813664595
1MZC-BNE,gradinput,0.5349378881987576
1MZC-BNE,ig,0.5794513457556936
1MZC-BNE,shap,0.5548654244306418
1N1M-A3M,cam,0.5713213213213213
1N1M-A3M,diff,0.7192005549148406
1N1M-A3M,gradcam,0.6748924713210427
1N1M-A3M,gradinput,0.6370487834773549
1N1M-A3M,ig,0.7449965735680021
1N1M-A3M,shap,0.5775443346871919
1NAV-IH5,cam,0.7777777777777778
1NAV-IH5,diff,0.8148989898989899
1NAV-IH5,gradcam,0.7626356154133931
1NAV-IH5,gradinput,0.8512719790497568
1NAV-IH5,ig,0.5710718294051628
1NAV-IH5,shap,0.5491208380097269
1NAX-IH5,cam,0.7804878048780488
1NAX-IH5,diff,0.7243761658395804
1NAX-IH5,gradcam,0.6871176926054975
1NAX-IH5,gradinput,0.7515274698201527
1NAX-IH5,ig,0.6032669904621124
1NAX-IH5,shap,0.5348854397634886
1NFU-RRP,cam,0.5423728813559322
1NFU-RRP,diff,0.646399591674294
1NFU-RRP,gradcam,0.3996235324382463
1NFU-RRP,gradinput,0.38306977352406857
1NFU-RRP,ig,0.5780393544436939
1NFU-RRP,shap,0.5120603510696389
1O42-843,cam,0.49388841562972585
1O42-843,diff,0.5543959719031841
1O42-843,gradcam,0.5447148166760114
1O42-843,gradinput,0.5134728187361965
1O42-843,ig,0.588669941773613
1O42-843,shap,0.5049089292151933
1O46-903,cam,0.5106382978723404
1O46-903,diff,0.5110692794203434
1O46-903,gradcam,0.4453858493752111
1O46-903,gradinput,0.4775647815541432
1O46-903,ig,0.40766287495010906
1O46-903,shap,0.5218591691995947
1O86-LPR,cam,0.5179905092004784
1O86-LPR,diff,0.5712620008434183
1O86-LPR,gradcam,0.46887941583880144
1O86-LPR,gradinput,0.46820135765785176
1O86-LPR,ig,0.6272424384257674
1O86-LPR,shap,0.5152939783244902
1OHJ-COP,cam,0.5
1OHJ-COP,diff,0.6482409565742899
1OHJ-COP,gradcam,0.5378367003367003
1OHJ-COP,gradinput,0.662076966243633
1OHJ-COP,ig,0.6789788914788917
1OHJ-COP,shap,0.5094912803246135
1OIQ-HDU,cam,0.48484848484848486
1OIQ-HDU,diff,0.5018890200708382
1OIQ-HDU,gradcam,0.4515873015873016
1OIQ-HDU,gradinput,0.5040010494555949
1OIQ-HDU,ig,0.4861012724649089
1OIQ-HDU,shap,0.5467368490095763
1OIR-HDY,cam,0.5
1OIR-HDY,diff,0.663568376068376
1OIR-HDY,gradcam,0.5693376068376068
1OIR-HDY,gradinput,0.6343919968919969
1OIR-HDY,ig,0.6404780982905983
1OIR-HDY,shap,0.5371272824397825
1OYN-4RR,cam,0.5386939721143376
1OYN-4RR,diff,0.5835241692214508
1OYN-4RR,gradcam,0.5788915948895216
1OYN-4RR,gradinput,0.5092469760397114
1OYN-4RR,ig,0.6949436231612548
1OYN-4RR,shap,0.5576112751393048
1P2A-5BN,cam,0.5
1P2A-5BN,diff,0.5875036075036075
1P2A-5BN,gradcam,0.56758658008658
1P2A-5BN,gradinput,0.39223665223665216
1P2A-5BN,ig,0.6811038961038961
1P2A-5BN,shap,0.5529040404040404
1PYE-PM1,cam,0.48054694738368203
1PYE-PM1,diff,0.7530456504946301
1PYE-PM1,gradcam,0.23262185660144838
1PYE-PM1,gradinput,0.564608633996389
1PYE-PM1,ig,0.4420400461216788
1PYE-PM1,shap,0.5846988612294736
1Q3W-ATU,cam,0.535402759234535
1Q3W-ATU,diff,0.5373794689215251
1Q3W-ATU,gradcam,0.41661103693813967
1Q3W-ATU,gradinput,0.49905429461504225
1Q3W-ATU,ig,0.6462653908915591
1Q3W-ATU,shap,0.5461244622459576
1Q4L-679,cam,0.5274725274725275
1Q4L-679,diff,0.5787545787545787
1Q4L-679,gradcam,0.554029304029304
1Q4L-679,gradinput,0.5421245421245422
1Q4L-679,ig,0.7573260073260072
1Q4L-679,shap,0.634720041862899
1Q6K-TCO,cam,0.5131578947368421
1Q6K-TCO,diff,0.7000835421888053
1Q6K-TCO,gradcam,0.5347117794486216
1Q6K-TCO,gradinput,0.4859962406015037
1Q6K-TCO,ig,0.4934210526315789
1Q6K-TCO,shap,0.603889933166249
1R0E-DFN,cam,0.5030538940383279
1R0E-DFN,diff,0.617971409922988
1R0E-DFN,gradcam,0.48957800157253906
1R0E-DFN,gradinput,0.5148701056624332
1R0E-DFN,ig,0.5217498297615705
1R0E-DFN,shap,0.5301276302836122
1RDT-570,cam,0.5168535853721039
1RDT-570,diff,0.5102376078969932
1RDT-570,gradcam,0.5468613232100791
1RDT-570,gradinput,0.39556731591188654
1RDT-570,ig,0.5403965445660779
1RDT-570,shap,0.527243949094941
1RHR-CNE,cam,0.5257936507936508
1RHR-CNE,diff,0.5086279461279462
1RHR-CNE,gradcam,0.6353415103415104
1RHR-CNE,gradinput,0.4996993746993746
1RHR-CNE,ig,0.5707972582972582
1RHR-CNE,shap,0.5030844155844156
1RNE-C60,cam,0.5677155823095427
1RNE-C60,diff,0.5586652268468545
1RNE-C60,gradcam,0.5265150433257549
1RNE-C60,gradinput,0.5192405825091672
1RNE-C60,ig,0.5087862842200513
1RWQ-5AP,cam,0.5927232447171097
1RWQ-5AP,diff,0.6044162041094556
1RWQ-5AP,gradcam,0.35894439575421166
1RWQ-5AP,gradinput,0.4688528581166618
1RWQ-5AP,ig,0.519967864446392
1RWQ-5AP,shap,0.5281770376862401
1S63-778,cam,0.5469383991528038
1S63-778,diff,0.5658911355537716
1S63-778,gradcam,0.4825792780356669
1S63-778,gradinput,0.485368313488259
1S63-778,ig,0.5498885544375544
1S63-778,shap,0.5050524422713656
1SA4-JAN,cam,0.49494949494949503
1SA4-JAN,diff,0.6266674683341349
1SA4-JAN,gradcam,0.48704304954304944
1SA4-JAN,gradinput,0.4629449254449255
1SA4-JAN,ig,0.5562109187109187
1SA4-JAN,shap,0.5553421115921116
1T69-SHH,cam,0.5
1T69-SHH,diff,0.7186247394580726
1T69-SHH,gradcam,0.6506025867136978
1T69-SHH,gradinput,0.6809523809523809
1T69-SHH,ig,0.7548086686975576
1T69-SHH,shap,0.6039388594944151
1TFQ-998,cam,0.6341948310139165
1TFQ-998,diff,0.5671824321353617
1TFQ-998,gradcam,0.46026444984607773
1TFQ-998,gradinput,0.5284190700150821
1TFQ-998,ig,0.6297087902806533
1TFQ-998,shap,0.4961593074021444
1TFT-997,cam,0.5135135135135135
1TFT-997,diff,0.5403942903942903
1TFT-997,gradcam,0.6640692640692639
1TFT-997,gradinput,0.5859151359151359
1TFT-997,ig,0.5572774072774073
1TFT-997,shap,0.4643315393315394
1TU6-FSP,cam,0.5
1TU6-FSP,diff,0.5404823835039636
1TU6-FSP,gradcam,0.5460516394487593
1TU6-FSP,gradinput,0.5731043847013071
1TU6-FSP,ig,0.5345562748688767
1TU6-FSP,shap,0.5309625005333413
1UDT-VIA,cam,0.5429960497105718
1UDT-VIA,diff,0.6302481795272608
1UDT-VIA,gradcam,0.5873186148215424
1UDT-VIA,gradinput,0.5242965099333595
1UDT-VIA,ig,0.5577061690913758
1UDT-VIA,shap,0.5193359003845203
1UDU-CIA,cam,0.5087329603696084
1UDU-CIA,diff,0.6685782692919932
1UDU-CIA,gradcam,0.47604692622155065
1UDU-CIA,gradinput,0.6782923546175017
1UDU-CIA,ig,0.6383300078386963
1UDU-CIA,shap,0.5043497721590049
1UHO-VDN,cam,0.555392490595151
1UHO-VDN,diff,0.6332778252808503
1UHO-VDN,gradcam,0.5659969935010478
1UHO-VDN,gradinput,0.572538412477657
1UHO-VDN,ig,0.6153727752341585
1UHO-VDN,shap,0.5213053147495227
1UMT-0DS,cam,0.49846169519152406
1UMT-0DS,diff,0.6131315116563817
1UMT-0DS,gradcam,0.49449128804234893
1UMT-0DS,gradinput,0.4935988414090445
1UMT-0DS,ig,0.5635000363919914
1UMT-0DS,shap,0.523865076767932
1UZF-X8Z,cam,0.5982671150904234
1UZF-X8Z,diff,0.646239985995625
1UZF-X8Z,gradcam,0.64092341451364
1UZF-X8Z,gradinput,0.6460523290410508
1UZF-X8Z,ig,0.563465179348638
1UZF-X8Z,shap,0.5525587194760126
1VYW-292,cam,0.5070422535211268
1VYW-292,diff,0.6231653225491254
1VYW-292,gradcam,0.5140347231016245
1VYW-292,gradinput,0.38521503926433504
1VYW-292,ig,0.6222175613900967
1VYW-292,shap,0.5485050942797421
1W0X-OLO,cam,0.5226602784402227
1W0X-OLO,diff,0.6303420663689179
1W0X-OLO,gradcam,0.528253514047898
1W0X-OLO,gradinput,0.6230043603123442
1W0X-OLO,ig,0.6348712678463416
1W0X-OLO,shap,0.49915918177531315
1X0N-DTF,cam,0.4936507936507937
1X0N-DTF,diff,0.6721710219528785
1X0N-DTF,gradcam,0.6813358723224077
1X0N-DTF,gradinput,0.6054796691587725
1X0N-DTF,ig,0.60354408204002
1X0N-DTF,shap,0.47223715245661235
1X8B-824,cam,0.5574940188369448
1X8B-824,diff,0.7014275772131088
1X8B-824,gradcam,0.664115461791105
1X8B-824,gradinput,0.5044166841048894
1X8B-824,ig,0.6949198391462894
1X8B-824,shap,0.5414980246982869
1XJD-STO,cam,0.5053670854593884
1XJD-STO,diff,0.5025304856108986
1XJD-STO,gradcam,0.5710141478602054
1XJD-STO,gradinput,0.585755422786086
1XJD-STO,ig,0.5964799107164566
1XJD-STO,shap,0.5408708642907641
1XKK-FMM,cam,0.5
1XKK-FMM,diff,0.6286035572332417
1XKK-FMM,gradcam,0.6178841541258366
1XKK-FMM,gradinput,0.5508484872963755
1XKK-FMM,ig,0.7101556934342503
1XKK-FMM,shap,0.5185290581477218
1XOW-R18,cam,0.4883720930232558
1XOW-R18,diff,0.541358576823693
1XOW-R18,gradcam,0.5900964023057047
1XOW-R18,gradinput,0.6275939177101968
1XOW-R18,ig,0.5105148081892268
1XOW-R18,shap,0.5249602464718743
1XS7-MMI,cam,0.5268817204301075
1XS7-MMI,diff,0.5270454526147126
1XS7-MMI,gradcam,0.5496745225397976
1XS7-MMI,gradinput,0.5084935664869251
1XS7-MMI,ig,0.5701634580192455
1XS7-MMI,shap,0.5296560448125913
1Y91-CT9,cam,0.5292659417659418
1Y91-CT9,diff,0.585651648151648
1Y91-CT9,gradcam,0.6164530414530416
1Y91-CT9,gradinput,0.6206913581913581
1Y91-CT9,ig,0.6245245495245495
1Y91-CT9,shap,0.5227988477988478
1YHO-TOP,cam,0.5128205128205128
1YHO-TOP,diff,0.8242599992599994
1YHO-TOP,gradcam,0.6293142043142043
1YHO-TOP,gradinput,0.710996410996411
1YHO-TOP,ig,0.5237216487216487
1YHO-TOP,shap,0.5981490731490732
1YRS-L47,cam,0.5526315789473685
1YRS-L47,diff,0.37307140958456747
1YRS-L47,gradcam,0.45061517429938486
1YRS-L47,gradinput,0.4396910837700312
1YRS-L47,ig,0.355579763803448
1YRS-L47,shap,0.4841023012075645
1Z6E-IK8,cam,0.5181157194060421
1Z6E-IK8,diff,0.6143945877906729
1Z6E-IK8,gradcam,0.533238748279695
1Z6E-IK8,gradinput,0.5157421594019017
1Z6E-IK8,ig,0.6764759226536416
1Z6E-IK8,shap,0.518411000736228
1Z6J-PY3,cam,0.634217058157909
1Z6J-PY3,diff,0.6849023418235027
1Z6J-PY3,gradcam,0.5411700533848885
1Z6J-PY3,gradinput,0.542079388299581
1Z6J-PY3,ig,0.6233780695591408
1Z6J-PY3,shap,0.5342184298282154
1ZD2-NC3,cam,0.546877066903158
1ZD2-NC3,diff,0.6267206412604894
1ZD2-NC3,gradcam,0.6653717903433273
1ZD2-NC3,gradinput,0.4999173025477579
1ZD2-NC3,ig,0.6330881542029551
1ZD2-NC3,shap,0.533592368521211
1ZFQ-ZEC,cam,0.5
1ZFQ-ZEC,diff,0.5256709956709956
1ZFQ-ZEC,gradcam,0.5406517556517556
1ZFQ-ZEC,gradinput,0.506619769119769
1ZFQ-ZEC,ig,0.5376659451659452
1ZFQ-ZEC,shap,0.5835954785954786
1ZTQ-033,cam,0.4745762711864407
1ZTQ-033,diff,0.5169784906574537
1ZTQ-033,gradcam,0.4795899389742859
1ZTQ-033,gradinput,0.5598012738341751
1ZTQ-033,ig,0.5684102150203845
1ZTQ-033,shap,0.5353981553507974
2A4L-RRC,cam,0.5212627665741811
2A4L-RRC,diff,0.6443635475117317
2A4L-RRC,gradcam,0.4837536550361997
2A4L-RRC,gradinput,0.4786840559864956
2A4L-RRC,ig,0.6555092600290439
2A4L-RRC,shap,0.5232863207428352
2AEI-03R,cam,0.5916300536387146
2AEI-03R,diff,0.6348949588905561
2AEI-03R,gradcam,0.5888957870290967
2AEI-03R,gradinput,0.550000663647906
2AEI-03R,ig,0.6393068035793538
2AEI-03R,shap,0.5395856732724545
2AUX-CT1,cam,0.41818181818181815
2AUX-CT1,diff,0.7817387158296253
2AUX-CT1,gradcam,0.4379907970817062
2AUX-CT1,gradinput,0.41814246359700913
2AUX-CT1,ig,0.6610678715224168
2AUX-CT1,shap,0.5737946901583265
2AYP-43A,cam,0.6888888888888889
2AYP-43A,diff,0.655710076960077
2AYP-43A,gradcam,0.6443458393458392
2AYP-43A,gradinput,0.4479587542087542
2AYP-43A,ig,0.6163949013949014
2AYP-43A,shap,0.5517568542568543
2B36-5PP,cam,0.4375
2B36-5PP,diff,0.6860863095238096
2B36-5PP,gradcam,0.6180059523809525
2B36-5PP,gradinput,0.7249627976190476
2B36-5PP,ig,0.4843377976190476
2B36-5PP,shap,0.5505208333333333
2B52-D42,cam,0.5
2B52-D42,diff,0.7491563315667176
2B52-D42,gradcam,0.772430648395722
2B52-D42,gradinput,0.42197997570240214
2B52-D42,ig,0.8237325162072404
2B52-D42,shap,0.5929921921420083
2B53-D23,cam,0.48936170212765956
2B53-D23,diff,0.5166160081053698
2B53-D23,gradcam,0.6402566700439041
2B53-D23,gradinput,0.7187436676798379
2B53-D23,ig,0.7670803782505908
2B53-D23,shap,0.501063829787234
2B54-D05,cam,0.5805614675179893
2B54-D05,diff,0.7248708084164507
2B54-D05,gradcam,0.7064735404495389
2B54-D05,gradinput,0.6757058781601375
2B54-D05,ig,0.637113942411011
2B54-D05,shap,0.525489827024354
2B55-D31,cam,0.8055555555555556
2B55-D31,diff,0.6817676173681075
2B55-D31,gradcam,0.5723922614241242
2B55-D31,gradinput,0.6446590446590448
2B55-D31,ig,0.48852177461246094
2B55-D31,shap,0.5108187042623318
2BKT-RPF,cam,0.5202552536522003
2BKT-RPF,diff,0.5269334143379945
2BKT-RPF,gradcam,0.4110278199074786
2BKT-RPF,gradinput,0.4714728911013151
2BKT-RPF,ig,0.6349131971157117
2BKT-RPF,shap,0.48081274890603587
2BUB-FPB,cam,0.5250005902857954
2BUB-FPB,diff,0.5918930374631794
2BUB-FPB,gradcam,0.57115458281103
2BUB-FPB,gradinput,0.5188453465379068
2BUB-FPB,ig,0.5448847248122509
2BUB-FPB,shap,0.5182401228151299
2CJI-GSK,cam,0.6169537012990524
2CJI-GSK,diff,0.5959143572433795
2CJI-GSK,gradcam,0.5695846755885372
2CJI-GSK,gradinput,0.578635970827372
2CJI-GSK,ig,0.6527235423890605
2CJI-GSK,shap,0.5188170408038746
2CNF-F32,cam,0.5
2CNF-F32,diff,0.7110686932115504
2CNF-F32,gradcam,0.7153717760414188
2CNF-F32,gradinput,0.722082357127
2CNF-F32,ig,0.6557852068566353
2CNF-F32,shap,0.5341411069089641
2CNG-IZE,cam,0.5139949109414759
2CNG-IZE,diff,0.5580686761689054
2CNG-IZE,gradcam,0.5984518931653973
2CNG-IZE,gradinput,0.500439873704296
2CNG-IZE,ig,0.6380017021232487
2CNG-IZE,shap,0.5272361622132968
2CNH-IZB,cam,0.5
2CNH-IZB,diff,0.6924522183243114
2CNH-IZB,gradcam,0.7771494332540846
2CNH-IZB,gradinput,0.6293732430360338
2CNH-IZB,ig,0.48029257564141287
2CNH-IZB,shap,0.5451613147834078
2E2B-406,cam,0.5108543417366946
2E2B-406,diff,0.542884628143313
2E2B-406,gradcam,0.5676060741575045
2E2B-406,gradinput,0.6101934195567342
2E2B-406,ig,0.5788873456248361
2E2B-406,shap,0.5180589612547264
2E9N-76A,cam,0.5064138607414281
2E9N-76A,diff,0.6274645667283889
2E9N-76A,gradcam,0.6437381573096095
2E9N-76A,gradinput,0.42909272920237024
2E9N-76A,ig,0.5657553914778667
2E9N-76A,shap,0.5415392529679465
2E9P-77A,cam,0.5574314237370588
2E9P-77A,diff,0.6811553582391654
2E9P-77A,gradcam,0.5396626332496665
2E9P-77A,gradinput,0.520286426210133
2E9P-77A,ig,0.592652837935594
2E9P-77A,shap,0.5340568046240376
2EI6-D92,cam,0.534573464989341
2EI6-D92,diff,0.6477871651899583
2EI6-D92,gradcam,0.5640342001014792
2EI6-D92,gradinput,0.5603428482887269
2EI6-D92,ig,0.5464373224780528
2EI6-D92,shap,0.5184579264313111
2ETM-7PY,cam,0.6338105881047057
2ETM-7PY,diff,0.6794017159311277
2ETM-7PY,gradcam,0.4940110543051719
2ETM-7PY,gradinput,0.4845434957199663
2ETM-7PY,ig,0.6185700443347504
2ETM-7PY,shap,0.526977355977356
2EUF-LQQ,cam,0.4972217127696255
2EUF-LQQ,diff,0.6278303430577558
2EUF-LQQ,gradcam,0.5312724031242457
2EUF-LQQ,gradinput,0.5618787131270486
2EUF-LQQ,ig,0.5989063526270574
2EUF-LQQ,shap,0.5283445763471314
2F3E-AXQ,cam,0.5047916666666666
2F3E-AXQ,diff,0.6290467555105714
2F3E-AXQ,gradcam,0.5626082032003084
2F3E-AXQ,gradinput,0.5643129786879786
2F3E-AXQ,ig,0.5843403033370139
2F3E-AXQ,shap,0.5228206588732904
2F89-210,cam,0.49523809523809526
2F89-210,diff,0.541857005428434
2F89-210,gradcam,0.40573421287707
2F89-210,gradinput,0.41495911495911497
2F89-210,ig,0.5272844087129801
2F89-210,shap,0.5116326530612244
2F8C-ZOL,cam,0.22058823529411764
2F8C-ZOL,diff,0.6012791538526833
2F8C-ZOL,gradcam,0.5015240070387129
2F8C-ZOL,gradinput,0.7616707638766461
2F8C-ZOL,ig,0.6451268094650446
2F8C-ZOL,shap,0.4874859617506677
2FME-3QC,cam,0.5094339622641509
2FME-3QC,diff,0.526774483378257
2FME-3QC,gradcam,0.6557053009883199
2FME-3QC,gradinput,0.5859389038634322
2FME-3QC,ig,0.6220575022461814
2FME-3QC,shap,0.5265498652291105
2FPT-ILB,cam,0.5212765957446809
2FPT-ILB,diff,0.5146361026680176
2FPT-ILB,gradcam,0.5679373522458628
2FPT-ILB,gradinput,0.6060579196217495
2FPT-ILB,ig,0.4835824045930429
2FPT-ILB,shap,0.4920845997973658
2FWZ-H71,cam,0.5038639876352395
2FWZ-H71,diff,0.5424534121211092
2FWZ-H71,gradcam,0.546901196862557
2FWZ-H71,gradinput,0.48718966933804647
2FWZ-H71,ig,0.5143547162094303
2FWZ-H71,shap,0.5280927384482252
2G19-4HG,cam,0.5106382978723404
2G19-4HG,diff,0.662805722646148
2G19-4HG,gradcam,0.5881640522597971
2G19-4HG,gradinput,0.46626677105400505
2G19-4HG,ig,0.597618368629007
2G19-4HG,shap,0.5137026980112086
2G1R-3IG,cam,0.5049239537494572
2G1R-3IG,diff,0.542545492886145
2G1R-3IG,gradcam,0.5189847430072115
2G1R-3IG,gradinput,0.4958172358511453
2G1R-3IG,ig,0.5559958997564526
2G1R-3IG,shap,0.500945266104094
2GM1-2AZ,cam,0.5050430189965074
2GM1-2AZ,diff,0.7080067864951586
2GM1-2AZ,gradcam,0.7058033052219098
2GM1-2AZ,gradinput,0.6917781185223045
2GM1-2AZ,ig,0.7072472101541869
2GM1-2AZ,shap,0.5324324899906295
2H8H-H8H,cam,0.510752688172043
2H8H-H8H,diff,0.5651685530717788
2H8H-H8H,gradcam,0.5360954606922349
2H8H-H8H,gradinput,0.5312592723883046
2H8H-H8H,ig,0.578544454350906
2H8H-H8H,shap,0.5224350171930817
2HXL-422,cam,0.5377232142857143
2HXL-422,diff,0.6779671717171716
2HXL-422,gradcam,0.668951231060606
2HXL-422,gradinput,0.5867119859307359
2HXL-422,ig,0.723434117965368
2HXL-422,shap,0.5998331529581529
2HYY-STI,cam,0.5042345191040843
2HYY-STI,diff,0.5625876559763354
2HYY-STI,gradcam,0.48282982784254824
2HYY-STI,gradinput,0.53792817890893
2HYY-STI,ig,0.45786267791376145
2HYY-STI,shap,0.525860720649656
2ICA-2IC,cam,0.5
2ICA-2IC,diff,0.6813234384662957
2ICA-2IC,gradcam,0.5404085497835497
2ICA-2IC,gradinput,0.6036100803957947
2ICA-2IC,ig,0.5681612038754896
2ICA-2IC,shap,0.5495754741290455
2ITW-STO,cam,0.4936708860759494
2ITW-STO,diff,0.7126582278481013
2ITW-STO,gradcam,0.7300508811119384
2ITW-STO,gradinput,0.6394957983193277
2ITW-STO,ig,0.4844780106135281
2ITW-STO,shap,0.5440213216088122
2J5F-DJK,cam,0.5161628650801682
2J5F-DJK,diff,0.6549005672714918
2J5F-DJK,gradcam,0.5555314022108311
2J5F-DJK,gradinput,0.5232963084971844
2J5F-DJK,ig,0.5599308411880819
2J5F-DJK,shap,0.5313804997279794
2J6M-AEE,cam,0.36363636363636365
2J6M-AEE,diff,0.7414141414141414
2J6M-AEE,gradcam,0.40606060606060607
2J6M-AEE,gradinput,0.2696969696969697
2J6M-AEE,ig,0.43232323232323233
2J6M-AEE,shap,0.5669191919191919
2JBO-P4O,cam,0.5160892790594986
2JBO-P4O,diff,0.44845310123523285
2JBO-P4O,gradcam,0.4663041503950595
2JBO-P4O,gradinput,0.37326504477758393
2JBO-P4O,ig,0.4581406054760286
2JBO-P4O,shap,0.5102036547569462
2OAG-DLI,cam,0.5079365079365079
2OAG-DLI,diff,0.7328403078403077
2OAG-DLI,gradcam,0.5632996632996633
2OAG-DLI,gradinput,0.5479683455873933
2OAG-DLI,ig,0.5750847477037954
2OAG-DLI,shap,0.5626652007604389
2OJ9-BMI,cam,0.5337362987766571
2OJ9-BMI,diff,0.6721623139180952
2OJ9-BMI,gradcam,0.5877215788080133
2OJ9-BMI,gradinput,0.572948017191504
2OJ9-BMI,ig,0.6027151826830909
2OJ9-BMI,shap,0.5263080853942198
2P4I-MR9,cam,0.4864864864864865
2P4I-MR9,diff,0.625286796339428
2P4I-MR9,gradcam,0.380307838202575
2P4I-MR9,gradinput,0.4082789266999794
2P4I-MR9,ig,0.6164172993120361
2P4I-MR9,shap,0.5625012375012375
2P4J-23I,cam,0.5233627452105302
2P4J-23I,diff,0.57972660628406
2P4J-23I,gradcam,0.5522747120576597
2P4J-23I,gradinput,0.5759968205911142
2P4J-23I,ig,0.5512458068296987
2P4J-23I,shap,0.508279795997238
2PHB-230,cam,0.5
2PHB-230,diff,0.5496347177815364
2PHB-230,gradcam,0.5085625536136639
2PHB-230,gradinput,0.5457068360746166
2PHB-230,ig,0.6315684794873703
2PHB-230,shap,0.4907617335068761
2PZY-B18,cam,0.49937078425450515
2PZY-B18,diff,0.6294516751425095
2PZY-B18,gradcam,0.4925894495607938
2PZY-B18,gradinput,0.39580251378301995
2PZY-B18,ig,0.5610819098961694
2PZY-B18,shap,0.5499384466962227
2Q59-240,cam,0.5
2Q59-240,diff,0.45608713604403256
2Q59-240,gradcam,0.4876660695626213
2Q59-240,gradinput,0.5625318527258184
2Q59-240,ig,0.5288611173309449
2Q59-240,shap,0.5075297906116872
2Q8S-L92,cam,0.5
2Q8S-L92,diff,0.8583333333333334
2Q8S-L92,gradcam,0.6333333333333333
2Q8S-L92,gradinput,0.6305555555555555
2Q8S-L92,ig,0.5437500000000001
2Q8S-L92,shap,0.55625
2QN1-0AS,cam,0.5722085813492063
2QN1-0AS,diff,0.6203872863247863
2QN1-0AS,gradcam,0.628764165521978
2QN1-0AS,gradinput,0.5146805364774115
2QN1-0AS,ig,0.659806881486569
2QN1-0AS,shap,0.555306394993895
2QU2-251,cam,0.6363636363636364
2QU2-251,diff,0.7676951836042745
2QU2-251,gradcam,0.6870108006471642
2QU2-251,gradinput,0.674933694251876
2QU2-251,ig,0.8480328173509992
2QU2-251,shap,0.5251438376438377
2R3R-6SC,cam,0.5
2R3R-6SC,diff,0.6364030832321274
2R3R-6SC,gradcam,0.33261268814052425
2R3R-6SC,gradinput,0.34398643490030045
2R3R-6SC,ig,0.4307487869856567
2R3R-6SC,shap,0.5127805434528124
2R64-740,cam,0.6574074074074073
2R64-740,diff,0.6715388007054673
2R64-740,gradcam,0.6712962962962963
2R64-740,gradinput,0.4634259259259259
2R64-740,ig,0.7035493827160493
2R64-740,shap,0.5228284832451497
2RGU-356,cam,0.5867091972549631
2RGU-356,diff,0.6432008780915277
2RGU-356,gradcam,0.5810468388719363
2RGU-356,gradinput,0.582871296738352
2RGU-356,ig,0.5334425714583337
2RGU-356,shap,0.5199139585004036
2TCL-RO4,cam,0.5302013422818792
2TCL-RO4,diff,0.6826318256687383
2TCL-RO4,gradcam,0.6081312889198796
2TCL-RO4,gradinput,0.48956601750225903
2TCL-RO4,ig,0.7358157223090108
2TCL-RO4,shap,0.5532226628703139
2UWL-895,cam,0.5304772956088746
2UWL-895,diff,0.653470639267853
2UWL-895,gradcam,0.6000580260884053
2UWL-895,gradinput,0.5049164858762382
2UWL-895,ig,0.5582527857634281
2UWL-895,shap,0.5223212939737707
2V0M-KKK,cam,0.5
2V0M-KKK,diff,0.8924214130096484
2V0M-KKK,gradcam,0.5
2V0M-KKK,gradinput,0.6202251270878721
2V0M-KKK,ig,0.5923021060275963
2V0M-KKK,shap,0.4682254383234776
2V0Z-C41,cam,0.5829940259839398
2V0Z-C41,diff,0.6457946969663673
2V0Z-C41,gradcam,0.5408638725653955
2V0Z-C41,gradinput,0.45396622416659704
2V0Z-C41,ig,0.5353239858542146
2VCI-2GJ,cam,0.49749694749694745
2VCI-2GJ,diff,0.5235855463383843
2VCI-2GJ,gradcam,0.5503433336624771
2VCI-2GJ,gradinput,0.44715448237120065
2VCI-2GJ,ig,0.637609508845319
2VCI-2GJ,shap,0.512197380363015
2VCJ-2EQ,cam,0.45454545454545453
2VCJ-2EQ,diff,0.5823398823398823
2VCJ-2EQ,gradcam,0.6621711621711621
2VCJ-2EQ,gradinput,0.677813159063159
2VCJ-2EQ,ig,0.7505362692862693
2VCJ-2EQ,shap,0.5152309496059496
2VV9-IM9,cam,0.5177448477448477
2VV9-IM9,diff,0.6402567031733698
2VV9-IM9,gradcam,0.541381519714853
2VV9-IM9,gradinput,0.4658920400587067
2VV9-IM9,ig,0.5332577453410787
2VV9-IM9,shap,0.5135544856378189
2W26-RIV,cam,0.5634025964212633
2W26-RIV,diff,0.5883140543021245
2W26-RIV,gradcam,0.51289980405597
2W26-RIV,gradinput,0.5703154205910311
2W26-RIV,ig,0.6025287116538148
2W26-RIV,shap,0.5136017233579345
2W8Y-NDR,cam,0.4714285714285714
2W8Y-NDR,diff,0.6539569160997732
2W8Y-NDR,gradcam,0.5975113378684808
2W8Y-NDR,gradinput,0.5478231292517006
2W8Y-NDR,ig,0.516422902494331
2W8Y-NDR,shap,0.510124716553288
2WEY-EV1,cam,0.5318766360840724
2WEY-EV1,diff,0.6166638074906177
2WEY-EV1,gradcam,0.49321224546273473
2WEY-EV1,gradinput,0.5181731700567317
2WEY-EV1,ig,0.5543215210534193
2WEY-EV1,shap,0.5166278030514821
2WIH-P48,cam,0.5076821599508734
2WIH-P48,diff,0.6374218211485567
2WIH-P48,gradcam,0.5341119845801346
2WIH-P48,gradinput,0.441963382219819
2WIH-P48,ig,0.5067829633168653
2WIH-P48,shap,0.5254063553554469
2WOG-ZZD,cam,0.558974358974359
2WOG-ZZD,diff,0.6251526251526252
2WOG-ZZD,gradcam,0.6943956043956043
2WOG-ZZD,gradinput,0.5957570207570207
2WOG-ZZD,ig,0.4622832722832723
2WOG-ZZD,shap,0.5428449328449328
2X6D-X6D,cam,0.5091463414634146
2X6D-X6D,diff,0.6466591034403983
2X6D-X6D,gradcam,0.5559195566907188
2X6D-X6D,gradinput,0.5339362504624341
2X6D-X6D,ig,0.6085281951628795
2X6D-X6D,shap,0.4915888327159848
2X8D-X8D,cam,0.49746192893401014
2X8D-X8D,diff,0.6795006319117994
2X8D-X8D,gradcam,0.6140028682541373
2X8D-X8D,gradinput,0.5500031764625674
2X8D-X8D,ig,0.619615832559995
2X8D-X8D,shap,0.5187478483163762
2XB7-GUI,cam,0.530169480496631
2XB7-GUI,diff,0.5545800078656097
2XB7-GUI,gradcam,0.518194929323877
2XB7-GUI,gradinput,0.5345414949973286
2XB7-GUI,ig,0.5474614590504002
2XB7-GUI,shap,0.508741353913204
2Y0J-AXC,cam,0.5909090909090909
2Y0J-AXC,diff,0.6005254425708971
2Y0J-AXC,gradcam,0.6675225027497754
2Y0J-AXC,gradinput,0.5805054373236191
2Y0J-AXC,ig,0.586673175309539
2Y0J-AXC,shap,0.516252896934715
2YAC-937,cam,0.4963924480403322
2YAC-937,diff,0.5622010029868632
2YAC-937,gradcam,0.44835369325226976
2YAC-937,gradinput,0.4920887036608437
2YAC-937,ig,0.5778749446994602
2YAC-937,shap,0.5217137388493672
2YDI-YDI,cam,0.5300517951833741
2YDI-YDI,diff,0.5108750046250047
2YDI-YDI,gradcam,0.5279779552805868
2YDI-YDI,gradinput,0.5360462636778426
2YDI-YDI,ig,0.47607526489105434
2YDI-YDI,shap,0.4773208881761514
2YDK-YDK,cam,0.566435102719392
2YDK-YDK,diff,0.6731743042216858
2YDK-YDK,gradcam,0.4257212723546888
2YDK-YDK,gradinput,0.5060239358867787
2YDK-YDK,ig,0.5840117765304798
2YDK-YDK,shap,0.5048565039836861
2YM8-YM8,cam,0.47058823529411764
2YM8-YM8,diff,0.5554271708683474
2YM8-YM8,gradcam,0.4830532212885154
2YM8-YM8,gradinput,0.4489145658263305
2YM8-YM8,ig,0.5345588235294118
2YM8-YM8,shap,0.6742997198879552
2YWP-A42,cam,0.5759842720955143
2YWP-A42,diff,0.6162436340739494
2YWP-A42,gradcam,0.5841588249098139
2YWP-A42,gradinput,0.5775957597951556
2YWP-A42,ig,0.5236191006106545
2YWP-A42,shap,0.538595073398617
3A2C-PDY,cam,0.501937984496124
3A2C-PDY,diff,0.6785076680425517
3A2C-PDY,gradcam,0.5804917950266787
3A2C-PDY,gradinput,0.5532773750797008
3A2C-PDY,ig,0.6449872478942246
3A2C-PDY,shap,0.5752013490385584
3AOX-EMH,cam,0.511900165974375
3AOX-EMH,diff,0.5817118205701244
3AOX-EMH,gradcam,0.5711958849466731
3AOX-EMH,gradinput,0.5429881698623693
3AOX-EMH,ig,0.5785266371864835
3AOX-EMH,shap,0.5368932112903294
3ARN-MSJ,cam,0.47058823529411764
3ARN-MSJ,diff,0.7200863678804855
3ARN-MSJ,gradcam,0.687453314659197
3ARN-MSJ,gradinput,0.5778244631185807
3ARN-MSJ,ig,0.8398692810457516
3ARN-MSJ,shap,0.5230859010270775
3AYK-CGS,cam,0.4839593459761527
3AYK-CGS,diff,0.6103756254884075
3AYK-CGS,gradcam,0.46797026723829027
3AYK-CGS,gradinput,0.5318021551236942
3AYK-CGS,ig,0.5173254492162055
3AYK-CGS,shap,0.4654884187347699
3BZ3-YAM,cam,0.4918032786885246
3BZ3-YAM,diff,0.5981515164697929
3BZ3-YAM,gradcam,0.6699431077812542
3BZ3-YAM,gradinput,0.6391494987330646
3BZ3-YAM,ig,0.6562862146453478
3BZ3-YAM,shap,0.5227312250252919
3CHO-4BG,cam,0.5052631578947369
3CHO-4BG,diff,0.5214730006835271
3CHO-4BG,gradcam,0.6034761145287463
3CHO-4BG,gradinput,0.40718348902559437
3CHO-4BG,ig,0.5676471481734641
3CHO-4BG,shap,0.5641615402141719
3D4Q-SM5,cam,0.5076923076923077
3D4Q-SM5,diff,0.5413105413105413
3D4Q-SM5,gradcam,0.278966218966219
3D4Q-SM5,gradinput,0.4077391127391128
3D4Q-SM5,ig,0.5297964997964998
3D4Q-SM5,shap,0.5394078144078145
3DBS-GD9,cam,0.5
3DBS-GD9,diff,0.669009983072483
3DBS-GD9,gradcam,0.6145270528083028
3DBS-GD9,gradinput,0.7172190656565657
3DBS-GD9,ig,0.6069805194805195
3DBS-GD9,shap,0.5470395923520923
3DD0-EZL,cam,0.4782608695652174
3DD0-EZL,diff,0.7629917184265012
3DD0-EZL,gradcam,0.4710144927536232
3DD0-EZL,gradinput,0.4921325051759834
3DD0-EZL,ig,0.5298826777087647
3DD0-EZL,shap,0.6439958592132504
3DUY-AFJ,cam,0.515862567310738
3DUY-AFJ,diff,0.4625550676778725
3DUY-AFJ,gradcam,0.5253546256430778
3DUY-AFJ,gradinput,0.4614317111022918
3DUY-AFJ,ig,0.5950668674943744
3DUY-AFJ,shap,0.5090385558436769
3DV3-MEK,cam,0.593491594705187
3DV3-MEK,diff,0.5742343955936189
3DV3-MEK,gradcam,0.5610243855389486
3DV3-MEK,gradinput,0.5824339091329384
3DV3-MEK,ig,0.5951138667158085
3DV3-MEK,shap,0.5497385570201103
3E32-ED2,cam,0.5029411764705882
3E32-ED2,diff,0.5610262286732874
3E32-ED2,gradcam,0.7315826330532214
3E32-ED2,gradinput,0.7356617647058824
3E32-ED2,ig,0.446816378066378
3E32-ED2,shap,0.4522833375774552
3E37-ED5,cam,0.49818830758109695
3E37-ED5,diff,0.7413462407295425
3E37-ED5,gradcam,0.6257753473597877
3E37-ED5,gradinput,0.6396240382008882
3E37-ED5,ig,0.6674619972058302
3E37-ED5,shap,0.5941405842734117
3EID-PO5,cam,0.47368421052631576
3EID-PO5,diff,0.6518967874231032
3EID-PO5,gradcam,0.499074390521759
3EID-PO5,gradinput,0.5408806106174527
3EID-PO5,ig,0.6437799043062201
3EID-PO5,shap,0.44942185007974483
3EJ1-5BP,cam,0.553968253968254
3EJ1-5BP,diff,0.5597522847522848
3EJ1-5BP,gradcam,0.553735115980014
3EJ1-5BP,gradinput,0.5080678014351484
3EJ1-5BP,ig,0.5530992627931404
3EJ1-5BP,shap,0.5464239086688066
3ELM-24F,cam,0.508
3ELM-24F,diff,0.4856632811632811
3ELM-24F,gradcam,0.5311806859806859
3ELM-24F,gradinput,0.4118185703185704
3ELM-24F,ig,0.5848427572427572
3ELM-24F,shap,0.5349432456432457
3EQM-ASD,cam,0.4888153053715968
3EQM-ASD,diff,0.7132270752303865
3EQM-ASD,gradcam,0.6146571358491888
3EQM-ASD,gradinput,0.46774720557833144
3EQM-ASD,ig,0.5570298538841585
3EQM-ASD,shap,0.5659036756718876
3EYG-MI1,cam,0.5857953208638139
3EYG-MI1,diff,0.6248298251722908
3EYG-MI1,gradcam,0.6268539083950043
3EYG-MI1,gradinput,0.5463420749722119
3EYG-MI1,ig,0.5544318758359853
3EYG-MI1,shap,0.5356031550894564
3F5P-741,cam,0.5055555555555556
3F5P-741,diff,0.4966808903696158
3F5P-741,gradcam,0.4499923664752096
3F5P-741,gradinput,0.39714270388289996
3F5P-741,ig,0.6118822444802838
3F5P-741,shap,0.537362596553773
3F7Z-34O,cam,0.5
3F7Z-34O,diff,0.5525928932178933
3F7Z-34O,gradcam,0.5224995490620491
3F7Z-34O,gradinput,0.52754329004329
3F7Z-34O,ig,0.6867942821067822
3F7Z-34O,shap,0.5247249278499279
3FH5-24P,cam,0.49366125188600757
3FH5-24P,diff,0.6860413202432747
3FH5-24P,gradcam,0.6339599732515042
3FH5-24P,gradinput,0.5219403379826832
3FH5-24P,ig,0.6339633764715198
3FH5-24P,shap,0.5418976607901689
3FPM-793,cam,0.5517241379310345
3FPM-793,diff,0.7032588101553618
3FPM-793,gradcam,0.6461538461538462
3FPM-793,gradinput,0.6525577870405457
3FPM-793,ig,0.6830870279146142
3FPM-793,shap,0.5684264011850219
3FYJ-B97,cam,0.47682445759368836
3FYJ-B97,diff,0.6776451687694292
3FYJ-B97,gradcam,0.5964328242434751
3FYJ-B97,gradinput,0.5592966041190893
3FYJ-B97,ig,0.677704215574038
3FYJ-B97,shap,0.5148523823123545
3G0B-T22,cam,0.4983516483516483
3G0B-T22,diff,0.6196093474596222
3G0B-T22,gradcam,0.5803496831312764
3G0B-T22,gradinput,0.5769218571416374
3G0B-T22,ig,0.6411718356429894
3G0B-T22,shap,0.5361433019056646
3G3E-G3E,cam,0.48
3G3E-G3E,diff,0.7466666666666666
3G3E-G3E,gradcam,0.4133333333333333
3G3E-G3E,gradinput,0.5466666666666666
3G3E-G3E,ig,0.5933333333333333
3G3E-G3E,shap,0.7533333333333333
3G6Z-A7T,cam,0.5762803494550068
3G6Z-A7T,diff,0.5653866912675083
3G6Z-A7T,gradcam,0.595217964216564
3G6Z-A7T,gradinput,0.5737146899257903
3G6Z-A7T,ig,0.47097723473272407
3G6Z-A7T,shap,0.5182203495434705
3GW5-72X,cam,0.5022321428571429
3GW5-72X,diff,0.6524950727304325
3GW5-72X,gradcam,0.5970005331678127
3GW5-72X,gradinput,0.4566891757067046
3GW5-72X,ig,0.5952115064411545
3GW5-72X,shap,0.5214648692737585
3HPT-YET,cam,0.49116161616161613
3HPT-YET,diff,0.5252963366599731
3HPT-YET,gradcam,0.590768501279865
3HPT-YET,gradinput,0.6343656238542602
3HPT-YET,ig,0.5320335283403465
3HPT-YET,shap,0.48216073699028245
3I7G-732,cam,0.5
3I7G-732,diff,0.5968823447084317
3I7G-732,gradcam,0.6331972777624951
3I7G-732,gradinput,0.5590186584751802
3I7G-732,ig,0.5079833511898729
3I7G-732,shap,0.5315204421182682
3IG6-438,cam,0.5865384615384616
3IG6-438,diff,0.5594988344988345
3IG6-438,gradcam,0.550097125097125
3IG6-438,gradinput,0.6615384615384614
3IG6-438,ig,0.37317404817404815
3IG6-438,shap,0.5857031857031857
3IGB-454,cam,0.5
3IGB-454,diff,0.7107127172344564
3IGB-454,gradcam,0.6444899303594955
3IGB-454,gradinput,0.7359432837693708
3IGB-454,ig,0.6058018068887634
3IGB-454,shap,0.5383673693456302
3II5-831,cam,0.555952380952381
3II5-831,diff,0.5162799777383111
3II5-831,gradcam,0.42867076981660307
3II5-831,gradinput,0.4468996088787755
3II5-831,ig,0.6197290749374083
3II5-831,shap,0.5126084178167511
3IN3-472,cam,0.5653586573723971
3IN3-472,diff,0.6118468800413842
3IN3-472,gradcam,0.45840495735837083
3IN3-472,gradinput,0.5869740893141494
3IN3-472,ig,0.5606986282168764
3IN3-472,shap,0.5183497225307014
3IND-593,cam,0.5704317498726222
3IND-593,diff,0.571154364246011
3IND-593,gradcam,0.5190434949033774
3IND-593,gradinput,0.5216103943049525
3IND-593,ig,0.5270826443639102
3IND-593,shap,0.501462406452432
3IO7-1P5,cam,0.4769625351817132
3IO7-1P5,diff,0.7069869247951439
3IO7-1P5,gradcam,0.6497734381296025
3IO7-1P5,gradinput,0.6790394917107245
3IO7-1P5,ig,0.5676834961081537
3IO7-1P5,shap,0.4917458492800958
3IWE-646,cam,0.5933589903384248
3IWE-646,diff,0.5363841528365949
3IWE-646,gradcam,0.46427219595600056
3IWE-646,gradinput,0.5314274129184154
3IWE-646,ig,0.5550079169616444
3IWE-646,shap,0.5148239720861829
3JSI-WTC,cam,0.5382082643987406
3JSI-WTC,diff,0.6108724922528221
3JSI-WTC,gradcam,0.5658168493447049
3JSI-WTC,gradinput,0.5291489576347964
3JSI-WTC,ig,0.6098066994503347
3JSI-WTC,shap,0.5289620354746405
3K3B-L31,cam,0.5713235294117647
3K3B-L31,diff,0.6328501400560224
3K3B-L31,gradcam,0.541470588235294
3K3B-L31,gradinput,0.5429831932773109
3K3B-L31,ig,0.5878921568627451
3K3B-L31,shap,0.5064915966386555
3K5F-AYH,cam,0.5545977011494252
3K5F-AYH,diff,0.7138906324768404
3K5F-AYH,gradcam,0.8111945572269686
3K5F-AYH,gradinput,0.6601869394618627
3K5F-AYH,ig,0.5852026450654961
3K5F-AYH,shap,0.5627096292883271
3KFC-61X,cam,0.5039524059755274
3KFC-61X,diff,0.45613563681397745
3KFC-61X,gradcam,0.5312609016281237
3KFC-61X,gradinput,0.45966940800330797
3KFC-61X,ig,0.6156134667780366
3KFC-61X,shap,0.508880530667338
3KWB-ORH,cam,0.6666666666666666
3KWB-ORH,diff,0.4576719576719577
3KWB-ORH,gradcam,0.5695956160241875
3KWB-ORH,gradinput,0.6486772486772487
3KWB-ORH,ig,0.8400604686318971
3KWB-ORH,shap,0.5823507180650038
3KWF-B1Q,cam,0.5181599274478531
3KWF-B1Q,diff,0.6640411617965798
3KWF-B1Q,gradcam,0.5900923895505938
3KWF-B1Q,gradinput,0.6247793915750571
3KWF-B1Q,ig,0.6718792043869444
3KWF-B1Q,shap,0.5433188070958969
3KWZ-KWZ,cam,0.5026455026455027
3KWZ-KWZ,diff,0.6587210849115611
3KWZ-KWZ,gradcam,0.5621338097528574
3KWZ-KWZ,gradinput,0.6463933773457584
3KWZ-KWZ,ig,0.7032115444813858
3KWZ-KWZ,shap,0.5460483520007329
3KYR-038,cam,0.5
3KYR-038,diff,0.537801504051504
3KYR-038,gradcam,0.5084441946941947
3KYR-038,gradinput,0.5009838772338773
3KYR-038,ig,0.4935266122766123
3KYR-038,shap,0.47311702186702187
3L08-ZIG,cam,0.4942407636926353
3L08-ZIG,diff,0.648980913619951
3L08-ZIG,gradcam,0.5012292344093815
3L08-ZIG,gradinput,0.5211342532615929
3L08-ZIG,ig,0.6521995968603589
3L08-ZIG,shap,0.5437392709785759
3L9H-EMQ,cam,0.5074626865671642
3L9H-EMQ,diff,0.656480390808749
3L9H-EMQ,gradcam,0.5831381857501261
3L9H-EMQ,gradinput,0.6224938549565415
3L9H-EMQ,ig,0.5911942258957185
3L9H-EMQ,shap,0.5466087809371392
3M6F-BJZ,cam,0.5
3M6F-BJZ,diff,0.6981844544344544
3M6F-BJZ,gradcam,0.6028506216006216
3M6F-BJZ,gradinput,0.6282502220002221
3M6F-BJZ,ig,0.7118450993450993
3M6F-BJZ,shap,0.5040119602619602
3N0T-OPY,cam,0.5306122448979592
3N0T-OPY,diff,0.6006673145448655
3N0T-OPY,gradcam,0.6183624878522839
3N0T-OPY,gradinput,0.6142184969225786
3N0T-OPY,ig,0.6665022675736961
3N0T-OPY,shap,0.5786839974084872
3N3G-93N,cam,0.4878048780487805
3N3G-93N,diff,0.7539697429941332
3N3G-93N,gradcam,0.5345736918907651
3N3G-93N,gradinput,0.7064571607254534
3N3G-93N,ig,0.7848960659936269
3N3G-93N,shap,0.5572262425920963
3N7R-N7R,cam,0.5081967213114754
3N7R-N7R,diff,0.8514081546868432
3N7R-N7R,gradcam,0.7838467998304065
3N7R-N7R,gradinput,0.5627087848399324
3N7R-N7R,ig,0.5819277034440969
3N7R-N7R,shap,0.5447535843027647
3NC9-TR3,cam,0.5047619047619047
3NC9-TR3,diff,0.6367867582153297
3NC9-TR3,gradcam,0.47826221397649965
3NC9-TR3,gradinput,0.5233329369043656
3NC9-TR3,ig,0.6590943976658262
3NC9-TR3,shap,0.5298468991326134
3NUN-JMZ,cam,0.4973168498168498
3NUN-JMZ,diff,0.4930891330891331
3NUN-JMZ,gradcam,0.6193956043956044
3NUN-JMZ,gradinput,0.4514035964035964
3NUN-JMZ,ig,0.7436993561993561
3NUN-JMZ,shap,0.5353352203352203
3O9L-LPN,cam,0.49933278867102393
3O9L-LPN,diff,0.5500409346129852
3O9L-LPN,gradcam,0.47378596819114277
3O9L-LPN,gradinput,0.52871568601255
3O9L-LPN,ig,0.6674691801153135
3O9L-LPN,shap,0.4972065958322427
3OCS-746,cam,0.49941525815403814
3OCS-746,diff,0.5193824579900824
3OCS-746,gradcam,0.5087655746626456
3OCS-746,gradinput,0.48833894353596846
3OCS-746,ig,0.4641593656886739
3OCS-746,shap,0.508600376408956
3OOT-SSR,cam,0.4898816342115311
3OOT-SSR,diff,0.5880695950419228
3OOT-SSR,gradcam,0.5358535909539708
3OOT-SSR,gradinput,0.5867055383875786
3OOT-SSR,ig,0.5254945733513287
3OOT-SSR,shap,0.5349098064372074
3OQK-S52,cam,0.5078125
3OQK-S52,diff,0.6906061593859045
3OQK-S52,gradcam,0.5333480491217752
3OQK-S52,gradinput,0.538346992103641
3OQK-S52,ig,0.6353231552104732
3OQK-S52,shap,0.5195043054960468
3OT8-MI5,cam,0.4935749624525135
3OT8-MI5,diff,0.6589787083664634
3OT8-MI5,gradcam,0.5483380451747798
3OT8-MI5,gradinput,0.5719180139588302
3OT8-MI5,ig,0.6884115204523368
3OT8-MI5,shap,0.5402221927732132
3OY1-589,cam,0.5
3OY1-589,diff,0.6110062614789504
3OY1-589,gradcam,0.36296088948399874
3OY1-589,gradinput,0.524996216435292
3OY1-589,ig,0.526679261448169
3OY1-589,shap,0.5109732995762407
3PA3-C70,cam,0.5141115520282187
3PA3-C70,diff,0.592172241338908
3PA3-C70,gradcam,0.5895528083028083
3PA3-C70,gradinput,0.536399464732798
3PA3-C70,ig,0.6440850970017636
3PA3-C70,shap,0.5283175774842441
3PBB-PBD,cam,0.535064935064935
3PBB-PBD,diff,0.5531515021774762
3PBB-PBD,gradcam,0.7444405161937631
3PBB-PBD,gradinput,0.4966902722097527
3PBB-PBD,ig,0.6959191746204734
3PBB-PBD,shap,0.5505131520715937
3PI5-3P5,cam,0.6048245614035088
3PI5-3P5,diff,0.6307372438685325
3PI5-3P5,gradcam,0.5018240517974458
3PI5-3P5,gradinput,0.5774452381553775
3PI5-3P5,ig,0.6566211775625476
3PI5-3P5,shap,0.5434608302666546
3POZ-03P,cam,0.522289156626506
3POZ-03P,diff,0.5392902278444447
3POZ-03P,gradcam,0.5204101788439138
3POZ-03P,gradinput,0.5497998654625161
3POZ-03P,ig,0.6403719439864018
3POZ-03P,shap,0.5394559924680405
3Q32-J2I,cam,0.5913793103448275
3Q32-J2I,diff,0.692528735632184
3Q32-J2I,gradcam,0.5168308702791461
3Q32-J2I,gradinput,0.6851943076081008
3Q32-J2I,ig,0.6511631089217298
3Q32-J2I,shap,0.532512315270936
3Q3K-D90,cam,0.5085810492603889
3Q3K-D90,diff,0.626436815597556
3Q3K-D90,gradcam,0.5545131649796854
3Q3K-D90,gradinput,0.529816731979841
3Q3K-D90,ig,0.6061169035765454
3Q3K-D90,shap,0.5397956041051784
3Q3T-RX0,cam,0.5
3Q3T-RX0,diff,0.6972369005263743
3Q3T-RX0,gradcam,0.4821872571872573
3Q3T-RX0,gradinput,0.43095734674682046
3Q3T-RX0,ig,0.5418785892470104
3Q3T-RX0,shap,0.49965290557395825
3Q8W-AZV,cam,0.5102991452991453
3Q8W-AZV,diff,0.5459713566856425
3Q8W-AZV,gradcam,0.5259475180903752
3Q8W-AZV,gradinput,0.4764236028521743
3Q8W-AZV,ig,0.5448883656026513
3Q8W-AZV,shap,0.4988635702921417
3Q92-XNB,cam,0.5062998405103668
3Q92-XNB,diff,0.6328710497370784
3Q92-XNB,gradcam,0.5024682786644509
3Q92-XNB,gradinput,0.4857553929324265
3Q92-XNB,ig,0.48867595721662704
3Q92-XNB,shap,0.5198336485417825
3QAQ-QAQ,cam,0.531578947368421
3QAQ-QAQ,diff,0.7294448241816663
3QAQ-QAQ,gradcam,0.6633743449532923
3QAQ-QAQ,gradinput,0.7158967494493811
3QAQ-QAQ,ig,0.6770277967646388
3QAQ-QAQ,shap,0.614855320118478
3R43-ID8,cam,0.5
3R43-ID8,diff,0.6001042938542938
3R43-ID8,gradcam,0.5102640415140416
3R43-ID8,gradinput,0.6376373626373626
3R43-ID8,ig,0.6512159137159137
3R43-ID8,shap,0.5409773097273097
3RO4-LJ9,cam,0.5
3RO4-LJ9,diff,0.6177366357921913
3RO4-LJ9,gradcam,0.5924992702770481
3RO4-LJ9,gradinput,0.5436530033752256
3RO4-LJ9,ig,0.7046921185810073
3RO4-LJ9,shap,0.4995797926353482
3RUK-AER,cam,0.47058823529411764
3RUK-AER,diff,0.5936274509803922
3RUK-AER,gradcam,0.5502450980392156
3RUK-AER,gradinput,0.48210784313725485
3RUK-AER,ig,0.7220588235294116
3RUK-AER,shap,0.48308823529411765
3S7S-EXM,cam,0.5659851301115242
3S7S-EXM,diff,0.7389670738183749
3S7S-EXM,gradcam,0.674614976101965
3S7S-EXM,gradinput,0.7261108160736414
3S7S-EXM,ig,0.5765002655337228
3S7S-EXM,shap,0.5685519560984246
3SHY-5FO,cam,0.5132177397287288
3SHY-5FO,diff,0.6242174003548594
3SHY-5FO,gradcam,0.45437909614655214
3SHY-5FO,gradinput,0.501889241045602
3SHY-5FO,ig,0.6234188064095127
3SHY-5FO,shap,0.533565443668898
3SWZ-TOK,cam,0.43478260869565216
3SWZ-TOK,diff,0.6044137022397892
3SWZ-TOK,gradcam,0.43888888888888894
3SWZ-TOK,gradinput,0.34051383399209484
3SWZ-TOK,ig,0.6476504172156347
3SWZ-TOK,shap,0.5466073781291172
3TJC-0TP,cam,0.24705882352941178
3TJC-0TP,diff,0.7744652406417112
3TJC-0TP,gradcam,0.37774064171122995
3TJC-0TP,gradinput,0.4782775231304643
3TJC-0TP,ig,0.6638114336643748
3TJC-0TP,shap,0.5219675749087513
3TK5-D1Q,cam,0.5
3TK5-D1Q,diff,0.383147941801788
3TK5-D1Q,gradcam,0.4698357732011579
3TK5-D1Q,gradinput,0.42724471041778733
3TK5-D1Q,ig,0.49278301826378745
3TK5-D1Q,shap,0.55500333000333
3TKH-07S,cam,0.5173582486607696
3TKH-07S,diff,0.51232789735941
3TKH-07S,gradcam,0.5535462086932675
3TKH-07S,gradinput,0.5918649336191354
3TKH-07S,ig,0.5438365322819104
3TKH-07S,shap,0.5175121563777025
3TV7-07Q,cam,0.5188721896383187
3TV7-07Q,diff,0.6726775240888144
3TV7-07Q,gradcam,0.6321344929711865
3TV7-07Q,gradinput,0.6055972309500535
3TV7-07Q,ig,0.6481760287203836
3TV7-07Q,shap,0.541303588884234
3U6H-03X,cam,0.5161626319204815
3U6H-03X,diff,0.6901077086059941
3U6H-03X,gradcam,0.5813660312908093
3U6H-03X,gradinput,0.5600380316903889
3U6H-03X,ig,0.6320825853357588
3U6H-03X,shap,0.5023980124999667
3U9N-09H,cam,0.486612702366127
3U9N-09H,diff,0.5746338136749096
3U9N-09H,gradcam,0.44172794481013655
3U9N-09H,gradinput,0.39995453557097393
3U9N-09H,ig,0.4980435470161498
3U9N-09H,shap,0.5094279388799936
3UFL-508,cam,0.5032258064516129
3UFL-508,diff,0.5982590885816692
3UFL-508,gradcam,0.535483870967742
3UFL-508,gradinput,0.40819252432155656
3UFL-508,ig,0.4926267281105991
3UFL-508,shap,0.5207373271889401
3UMW-596,cam,0.5
3UMW-596,diff,0.8410952380952381
3UMW-596,gradcam,0.6675238095238094
3UMW-596,gradinput,0.6739047619047621
3UMW-596,ig,0.5627619047619047
3UMW-596,shap,0.5165714285714286
3VHE-42Q,cam,0.8125
3VHE-42Q,diff,0.6057948192024478
3VHE-42Q,gradcam,0.6200562471127729
3VHE-42Q,gradinput,0.5361964500981045
3VHE-42Q,ig,0.40241066506002166
3VHE-42Q,shap,0.5189221623964271
3VJC-ZGA,cam,0.725
3VJC-ZGA,diff,0.38023074233987547
3VJC-ZGA,gradcam,0.5438243363533611
3VJC-ZGA,gradinput,0.48647622619468595
3VJC-ZGA,ig,0.5932551822102906
3VJC-ZGA,shap,0.4993139826934332
3VSW-R31,cam,0.5036496350364964
3VSW-R31,diff,0.6173504117417814
3VSW-R31,gradcam,0.5559520711624618
3VSW-R31,gradinput,0.5817321376681617
3VSW-R31,ig,0.6779003461592555
3VSW-R31,shap,0.4818808213398165
3VV6-B00,cam,0.5396825396825397
3VV6-B00,diff,0.8528081266176504
3VV6-B00,gradcam,0.5897025813692479
3VV6-B00,gradinput,0.8209555876222541
3VV6-B00,ig,0.23034941249226965
3VV6-B00,shap,0.6089964268535698
3W2T-LF7,cam,0.5546525020872847
3W2T-LF7,diff,0.5456783506348724
3W2T-LF7,gradcam,0.5718221778221778
3W2T-LF7,gradinput,0.5063973755712886
3W2T-LF7,ig,0.5342529982095199
3W2T-LF7,shap,0.49959683794466403
3WBL-PDY,cam,0.49552845528455275
3WBL-PDY,diff,0.6401988932476738
3WBL-PDY,gradcam,0.5179067544921204
3WBL-PDY,gradinput,0.5899565204443253
3WBL-PDY,ig,0.5747168143509607
3WBL-PDY,shap,0.5395322157517279
3WK4-S0A,cam,0.5403466148364108
3WK4-S0A,diff,0.6799263283957161
3WK4-S0A,gradcam,0.42904825710948163
3WK4-S0A,gradinput,0.4933533586594811
3WK4-S0A,ig,0.6047592052694094
3WK4-S0A,shap,0.6200940405022038
3WV1-WHH,cam,0.5244771701826917
3WV1-WHH,diff,0.6973226507510158
3WV1-WHH,gradcam,0.724661336665126
3WV1-WHH,gradinput,0.522026802173861
3WV1-WHH,ig,0.6173592198831283
3WV1-WHH,shap,0.5495844496769252
3WZJ-O43,cam,0.5
3WZJ-O43,diff,0.6773303856637191
3WZJ-O43,gradcam,0.589130661005661
3WZJ-O43,gradinput,0.5777154172987506
3WZJ-O43,ig,0.4908844820303153
3WZJ-O43,shap,0.5460108371566705
3WZK-O23,cam,0.4992143198742912
3WZK-O23,diff,0.6207902383282495
3WZK-O23,gradcam,0.5894298628242977
3WZK-O23,gradinput,0.5449273469560547
3WZK-O23,ig,0.6502570335303832
3WZK-O23,shap,0.5233798615721806
3ZIM-KKR,cam,0.5172413793103449
3ZIM-KKR,diff,0.5215714601490464
3ZIM-KKR,gradcam,0.5387504736642668
3ZIM-KKR,gradinput,0.5076325972877697
3ZIM-KKR,ig,0.516438063851857
3ZIM-KKR,shap,0.5725514428100634
3ZXH-E41,cam,0.48455503335415995
3ZXH-E41,diff,0.6159918093484752
3ZXH-E41,gradcam,0.5884964816604941
3ZXH-E41,gradinput,0.5767546394344494
3ZXH-E41,ig,0.5627076750631849
3ZXH-E41,shap,0.5171347715465362
4A7C-E46,cam,0.5
4A7C-E46,diff,0.48893999518999515
4A7C-E46,gradcam,0.5627705627705627
4A7C-E46,gradinput,0.6610660173160173
4A7C-E46,ig,0.5409842472342472
4A7C-E46,shap,0.5078252765752765
4AEL-4HN,cam,0.5024630541871922
4AEL-4HN,diff,0.6760905760905762
4AEL-4HN,gradcam,0.4709752890787373
4AEL-4HN,gradinput,0.48280284302451787
4AEL-4HN,ig,0.4959366987692111
4AEL-4HN,shap,0.49497090894874146
4ANW-O92,cam,0.49014778325123154
4ANW-O92,diff,0.6304373787132407
4ANW-O92,gradcam,0.641812210777728
4ANW-O92,gradinput,0.6450664278250486
4ANW-O92,ig,0.5620913569189432
4ANW-O92,shap,0.5040304523063144
4AOF-7L0,cam,0.5115832885063654
4AOF-7L0,diff,0.6089034558665606
4AOF-7L0,gradcam,0.5899121921702847
4AOF-7L0,gradinput,0.5419378268403677
4AOF-7L0,ig,0.585134457432578
4AOF-7L0,shap,0.5367891206909654
4AQC-88A,cam,0.577011868758938
4AQC-88A,diff,0.5600127269724737
4AQC-88A,gradcam,0.5719352069777426
4AQC-88A,gradinput,0.5640024568634902
4AQC-88A,ig,0.5532424569202243
4AQC-88A,shap,0.5133807425240665
4AZ0-S61,cam,0.5212121212121212
4AZ0-S61,diff,0.7161345598845599
4AZ0-S61,gradcam,0.7605429292929294
4AZ0-S61,gradinput,0.7070616883116884
4AZ0-S61,ig,0.6451569264069265
4AZ0-S61,shap,0.5460858585858586
4COD-KV1,cam,0.5416666666666666
4COD-KV1,diff,0.6481727377560711
4COD-KV1,gradcam,0.7027820173653506
4COD-KV1,gradinput,0.6038253798670465
4COD-KV1,ig,0.57249185999186
4COD-KV1,shap,0.6076647503730838
4D08-Q2T,cam,0.5347602619251492
4D08-Q2T,diff,0.6182208448815804
4D08-Q2T,gradcam,0.5063345709253183
4D08-Q2T,gradinput,0.5465862396467379
4D08-Q2T,ig,0.4993134057190997
4D08-Q2T,shap,0.5276988235173289
4D2R-DYK,cam,0.5421792493221064
4D2R-DYK,diff,0.7023339755482613
4D2R-DYK,gradcam,0.7543343561200705
4D2R-DYK,gradinput,0.7691891441891441
4D2R-DYK,ig,0.5880553969839684
4D2R-DYK,shap,0.5775141525141524
4DDL-0JQ,cam,0.4782608695652174
4DDL-0JQ,diff,0.5981091820328259
4DDL-0JQ,gradcam,0.7218890706380611
4DDL-0JQ,gradinput,0.6323278202232301
4DDL-0JQ,ig,0.5837023240652599
4DDL-0JQ,shap,0.498086324492974
4EK6-10K,cam,0.5238095238095238
4EK6-10K,diff,0.5419973544973545
4EK6-10K,gradcam,0.6277872260015117
4EK6-10K,gradinput,0.40873015873015867
4EK6-10K,ig,0.5876795162509447
4EK6-10K,shap,0.5348639455782312
4EY5-HUP,cam,0.4827586206896552
4EY5-HUP,diff,0.8236677115987461
4EY5-HUP,gradcam,0.9427874807185153
4EY5-HUP,gradinput,0.9037791710205503
4EY5-HUP,ig,0.9509827337413546
4EY5-HUP,shap,0.6188784395680947
4FAL-0T0,cam,0.5590444231383829
4FAL-0T0,diff,0.5863298427895745
4FAL-0T0,gradcam,0.505950276420075
4FAL-0T0,gradinput,0.5436159105622193
4FAL-0T0,ig,0.537209770095676
4FAL-0T0,shap,0.5758857287380778
4FKQ-42K,cam,0.5074626865671642
4FKQ-42K,diff,0.6700485666903577
4FKQ-42K,gradcam,0.472376214167259
4FKQ-42K,gradinput,0.49292821606254444
4FKQ-42K,ig,0.693088130774698
4FKQ-42K,shap,0.5437040985548448
4FSR-HKC,cam,0.5153770203363445
4FSR-HKC,diff,0.6383507382683985
4FSR-HKC,gradcam,0.5783127156422723
4FSR-HKC,gradinput,0.5891699531076053
4FSR-HKC,ig,0.6219396803869172
4FSR-HKC,shap,0.522287586546364
4FSW-HK6,cam,0.5862875143832696
4FSW-HK6,diff,0.5780573095410468
4FSW-HK6,gradcam,0.6288569595672528
4FSW-HK6,gradinput,0.639678312438238
4FSW-HK6,ig,0.5537590635926329
4FSW-HK6,shap,0.5161700174668968
4FZ7-0VH,cam,0.5153846153846153
4FZ7-0VH,diff,0.5589129246821555
4FZ7-0VH,gradcam,0.48422812230504536
4FZ7-0VH,gradinput,0.47166986859294546
4FZ7-0VH,ig,0.56086793548332
4FZ7-0VH,shap,0.42051422936038324
4GG5-0J3,cam,0.55
4GG5-0J3,diff,0.6023346560846561
4GG5-0J3,gradcam,0.5628036315536316
4GG5-0J3,gradinput,0.667300986050986
4GG5-0J3,ig,0.5935575998075997
4GG5-0J3,shap,0.5549621212121211
4GJ7-0LT,cam,0.5253412848243998
4GJ7-0LT,diff,0.5650081390141581
4GJ7-0LT,gradcam,0.561834746749288
4GJ7-0LT,gradinput,0.5199002992483786
4GJ7-0LT,ig,0.6142848759836421
4GJ7-0LT,shap,0.5344271604849207
4GL5-G29,cam,0.5263157894736842
4GL5-G29,diff,0.5605263157894737
4GL5-G29,gradcam,0.5666666666666667
4GL5-G29,gradinput,0.47543859649122805
4GL5-G29,ig,0.2535087719298246
4GL5-G29,shap,0.39035087719298245
4HAI-I23,cam,0.5140181363600245
4HAI-I23,diff,0.6888011367388086
4HAI-I23,gradcam,0.6757617408052788
4HAI-I23,gradinput,0.4696620278082239
4HAI-I23,ig,0.6316780467215847
4HAI-I23,shap,0.5261216972821275
4HBP-17J,cam,0.503448275862069
4HBP-17J,diff,0.7931389108975315
4HBP-17J,gradcam,0.6337691810105603
4HBP-17J,gradinput,0.6353927107375384
4HBP-17J,ig,0.5143431089982814
4HBP-17J,shap,0.5353061880648088
4HF4-15H,cam,0.4838709677419355
4HF4-15H,diff,0.6331343387795
4HF4-15H,gradcam,0.5698889819857561
4HF4-15H,gradinput,0.5180072615556487
4HF4-15H,ig,0.6030861611506773
4HF4-15H,shap,0.5572266443234185
4HMN-16J,cam,0.5611111111111111
4HMN-16J,diff,0.6159259259259259
4HMN-16J,gradcam,0.6488888888888888
4HMN-16J,gradinput,0.548148148148148
4HMN-16J,ig,0.6366666666666668
4HMN-16J,shap,0.547037037037037
4I8V-BHF,cam,0.5490196078431373
4I8V-BHF,diff,0.6696657373127961
4I8V-BHF,gradcam,0.9459893048128342
4I8V-BHF,gradinput,0.8375527522586345
4I8V-BHF,ig,0.6912046559105383
4I8V-BHF,shap,0.43446265063912126
4ID7-1G0,cam,0.5013851301420467
4ID7-1G0,diff,0.6502486424984649
4ID7-1G0,gradcam,0.5660420656697953
4ID7-1G0,gradinput,0.5442834701430392
4ID7-1G0,ig,0.5580177515907706
4ID7-1G0,shap,0.5334246534310891
4IS9-LTF,cam,1.0
4IS9-LTF,diff,0.6656288156288157
4IS9-LTF,gradcam,0.7367826617826617
4IS9-LTF,gradinput,0.6215201465201465
4IS9-LTF,ig,0.6656288156288156
4IS9-LTF,shap,0.6123931623931624
4JAI-XU2,cam,0.9
4JAI-XU2,diff,0.6677418414918415
4JAI-XU2,gradcam,0.8070512820512821
4JAI-XU2,gradinput,0.7236285936285936
4JAI-XU2,ig,0.50624222999223
4JAI-XU2,shap,0.5829885392385392
4JIA-1K3,cam,0.5035808655445985
4JIA-1K3,diff,0.5082954427630456
4JIA-1K3,gradcam,0.5455109537374021
4JIA-1K3,gradinput,0.4595838442725882
4JIA-1K3,ig,0.49394385192428086
4JIA-1K3,shap,0.5216023582786077
4JNC-1LF,cam,0.5
4JNC-1LF,diff,0.6058827188137532
4JNC-1LF,gradcam,0.5114880330397572
4JNC-1LF,gradinput,0.506690675225158
4JNC-1LF,ig,0.5557266009852218
4JNC-1LF,shap,0.4855811812708365
4JNM-1LJ,cam,0.5121951219512195
4JNM-1LJ,diff,0.7536585365853659
4JNM-1LJ,gradcam,0.7634146341463416
4JNM-1LJ,gradinput,0.8121951219512195
4JNM-1LJ,ig,0.6634146341463415
4JNM-1LJ,shap,0.5121951219512194
4JOO-1M4,cam,0.4883720930232558
4JOO-1M4,diff,0.6990033222591362
4JOO-1M4,gradcam,0.524390919158361
4JOO-1M4,gradinput,0.54125138427464
4JOO-1M4,ig,0.574390919158361
4JOO-1M4,shap,0.5608250276854929
4JQ7-KJQ,cam,0.4928574158082355
4JQ7-KJQ,diff,0.6963198265090744
4JQ7-KJQ,gradcam,0.5849520503871998
4JQ7-KJQ,gradinput,0.6158054932584827
4JQ7-KJQ,ig,0.6911926837493376
4JQ7-KJQ,shap,0.5094172709589778
4JQA-ID8,cam,0.47058823529411764
4JQA-ID8,diff,0.8117137764196588
4JQA-ID8,gradcam,0.5612426788897377
4JQA-ID8,gradinput,0.6839954163483575
4JQA-ID8,ig,0.6907053730583144
4JQA-ID8,shap,0.5857503607503607
4JR5-1LS,cam,0.5088144963144964
4JR5-1LS,diff,0.7190000315000314
4JR5-1LS,gradcam,0.5937196812196812
4JR5-1LS,gradinput,0.5469744219744219
4JR5-1LS,ig,0.68995778995779
4JR5-1LS,shap,0.5351477351477352
4JZE-1NK,cam,0.503114670734808
4JZE-1NK,diff,0.5831233905276508
4JZE-1NK,gradcam,0.5830705189552275
4JZE-1NK,gradinput,0.48157927794823746
4JZE-1NK,ig,0.6253523436101845
4JZE-1NK,shap,0.5339573361371384
4KAK-06U,cam,0.5108695652173914
4KAK-06U,diff,0.6624827467218771
4KAK-06U,gradcam,0.47614400997553163
4KAK-06U,gradinput,0.49435857017378754
4KAK-06U,ig,0.6048891476880608
4KAK-06U,shap,0.5134246188594014
4KFN-1QR,cam,0.5
4KFN-1QR,diff,0.6175947285038195
4KFN-1QR,gradcam,0.5729575727303
4KFN-1QR,gradinput,0.7503374151101424
4KFN-1QR,ig,0.6564139395957579
4KFN-1QR,shap,0.5533042210314938
4KFO-1QS,cam,0.5
4KFO-1QS,diff,0.5739231618861248
4KFO-1QS,gradcam,0.656614287632806
4KFO-1QS,gradinput,0.5925304804934435
4KFO-1QS,ig,0.5479130437463771
4KFO-1QS,shap,0.5335283543616877
4L23-X6K,cam,0.47058823529411764
4L23-X6K,diff,0.5068208479973186
4L23-X6K,gradcam,0.6379084967320261
4L23-X6K,gradinput,0.7267973856209151
4L23-X6K,ig,0.5594771241830065
4L23-X6K,shap,0.4447586726998492
4L2Y-XXK,cam,0.5
4L2Y-XXK,diff,0.29925678186547755
4L2Y-XXK,gradcam,0.3716183574879227
4L2Y-XXK,gradinput,0.2769137866963954
4L2Y-XXK,ig,0.8090579710144928
4L2Y-XXK,shap,0.3645717205499813
4LTS-LTS,cam,0.5
4LTS-LTS,diff,0.6797619047619048
4LTS-LTS,gradcam,0.6601190476190476
4LTS-LTS,gradinput,0.5547619047619048
4LTS-LTS,ig,0.5797619047619048
4LTS-LTS,shap,0.5297619047619048
4LY1-20Y,cam,0.49645390070921985
4LY1-20Y,diff,0.6568133206431078
4LY1-20Y,gradcam,0.7660967705867581
4LY1-20Y,gradinput,0.639499457803588
4LY1-20Y,ig,0.6293343233737476
4LY1-20Y,shap,0.5172871576344668
4LYN-1YG,cam,0.5378234272706635
4LYN-1YG,diff,0.6262684203010837
4LYN-1YG,gradcam,0.6646089672471582
4LYN-1YG,gradinput,0.581531798742854
4LYN-1YG,ig,0.585025868882653
4LYN-1YG,shap,0.5330526397109312
4M0F-1YK,cam,0.5
4M0F-1YK,diff,0.7855020796197266
4M0F-1YK,gradcam,0.7977941176470588
4M0F-1YK,gradinput,0.8049242424242424
4M0F-1YK,ig,0.537448009506833
4M0F-1YK,shap,0.62465834818776
4MBI-26K,cam,0.516115598182736
4MBI-26K,diff,0.6074756123342695
4MBI-26K,gradcam,0.6479233761919274
4MBI-26K,gradinput,0.6712338211454819
4MBI-26K,ig,0.6544864930907334
4MBI-26K,shap,0.5212007270311156
4MPC-PV2,cam,0.6666666666666666
4MPC-PV2,diff,0.45655363155363154
4MPC-PV2,gradcam,0.7049163799163798
4MPC-PV2,gradinput,0.5516668516668516
4MPC-PV2,ig,0.5995791245791247
4MPC-PV2,shap,0.5322242572242571
4MQ1-2C3,cam,0.5019230769230769
4MQ1-2C3,diff,0.5109346793557321
4MQ1-2C3,gradcam,0.5401450158029105
4MQ1-2C3,gradinput,0.41525338696391334
4MQ1-2C3,ig,0.4410649292228239
4MQ1-2C3,shap,0.52226337259232
4MXC-DWF,cam,0.4935064935064935
4MXC-DWF,diff,0.5431030026804221
4MXC-DWF,gradcam,0.5212495053675544
4MXC-DWF,gradinput,0.47530362107480034
4MXC-DWF,ig,0.5990101213860813
4MXC-DWF,shap,0.5140258635212599
4MXO-DB8,cam,0.5085952899879532
4MXO-DB8,diff,0.6149061050607368
4MXO-DB8,gradcam,0.5373391949590046
4MXO-DB8,gradinput,0.4939618537516571
4MXO-DB8,ig,0.576137456302944
4MXO-DB8,shap,0.5288935996621618
4NR7-2LO,cam,0.5
4NR7-2LO,diff,0.575
4NR7-2LO,gradcam,0.5166666666666666
4NR7-2LO,gradinput,0.5121794871794871
4NR7-2LO,ig,0.6916666666666665
4NR7-2LO,shap,0.5493589743589743
4O04-2Q8,cam,0.9186991869918698
4O04-2Q8,diff,0.6020905923344947
4O04-2Q8,gradcam,0.6436701509872241
4O04-2Q8,gradinput,0.3195702671312427
4O04-2Q8,ig,0.7151567944250872
4O04-2Q8,shap,0.5128339140534263
4O1L-HO4,cam,0.5093942122303468
4O1L-HO4,diff,0.5570161476338102
4O1L-HO4,gradcam,0.508363942424975
4O1L-HO4,gradinput,0.5068871713895349
4O1L-HO4,ig,0.6359649446899973
4O1L-HO4,shap,0.4867024285975874
4OBO-2QV,cam,0.5
4OBO-2QV,diff,0.6577777777777778
4OBO-2QV,gradcam,0.44583333333333336
4OBO-2QV,gradinput,0.6252777777777777
4OBO-2QV,ig,0.8861111111111111
4OBO-2QV,shap,0.6591666666666666
4OBZ-2S4,cam,0.5184909083164897
4OBZ-2S4,diff,0.6163118959341725
4OBZ-2S4,gradcam,0.5377704379944149
4OBZ-2S4,gradinput,0.48692601366743044
4OBZ-2S4,ig,0.5368580291271602
4OBZ-2S4,shap,0.5268123829880643
4OCZ-2RU,cam,0.5709850646148724
4OCZ-2RU,diff,0.588020736608477
4OCZ-2RU,gradcam,0.5976696914196914
4OCZ-2RU,gradinput,0.538240338721108
4OCZ-2RU,ig,0.6424898185415013
4OCZ-2RU,shap,0.5485036964904754
4PHW-2W1,cam,0.5467595088349805
4PHW-2W1,diff,0.6708366486044066
4PHW-2W1,gradcam,0.5928143466781092
4PHW-2W1,gradinput,0.5433077816457395
4PHW-2W1,ig,0.5744862211718482
4PHW-2W1,shap,0.513926860279524
4PM0-32V,cam,0.5708812260536399
4PM0-32V,diff,0.7387081947426775
4PM0-32V,gradcam,0.6935179124834298
4PM0-32V,gradinput,0.5707804753781766
4PM0-32V,ig,0.666578111118341
4PM0-32V,shap,0.5626480798894592
4QHV-IXF,cam,0.4945054945054945
4QHV-IXF,diff,0.6007326007326006
4QHV-IXF,gradcam,0.5874934589220303
4QHV-IXF,gradinput,0.6021454735740451
4QHV-IXF,ig,0.5447671376242805
4QHV-IXF,shap,0.4631606488749346
4QO8-36U,cam,0.5
4QO8-36U,diff,0.7303422619047619
4QO8-36U,gradcam,0.6115823412698413
4QO8-36U,gradinput,0.5704464285714286
4QO8-36U,ig,0.5929662698412698
4QO8-36U,shap,0.6030952380952381
4QP7-363,cam,0.5673076923076923
4QP7-363,diff,0.4412533068783069
4QP7-363,gradcam,0.7235585402252069
4QP7-363,gradinput,0.6519476665309999
4QP7-363,ig,0.7222502035002035
4QP7-363,shap,0.46747049247049255
4RLI-3SH,cam,0.5
4RLI-3SH,diff,0.679946524064171
4RLI-3SH,gradcam,0.5360665478312536
4RLI-3SH,gradinput,0.5039512774806892
4RLI-3SH,ig,0.7831402257872845
4RLI-3SH,shap,0.5020944741532977
4RLS-49C,cam,0.5270833333333333
4RLS-49C,diff,0.7888888888888889
4RLS-49C,gradcam,0.6527777777777778
4RLS-49C,gradinput,0.5597222222222222
4RLS-49C,ig,0.5256944444444445
4RLS-49C,shap,0.3932539682539682
4RSS-4MG,cam,0.5402467435295718
4RSS-4MG,diff,0.619133737568081
4RSS-4MG,gradcam,0.665079486544133
4RSS-4MG,gradinput,0.6525733525733526
4RSS-4MG,ig,0.590062360011855
4RSS-4MG,shap,0.5123416706750039
4RX5-3YO,cam,0.5032879818594105
4RX5-3YO,diff,0.5635738910948995
4RX5-3YO,gradcam,0.5668412877971701
4RX5-3YO,gradinput,0.6060780081263275
4RX5-3YO,ig,0.4836542309231385
4RX5-3YO,shap,0.49780232605862856
4TPM-35E,cam,0.497265625
4TPM-35E,diff,0.4718186327561327
4TPM-35E,gradcam,0.6754007711038961
4TPM-35E,gradinput,0.5612813401875902
4TPM-35E,ig,0.5231646825396825
4TPM-35E,shap,0.5100316783910533
4TPT-35H,cam,0.4423076923076923
4TPT-35H,diff,0.6672847985347985
4TPT-35H,gradcam,0.4122023809523809
4TPT-35H,gradinput,0.4711996336996337
4TPT-35H,ig,0.6648809523809522
4TPT-35H,shap,0.548992673992674
4TV3-ML9,cam,0.5455449810896739
4TV3-ML9,diff,0.6330697080697081
4TV3-ML9,gradcam,0.6780025654048001
4TV3-ML9,gradinput,0.559242596323602
4TV3-ML9,ig,0.6346226275276555
4TV3-ML9,shap,0.5157705996672477
4TY1-38W,cam,0.5083927935214875
4TY1-38W,diff,0.6593466061530885
4TY1-38W,gradcam,0.5793400964039668
4TY1-38W,gradinput,0.5042170386545983
4TY1-38W,ig,0.5971054287307862
4TY1-38W,shap,0.5376555390378078
4U41-3C8,cam,0.49812260536398467
4U41-3C8,diff,0.6713355227148331
4U41-3C8,gradcam,0.5409934318555009
4U41-3C8,gradinput,0.5564449917898194
4U41-3C8,ig,0.6594854953475644
4U41-3C8,shap,0.524064039408867
4U43-3D8,cam,0.5158730158730159
4U43-3D8,diff,0.43415800249133585
4U43-3D8,gradcam,0.3733760683760684
4U43-3D8,gradinput,0.37785976369309704
4U43-3D8,ig,0.44064888814888814
4U43-3D8,shap,0.5276588534921868
4UYE-9F9,cam,0.5224545102593883
4UYE-9F9,diff,0.6813681237461725
4UYE-9F9,gradcam,0.5088871155944327
4UYE-9F9,gradinput,0.6818265406680041
4UYE-9F9,ig,0.6582601680162656
4UYE-9F9,shap,0.5520812859227493
4W4V-3H8,cam,0.6620541992442818
4W4V-3H8,diff,0.5502492915716056
4W4V-3H8,gradcam,0.4970087534137121
4W4V-3H8,gradinput,0.5019469281865976
4W4V-3H8,ig,0.5442248522827036
4W4V-3H8,shap,0.49258746304200857
4WOT-3SG,cam,0.5845864661654134
4WOT-3SG,diff,0.6834360416324782
4WOT-3SG,gradcam,0.5864556876024623
4WOT-3SG,gradinput,0.5568627171323512
4WOT-3SG,ig,0.5743507307346
4WOT-3SG,shap,0.5684338757323215
4WPF-3SN,cam,0.5031446540880503
4WPF-3SN,diff,0.6257310299763129
4WPF-3SN,gradcam,0.5652690426275331
4WPF-3SN,gradinput,0.5571063283327434
4WPF-3SN,ig,0.6637808906676831
4WPF-3SN,shap,0.4862193362193363
4WQP-3SX,cam,0.6593215308312107
4WQP-3SX,diff,0.7083335936835564
4WQP-3SX,gradcam,0.7014438568794488
4WQP-3SX,gradinput,0.5903228793213902
4WQP-3SX,ig,0.6676658856573228
4WQP-3SX,shap,0.5337964312927084
4WT6-3U6,cam,0.5132155044326319
4WT6-3U6,diff,0.6634164205333536
4WT6-3U6,gradcam,0.532533196874655
4WT6-3U6,gradinput,0.5910042348362923
4WT6-3U6,ig,0.5826509317966421
4WT6-3U6,shap,0.5266013316363362
4WY1-3VO,cam,0.5762900822429428
4WY1-3VO,diff,0.6542310243831787
4WY1-3VO,gradcam,0.5650310680350497
4WY1-3VO,gradinput,0.5504667168084952
4WY1-3VO,ig,0.5943995091166491
4WY1-3VO,shap,0.5259748058146527
4X6X-S74,cam,0.4915254237288136
4X6X-S74,diff,0.6877719737889229
4X6X-S74,gradcam,0.49419154292035655
4X6X-S74,gradinput,0.6123733611021747
4X6X-S74,ig,0.5036841689384063
4X6X-S74,shap,0.5390271216542403
4X7I-3YS,cam,0.5573742041765298
4X7I-3YS,diff,0.5995516042198669
4X7I-3YS,gradcam,0.5778408931680706
4X7I-3YS,gradinput,0.5557808675170737
4X7I-3YS,ig,0.6018748516012539
4X7I-3YS,shap,0.5278355848522287
4XHK-3YR,cam,0.5834004719289951
4XHK-3YR,diff,0.6421309374037293
4XHK-3YR,gradcam,0.6134809237817057
4XHK-3YR,gradinput,0.6423025461989386
4XHK-3YR,ig,0.6862535673358492
4XHK-3YR,shap,0.5142483015572583
4XJ0-41B,cam,0.5
4XJ0-41B,diff,0.7478379574970485
4XJ0-41B,gradcam,0.6134953430407977
4XJ0-41B,gradinput,0.645594746162928
4XJ0-41B,ig,0.8455578512396692
4XJ0-41B,shap,0.5480084940312213
4XMO-46G,cam,0.4722222222222222
4XMO-46G,diff,0.5194346933930267
4XMO-46G,gradcam,0.5005040869624202
4XMO-46G,gradinput,0.5326554232804233
4XMO-46G,ig,0.6507694851444852
4XMO-46G,shap,0.4648271096187762
4XT9-43V,cam,0.5267857142857143
4XT9-43V,diff,0.5855181277056277
4XT9-43V,gradcam,0.6379068104514535
4XT9-43V,gradinput,0.5678851654298083
4XT9-43V,ig,0.6184514146567717
4XT9-43V,shap,0.5124294604205318
4Y73-XPY,cam,0.5070764938512379
4Y73-XPY,diff,0.6777829347368596
4Y73-XPY,gradcam,0.5708284368267303
4Y73-XPY,gradinput,0.49603627790487864
4Y73-XPY,ig,0.536785730386413
4Y73-XPY,shap,0.5250819667628542
4YFF-4CV,cam,0.5964912280701754
4YFF-4CV,diff,0.4925127138942928
4YFF-4CV,gradcam,0.5310213361200203
4YFF-4CV,gradinput,0.5004097328110485
4YFF-4CV,ig,0.41952495603811396
4YFF-4CV,shap,0.4917764800988486
4YL0-4DZ,cam,0.5079365079365079
4YL0-4DZ,diff,0.5957471981281506
4YL0-4DZ,gradcam,0.5473445425826378
4YL0-4DZ,gradinput,0.6366194211432306
4YL0-4DZ,ig,0.510318253175396
4YL0-4DZ,shap,0.52289615146758
4YPQ-4F1,cam,0.5041558527451384
4YPQ-4F1,diff,0.5846021339771339
4YPQ-4F1,gradcam,0.5027706110027539
4YPQ-4F1,gradinput,0.5325327483363197
4YPQ-4F1,ig,0.5286389820496964
4YPQ-4F1,shap,0.5145316713709571
4ZAU-YY3,cam,0.5703982816368137
4ZAU-YY3,diff,0.3867797273277717
4ZAU-YY3,gradcam,0.3413758018900461
4ZAU-YY3,gradinput,0.28536128687021967
4ZAU-YY3,ig,0.410130047805084
4ZAU-YY3,shap,0.49499314731086824
4ZIM-4OK,cam,0.525938592713837
4ZIM-4OK,diff,0.6141921729246888
4ZIM-4OK,gradcam,0.5572108813989441
4ZIM-4OK,gradinput,0.5091254886881443
4ZIM-4OK,ig,0.6048058345074057
4ZIM-4OK,shap,0.519677434613246
4ZJW-4P1,cam,0.68
4ZJW-4P1,diff,0.7524761904761905
4ZJW-4P1,gradcam,0.6472380952380952
4ZJW-4P1,gradinput,0.6829523809523809
4ZJW-4P1,ig,0.6450476190476191
4ZJW-4P1,shap,0.48876190476190473
4ZZI-1NS,cam,0.5
4ZZI-1NS,diff,0.5168109668109667
4ZZI-1NS,gradcam,0.41468962585034014
4ZZI-1NS,gradinput,0.38851976396619253
4ZZI-1NS,ig,0.5039411976911977
4ZZI-1NS,shap,0.5270073180787466
5A09-JJD,cam,0.5321685891665305
5A09-JJD,diff,0.6094902938060468
5A09-JJD,gradcam,0.5607187070341358
5A09-JJD,gradinput,0.5477263640995222
5A09-JJD,ig,0.5265124299370162
5A09-JJD,shap,0.5168616015758601
5AM3-AUB,cam,0.47619047619047616
5AM3-AUB,diff,0.6863662131519275
5AM3-AUB,gradcam,0.6255033326461897
5AM3-AUB,gradinput,0.5871486978629835
5AM3-AUB,ig,0.5278138528138528
5AM3-AUB,shap,0.5964998625712911
5AXP-4LK,cam,0.5142857142857142
5AXP-4LK,diff,0.7263485720628577
5AXP-4LK,gradcam,0.49358173572459285
5AXP-4LK,gradinput,0.5708946608946609
5AXP-4LK,ig,0.44279054279054275
5AXP-4LK,shap,0.45428103642389356
5CF4-50Y,cam,0.5245901639344263
5CF4-50Y,diff,0.6872810624498183
5CF4-50Y,gradcam,0.5788446526151444
5CF4-50Y,gradinput,0.5894808743169399
5CF4-50Y,ig,0.5041720413947994
5CF4-50Y,shap,0.5097653418048789
5D1J-56H,cam,0.5092102342102343
5D1J-56H,diff,0.7173500881834215
5D1J-56H,gradcam,0.575589688089688
5D1J-56H,gradinput,0.5334238292571626
5D1J-56H,ig,0.6064182730849398
5D1J-56H,shap,0.5135597427264094
5DXU-5H5,cam,0.5234295107711809
5DXU-5H5,diff,0.581212001773684
5DXU-5H5,gradcam,0.5916753160921371
5DXU-5H5,gradinput,0.5904811642818977
5DXU-5H5,ig,0.6386891992477177
5DXU-5H5,shap,0.5530796176816889
5E1E-5JG,cam,0.7801587301587302
5E1E-5JG,diff,0.44311224489795925
5E1E-5JG,gradcam,0.6082199546485262
5E1E-5JG,gradinput,0.47667233560090705
5E1E-5JG,ig,0.485969387755102
5E1E-5JG,shap,0.5983560090702946
5EDH-5MF,cam,0.5058949220713927
5EDH-5MF,diff,0.5980584774702421
5EDH-5MF,gradcam,0.42335328070622186
5EDH-5MF,gradinput,0.4708304767128296
5EDH-5MF,ig,0.6423420533714651
5EDH-5MF,shap,0.5249638977580154
5EK2-5PJ,cam,0.5
5EK2-5PJ,diff,0.5766788766788767
5EK2-5PJ,gradcam,0.6509768009768009
5EK2-5PJ,gradinput,0.5628205128205128
5EK2-5PJ,ig,0.6696581196581197
5EK2-5PJ,shap,0.5957264957264957
5EOL-5QO,cam,0.5125562189899464
5EOL-5QO,diff,0.6501695337947592
5EOL-5QO,gradcam,0.5290520112955699
5EOL-5QO,gradinput,0.5646184559078474
5EOL-5QO,ig,0.5237253058573279
5EOL-5QO,shap,0.5463717485664772
5FTO-YMX,cam,0.7262667887667887
5FTO-YMX,diff,0.8009615384615384
5FTO-YMX,gradcam,0.5628205128205128
5FTO-YMX,gradinput,0.5576923076923077
5FTO-YMX,ig,0.7018162393162393
5FTO-YMX,shap,0.5163919413919413
5HDU-60W,cam,0.5
5HDU-60W,diff,0.7778399890365131
5HDU-60W,gradcam,0.659922979575386
5HDU-60W,gradinput,0.6350379233066398
5HDU-60W,ig,0.6849410170934236
5HDU-60W,shap,0.5091939613664214
5IIS-6CB,cam,0.63025
5IIS-6CB,diff,0.6808928571428571
5IIS-6CB,gradcam,0.8282083333333334
5IIS-6CB,gradinput,0.7430892857142858
5IIS-6CB,ig,0.724107142857143
5IIS-6CB,shap,0.4909702380952381
830C-RS1,cam,0.47368421052631576
830C-RS1,diff,0.6286897800055694
830C-RS1,gradcam,0.4760588339535708
830C-RS1,gradinput,0.5496170983013088
830C-RS1,ig,0.5563770537454749
830C-RS1,shap,0.5196501354396091
966C-RS2,cam,0.5644232714326173
966C-RS2,diff,0.6201409960755755
966C-RS2,gradcam,0.5895223934943561
966C-RS2,gradinput,0.5057389650847595
966C-RS2,ig,0.5689869320710442
966C-RS2,shap,0.5274891774891775
